run,step,segment,loss,accuracy,exact,count
baseline,16,16,2.460362434387207,0.09934413433074951,0.0,128.0
baseline,32,16,2.4202327728271484,0.11738040298223495,0.0,128.0
baseline,48,16,2.3589940071105957,0.14400076866149902,0.0,128.0
baseline,64,16,2.2867417335510254,0.18981482088565826,0.0,128.0
baseline,80,16,2.1907975673675537,0.24807099997997284,0.0,128.0
baseline,96,16,2.106431007385254,0.3143325448036194,0.0,128.0
baseline,112,16,2.01914644241333,0.35484182834625244,0.0,128.0
baseline,128,16,1.9335100650787354,0.38744214177131653,0.0,128.0
baseline,144,16,1.8600393533706665,0.39525461196899414,0.0,128.0
baseline,160,16,1.79022216796875,0.39293980598449707,0.0,128.0
baseline,176,16,1.729500651359558,0.4004629850387573,0.0,128.0
baseline,192,16,1.6795966625213623,0.4015239179134369,0.0,128.0
baseline,208,16,1.6498439311981201,0.40162038803100586,0.0,128.0
baseline,224,16,1.6291205883026123,0.40470680594444275,0.0,128.0
baseline,240,16,1.5941563844680786,0.4236111044883728,0.0,128.0
baseline,256,16,1.5828852653503418,0.4202353358268738,0.0,128.0
baseline,272,16,1.5505378246307373,0.43508872389793396,0.0,128.0
baseline,288,16,1.5276286602020264,0.4440586566925049,0.0,128.0
baseline,304,16,1.488889217376709,0.45543983578681946,0.0,128.0
baseline,320,16,1.4569611549377441,0.4648919701576233,0.0,128.0
baseline,336,16,1.4384777545928955,0.4656635820865631,0.0,128.0
baseline,352,16,1.412147045135498,0.47424769401550293,0.0,128.0
baseline,368,16,1.3863548040390015,0.48109567165374756,0.0,128.0
baseline,384,16,1.3731046915054321,0.4752122163772583,0.0,128.0
baseline,400,16,1.3530734777450562,0.48061344027519226,0.0,128.0
baseline,416,16,1.3572931289672852,0.47202932834625244,0.0,128.0
baseline,432,16,1.3595638275146484,0.4700038433074951,0.0,128.0
baseline,448,16,1.3412648439407349,0.4790702164173126,0.0,128.0
baseline,464,16,1.331892967224121,0.47945600748062134,0.0,128.0
baseline,480,16,1.3417953252792358,0.47029322385787964,0.0,128.0
baseline,496,16,1.3266263008117676,0.47598379850387573,0.0,128.0
baseline,512,16,1.3248692750930786,0.4786844253540039,0.0,128.0
baseline,528,16,1.3184212446212769,0.4748263955116272,0.0,128.0
baseline,544,16,1.3039854764938354,0.48292821645736694,0.0,128.0
baseline,560,16,1.2919093370437622,0.48234954476356506,0.0,128.0
baseline,576,16,1.3147821426391602,0.4851466119289398,0.0,128.0
baseline,592,16,1.2923076152801514,0.4864969253540039,0.0,128.0
baseline,608,16,1.3002477884292603,0.47771990299224854,0.0,128.0
baseline,624,16,1.2894461154937744,0.48369985818862915,0.0,128.0
baseline,640,16,1.289744257926941,0.4813850522041321,0.0,128.0
baseline,656,16,1.2918682098388672,0.4882330298423767,0.0,128.0
baseline,672,16,1.2994129657745361,0.48196375370025635,0.0,128.0
baseline,688,16,1.2837820053100586,0.48591822385787964,0.0,128.0
baseline,704,16,1.3001335859298706,0.48890817165374756,0.0,128.0
baseline,720,16,1.2969286441802979,0.48292824625968933,0.0,128.0
baseline,736,16,1.304152488708496,0.48379629850387573,0.0,128.0
baseline,752,16,1.2842284440994263,0.4883294701576233,0.0,128.0
baseline,768,16,1.286155343055725,0.4900655746459961,0.0,128.0
baseline,784,16,1.2866458892822266,0.4856288433074951,0.0,128.0
baseline,800,16,1.2972359657287598,0.4830246865749359,0.0,128.0
baseline,816,16,1.2999203205108643,0.4831211566925049,0.0,128.0
baseline,832,16,1.2882604598999023,0.4886188507080078,0.0,128.0
baseline,848,16,1.3069849014282227,0.4791666865348816,0.0,128.0
baseline,864,16,1.2817463874816895,0.4881365895271301,0.0,128.0
baseline,880,16,1.2828181982040405,0.4796489477157593,0.0,128.0
baseline,896,16,1.2797596454620361,0.47800925374031067,0.0,128.0
baseline,912,16,1.2803831100463867,0.4860146641731262,0.0,128.0
baseline,928,16,1.2631194591522217,0.49141591787338257,0.0,128.0
baseline,944,16,1.269932508468628,0.48765432834625244,0.0,128.0
baseline,960,16,1.2627533674240112,0.4904513955116272,0.0,128.0
baseline,976,16,1.2681727409362793,0.48678627610206604,0.0,128.0
baseline,992,16,1.241829514503479,0.49623844027519226,0.0,128.0
baseline,1008,16,1.2490451335906982,0.4965277910232544,0.0,128.0
baseline,1024,16,1.2487107515335083,0.49710649251937866,0.0,128.0
baseline,1040,16,1.2545384168624878,0.49276620149612427,0.0,128.0
baseline,1056,16,1.234194278717041,0.5009645223617554,0.0,128.0
baseline,1072,16,1.2504749298095703,0.4922839403152466,0.0,128.0
baseline,1088,16,1.243389368057251,0.4991319477558136,0.0,128.0
baseline,1104,16,1.2415046691894531,0.4964313507080078,0.0,128.0
baseline,1120,16,1.2406038045883179,0.4920910596847534,0.0,128.0
baseline,1136,16,1.2704739570617676,0.4829282760620117,0.0,128.0
baseline,1152,16,1.2624503374099731,0.4883294999599457,0.0,128.0
baseline,1168,16,1.2669711112976074,0.48591822385787964,0.0,128.0
baseline,1184,16,1.2560303211212158,0.49286264181137085,0.0,128.0
baseline,1200,16,1.244706630706787,0.49546682834625244,0.0,128.0
baseline,1216,16,1.242682933807373,0.4978780746459961,0.0,128.0
baseline,1232,16,1.2405980825424194,0.5051118731498718,0.0,128.0
baseline,1248,16,1.2346478700637817,0.5026041865348816,0.0,128.0
baseline,1264,16,1.245764970779419,0.4994213283061981,0.0,128.0
baseline,1280,16,1.2617769241333008,0.49103009700775146,0.0,128.0
baseline,1296,16,1.263215184211731,0.4948881268501282,0.0,128.0
baseline,1312,16,1.25252103805542,0.49768519401550293,0.0,128.0
baseline,1328,16,1.2660880088806152,0.494695246219635,0.0,128.0
baseline,1344,16,1.2898484468460083,0.4808063209056854,0.0,128.0
baseline,1360,16,1.259320616722107,0.49459877610206604,0.0,128.0
baseline,1376,16,1.2580301761627197,0.49585264921188354,0.0,128.0
baseline,1392,16,1.2366764545440674,0.4972994029521942,0.0,128.0
baseline,1408,16,1.2172808647155762,0.5021219253540039,0.0,128.0
baseline,1424,16,1.21295964717865,0.5117669701576233,0.0,128.0
baseline,1440,16,1.2086471319198608,0.503375768661499,0.0,128.0
baseline,1456,16,1.2314938306808472,0.5011574029922485,0.0,128.0
baseline,1472,16,1.2282205820083618,0.5074267387390137,0.0,128.0
baseline,1488,16,1.2340426445007324,0.5086805820465088,0.0,128.0
baseline,1504,16,1.2457255125045776,0.5023148059844971,0.0,128.0
baseline,1520,16,1.233682632446289,0.5148533582687378,0.0,128.0
baseline,1536,16,1.2179286479949951,0.5186149477958679,0.0,128.0
baseline,1552,16,1.2196844816207886,0.52064049243927,0.0,128.0
baseline,1568,16,1.1882423162460327,0.5344328880310059,0.0,128.0
baseline,1584,16,1.1778876781463623,0.5382909178733826,0.0,128.0
baseline,1600,16,1.170720100402832,0.5425347089767456,0.0,128.0
baseline,1616,16,1.1590778827667236,0.5509259700775146,0.0,128.0
baseline,1632,16,1.165021300315857,0.5492862462997437,0.0,128.0
baseline,1648,16,1.1674712896347046,0.5475502014160156,0.0,128.0
baseline,1664,16,1.1505944728851318,0.5499614477157593,0.0,128.0
baseline,1680,16,1.1371487379074097,0.5705053806304932,0.0,128.0
baseline,1696,16,1.1391916275024414,0.5733988881111145,0.0,128.0
baseline,1712,16,1.1386935710906982,0.5774498581886292,0.0,128.0
baseline,1728,16,1.130790114402771,0.5880594253540039,0.0,128.0
baseline,1744,16,1.1369335651397705,0.5820794701576233,0.0,128.0
baseline,1760,16,1.1191072463989258,0.6024305820465088,0.0,128.0
baseline,1776,16,1.1459689140319824,0.5986689925193787,0.0,128.0
baseline,1792,16,1.1209121942520142,0.6186342239379883,0.0,128.0
baseline,1808,16,1.11589515209198,0.639564037322998,0.0,128.0
baseline,1824,16,1.1458663940429688,0.6174768209457397,0.0,128.0
baseline,1840,16,1.09854257106781,0.6242284178733826,0.0,128.0
baseline,1856,16,1.1133242845535278,0.6201775074005127,0.0,128.0
baseline,1872,16,1.120310664176941,0.6252893209457397,0.0,128.0
baseline,1888,16,1.0978740453720093,0.6345486640930176,0.0,128.0
baseline,1904,16,1.096861720085144,0.6445795297622681,0.0,128.0
baseline,1920,16,1.1462435722351074,0.6365740895271301,0.0,128.0
baseline,1936,16,1.1119587421417236,0.6541281342506409,0.0,128.0
baseline,1952,16,1.079759955406189,0.6721643805503845,0.0,128.0
baseline,1968,16,1.088658332824707,0.6602044701576233,0.0,128.0
baseline,1984,16,1.0821480751037598,0.6607831716537476,0.0,128.0
baseline,2000,16,1.0785502195358276,0.6580826044082642,0.0,128.0
baseline,2016,16,1.116316795349121,0.6355130672454834,0.0,128.0
baseline,2032,16,1.0579736232757568,0.6547067761421204,0.0,128.0
baseline,2048,16,1.082561731338501,0.654321014881134,0.0,128.0
baseline,2064,16,1.1055653095245361,0.6447724103927612,0.0,128.0
baseline,2080,16,1.1026049852371216,0.6446759700775146,0.0,128.0
baseline,2096,16,1.0896307229995728,0.6581790447235107,0.0,128.0
baseline,2112,16,1.066716194152832,0.6735146641731262,0.0,128.0
baseline,2128,16,1.0381664037704468,0.6882716417312622,0.0,128.0
baseline,2144,16,1.0400727987289429,0.6921296119689941,0.0,128.0
baseline,2160,16,1.0051116943359375,0.7137346267700195,0.0,128.0
baseline,2176,16,1.0104292631149292,0.706500768661499,0.0,128.0
baseline,2192,16,1.0279276371002197,0.6983025074005127,0.0,128.0
baseline,2208,16,0.9991498589515686,0.7133487462997437,0.0,128.0
baseline,2224,16,1.0244629383087158,0.6987847089767456,0.0,128.0
baseline,2240,16,1.0024633407592773,0.7110339403152466,0.0,128.0
baseline,2256,16,1.0138815641403198,0.7089120149612427,0.0,128.0
baseline,2272,16,1.0090925693511963,0.7078511118888855,0.0,128.0
baseline,2288,16,1.0122615098953247,0.7071759700775146,0.0,128.0
baseline,2304,16,1.0214351415634155,0.7019675970077515,0.0,128.0
baseline,2320,16,1.025159478187561,0.702064037322998,0.0,128.0
baseline,2336,16,0.9804844856262207,0.7220293283462524,0.0,128.0
baseline,2352,16,0.9970545768737793,0.7157599925994873,0.0,128.0
baseline,2368,16,1.0023032426834106,0.7113232612609863,0.0,128.0
baseline,2384,16,0.995456874370575,0.7170138955116272,0.0,128.0
baseline,2400,16,0.9959691166877747,0.7139275074005127,0.0,128.0
baseline,2416,16,1.0143368244171143,0.7022569179534912,0.0,128.0
baseline,2432,16,0.9951126575469971,0.7119020223617554,0.0,128.0
baseline,2448,16,0.9920985102653503,0.7135416269302368,0.0,128.0
baseline,2464,16,0.9918293952941895,0.7102623581886292,0.0,128.0
baseline,2480,16,0.9701841473579407,0.7243441939353943,0.0,128.0
baseline,2496,16,0.9630018472671509,0.7244405746459961,0.0,128.0
baseline,2512,16,0.9963051676750183,0.7065008282661438,0.0,128.0
baseline,2528,16,1.0054713487625122,0.7072724103927612,0.0,128.0
baseline,2544,16,0.9958537817001343,0.7099729776382446,0.0,128.0
baseline,2560,16,0.9792815446853638,0.711805522441864,0.0,128.0
baseline,2576,16,1.0070781707763672,0.6996527910232544,0.0,128.0
baseline,2592,16,1.025688886642456,0.688560962677002,0.0,128.0
baseline,2608,16,1.0374144315719604,0.6804591417312622,0.0,128.0
baseline,2624,16,1.0691744089126587,0.6618441343307495,0.0,128.0
baseline,2640,16,1.0537943840026855,0.6701388955116272,0.0,128.0
baseline,2656,16,1.0350091457366943,0.6784336566925049,0.0,128.0
baseline,2672,16,1.05997633934021,0.6677276492118835,0.0,128.0
baseline,2688,16,1.0887136459350586,0.6490162014961243,0.0,128.0
baseline,2704,16,1.0730133056640625,0.6608796119689941,0.0,128.0
baseline,2720,16,1.0301796197891235,0.6857638955116272,0.0,128.0
baseline,2736,16,0.9952417016029358,0.7024498581886292,0.0,128.0
baseline,2752,16,0.9842901229858398,0.7096836566925049,0.0,128.0
baseline,2768,16,0.9667629599571228,0.7185571193695068,0.0,128.0
baseline,2784,16,0.9604799747467041,0.7197145223617554,0.0,128.0
baseline,2800,16,0.9546041488647461,0.724633514881134,0.0,128.0
baseline,2816,16,0.937511146068573,0.7361111640930176,0.0,128.0
baseline,2832,16,0.9487980008125305,0.7297453880310059,0.0,128.0
baseline,2848,16,0.9417359828948975,0.7291666865348816,0.0,128.0
baseline,2864,16,0.9483644962310791,0.7279127836227417,0.0,128.0
baseline,2880,16,0.9371222853660583,0.7294560074806213,0.0,128.0
baseline,2896,16,0.949884295463562,0.7196180820465088,0.0,128.0
baseline,2912,16,0.9399334788322449,0.7261767387390137,0.0,128.0
baseline,2928,16,0.9449598789215088,0.724633514881134,0.0,128.0
baseline,2944,16,0.9570960402488708,0.7145061492919922,0.0,128.0
baseline,2960,16,0.9686679244041443,0.71595299243927,0.0,128.0
baseline,2976,16,0.9606019854545593,0.7116127014160156,0.0,128.0
baseline,2992,16,0.9448842406272888,0.7238619327545166,0.0,128.0
baseline,3008,16,0.9533504247665405,0.7151813507080078,0.0,128.0
baseline,3024,16,0.9433567523956299,0.7228974103927612,0.0,128.0
baseline,3040,16,0.9243332743644714,0.7314815521240234,0.0,128.0
baseline,3056,16,0.9564231634140015,0.7136381268501282,0.0,128.0
baseline,3072,16,0.934761643409729,0.7271412014961243,0.0,128.0
baseline,3088,16,0.9586543440818787,0.7201002836227417,0.0,128.0
baseline,3104,16,0.9472572803497314,0.7242476940155029,0.0,128.0
baseline,3120,16,0.9228777885437012,0.7320601940155029,0.0,128.0
baseline,3136,16,0.9361476302146912,0.7265625,0.0,128.0
baseline,3152,16,0.9300007224082947,0.7266589403152466,0.0,128.0
baseline,3168,16,0.9255759716033936,0.7342785596847534,0.0,128.0
baseline,3184,16,0.9175698161125183,0.7338927388191223,0.0,128.0
baseline,3200,16,0.9232738614082336,0.7321566343307495,0.0,128.0
baseline,3216,16,0.9195507764816284,0.7305169701576233,0.0,128.0
baseline,3232,16,0.8962681293487549,0.7412229776382446,0.0,128.0
baseline,3248,16,0.9026918411254883,0.7407407164573669,0.0,128.0
baseline,3264,16,0.9066542983055115,0.7383295297622681,0.0,128.0
baseline,3280,16,0.8892397880554199,0.7415123581886292,0.0,128.0
baseline,3296,16,0.9183512330055237,0.7311921715736389,0.0,128.0
baseline,3312,16,0.9108334183692932,0.734375,0.0,128.0
baseline,3328,16,0.9522880911827087,0.7128665447235107,0.0,128.0
baseline,3344,16,0.9505113363265991,0.7151813507080078,0.0,128.0
baseline,3360,16,0.9349358677864075,0.7207754850387573,0.0,128.0
baseline,3376,16,0.9587633013725281,0.7120949029922485,0.0,128.0
baseline,3392,16,0.9485360980033875,0.711998462677002,0.0,128.0
baseline,3408,16,0.9147544503211975,0.7339892387390137,0.0,128.0
baseline,3424,16,0.9306622743606567,0.7224150896072388,0.0,128.0
baseline,3440,16,0.9361116886138916,0.7211613059043884,0.0,128.0
baseline,3456,16,0.9303356409072876,0.7240548133850098,0.0,128.0
baseline,3472,16,0.9337228536605835,0.7208719253540039,0.0,128.0
baseline,3488,16,0.9330393075942993,0.7204861640930176,0.0,128.0
baseline,3504,16,0.9463803172111511,0.7160493731498718,0.0,128.0
baseline,3520,16,0.9393377900123596,0.7137345671653748,0.0,128.0
baseline,3536,16,0.9028317332267761,0.7371720671653748,0.0,128.0
baseline,3552,16,0.9248011112213135,0.7254050970077515,0.0,128.0
baseline,3568,16,0.9123464822769165,0.7329282760620117,0.0,128.0
baseline,3584,16,0.9222701191902161,0.7217400074005127,0.0,128.0
baseline,3600,16,0.9174484610557556,0.7268518805503845,0.0,128.0
baseline,3616,16,0.9233632683753967,0.7252122163772583,0.0,128.0
baseline,3632,16,0.9200087785720825,0.7267554402351379,0.0,128.0
baseline,3648,16,0.9341174364089966,0.7190393209457397,0.0,128.0
baseline,3664,16,0.9349995851516724,0.7139275074005127,0.0,128.0
baseline,3680,16,0.9374178647994995,0.7145061492919922,0.0,128.0
baseline,3696,16,0.9282529950141907,0.7177854776382446,0.0,128.0
baseline,3712,16,0.904917299747467,0.7288773059844971,0.0,128.0
baseline,3728,16,0.9457880854606628,0.7126736640930176,0.0,128.0
baseline,3744,16,0.9403550624847412,0.7131558656692505,0.0,128.0
baseline,3760,16,0.9330050945281982,0.7148919701576233,0.0,128.0
baseline,3776,16,0.9362368583679199,0.7185571193695068,0.0,128.0
baseline,3792,16,0.937476634979248,0.7148920297622681,0.0,128.0
baseline,3808,16,0.9400695562362671,0.713638186454773,0.0,128.0
baseline,3824,16,0.9275019764900208,0.717881977558136,0.0,128.0
baseline,3840,16,0.9260760545730591,0.722125768661499,0.0,128.0
baseline,3856,16,0.9342198371887207,0.7106481790542603,0.0,128.0
baseline,3872,16,0.9368864893913269,0.7158564925193787,0.0,128.0
baseline,3888,16,0.962562084197998,0.7002315521240234,0.0,128.0
baseline,3904,16,0.9188477993011475,0.7252122163772583,0.0,128.0
baseline,3920,16,0.9237450957298279,0.7151813507080078,0.0,128.0
baseline,3936,16,0.950045645236969,0.7069830298423767,0.0,128.0
baseline,3952,16,0.9232563972473145,0.7185571193695068,0.0,128.0
baseline,3968,16,0.9508435130119324,0.7102624177932739,0.0,128.0
baseline,3984,16,0.9190082550048828,0.7188464403152466,0.0,128.0
baseline,4000,16,0.9380330443382263,0.7106481790542603,0.0,128.0
baseline,4016,16,0.9358586072921753,0.7129629850387573,0.0,128.0
baseline,4032,16,0.9279425144195557,0.7180747985839844,0.0,128.0
baseline,4048,16,0.9392544031143188,0.7083333730697632,0.0,128.0
baseline,4064,16,0.9573349356651306,0.7034143805503845,0.0,128.0
baseline,4080,16,0.9412127137184143,0.7090084552764893,0.0,128.0
baseline,4096,16,0.956610918045044,0.6999421119689941,0.0,128.0
baseline,4112,16,0.940239429473877,0.7095872163772583,0.0,128.0
baseline,4128,16,0.9492690563201904,0.7042824029922485,0.0,128.0
baseline,4144,16,0.9211362600326538,0.724826455116272,0.0,128.0
baseline,4160,16,0.8947631120681763,0.735435962677002,0.0,128.0
baseline,4176,16,0.8867636919021606,0.7418981790542603,0.0,128.0
baseline,4192,16,0.9028998017311096,0.7330247163772583,0.0,128.0
baseline,4208,16,0.8961740732192993,0.7350502014160156,0.0,128.0
baseline,4224,16,0.9153031706809998,0.7282986640930176,0.0,128.0
baseline,4240,16,0.9008721709251404,0.7379436492919922,0.0,128.0
baseline,4256,16,0.8871837854385376,0.7361111640930176,0.0,128.0
baseline,4272,16,0.8812782764434814,0.7417052984237671,0.0,128.0
baseline,4288,16,0.8966076970100403,0.7385224103927612,0.0,128.0
baseline,4304,16,0.8816515207290649,0.7409336566925049,0.0,128.0
baseline,4320,16,0.888422966003418,0.7414159178733826,0.0,128.0
baseline,4336,16,0.8989452719688416,0.7334105372428894,0.0,128.0
baseline,4352,16,0.9061718583106995,0.7322531342506409,0.0,128.0
baseline,4368,16,0.9077732563018799,0.7228009700775146,0.0,128.0
baseline,4384,16,0.9034514427185059,0.7320601940155029,0.0,128.0
baseline,4400,16,0.8919171094894409,0.7351465821266174,0.0,128.0
baseline,4416,16,0.8894399404525757,0.7364004850387573,0.0,128.0
baseline,4432,16,0.901638925075531,0.7274305820465088,0.0,128.0
baseline,4448,16,0.9034916162490845,0.7293596267700195,0.0,128.0
baseline,4464,16,0.8961173892021179,0.7330247163772583,0.0,128.0
baseline,4480,16,0.9056352972984314,0.7250193357467651,0.0,128.0
baseline,4496,16,0.888615608215332,0.7401620149612427,0.0,128.0
baseline_ng0,16,16,2.4606127738952637,0.0989583358168602,0.0,128.0
baseline_ng0,32,16,2.420686960220337,0.11699460446834564,0.0,128.0
baseline_ng0,48,16,2.35882306098938,0.1445794701576233,0.0,128.0
baseline_ng0,64,16,2.2853589057922363,0.1913580298423767,0.0,128.0
baseline_ng0,80,16,2.1881837844848633,0.24980710446834564,0.0,128.0
baseline_ng0,96,16,2.102245569229126,0.31712961196899414,0.0,128.0
baseline_ng0,112,16,2.0133261680603027,0.35522761940956116,0.0,128.0
baseline_ng0,128,16,1.9264757633209229,0.3870563507080078,0.0,128.0
baseline_ng0,144,16,1.8515634536743164,0.3940972089767456,0.0,128.0
baseline_ng0,160,16,1.780160903930664,0.39303627610206604,0.0,128.0
baseline_ng0,176,16,1.7181452512741089,0.4027777910232544,0.0,128.0
baseline_ng0,192,16,1.666929841041565,0.400945246219635,0.0,128.0
baseline_ng0,208,16,1.6366723775863647,0.40084874629974365,0.0,128.0
baseline_ng0,224,16,1.616284728050232,0.4041281044483185,0.0,128.0
baseline_ng0,240,16,1.5803759098052979,0.4200424551963806,0.0,128.0
baseline_ng0,256,16,1.570472002029419,0.42264658212661743,0.0,128.0
baseline_ng0,272,16,1.5588138103485107,0.4249614179134369,0.0,128.0
baseline_ng0,288,16,1.5474045276641846,0.4335455298423767,0.0,128.0
baseline_ng0,304,16,1.513421654701233,0.44164738059043884,0.0,128.0
baseline_ng0,320,16,1.4884545803070068,0.4461805522441864,0.0,128.0
baseline_ng0,336,16,1.462863802909851,0.4574652910232544,0.0,128.0
baseline_ng0,352,16,1.4351701736450195,0.46421682834625244,0.0,128.0
baseline_ng0,368,16,1.4137859344482422,0.4695216417312622,0.0,128.0
baseline_ng0,384,16,1.3945331573486328,0.4705825746059418,0.0,128.0
baseline_ng0,400,16,1.3745033740997314,0.4752122163772583,0.0,128.0
baseline_ng0,416,16,1.3756840229034424,0.4718364477157593,0.0,128.0
baseline_ng0,432,16,1.3617547750473022,0.47511574625968933,0.0,128.0
baseline_ng0,448,16,1.3390686511993408,0.4808063507080078,0.0,128.0
baseline_ng0,464,16,1.3339260816574097,0.47675541043281555,0.0,128.0
baseline_ng0,480,16,1.3499271869659424,0.47116127610206604,0.0,128.0
baseline_ng0,496,16,1.3342162370681763,0.4744406044483185,0.0,128.0
baseline_ng0,512,16,1.3330994844436646,0.4748263955116272,0.0,128.0
baseline_ng0,528,16,1.330562949180603,0.46797841787338257,0.0,128.0
baseline_ng0,544,16,1.320563793182373,0.48022764921188354,0.0,128.0
baseline_ng0,560,16,1.3016525506973267,0.48148149251937866,0.0,128.0
baseline_ng0,576,16,1.32064688205719,0.4821566343307495,0.0,128.0
baseline_ng0,592,16,1.3067079782485962,0.4821566343307495,0.0,128.0
baseline_ng0,608,16,1.3072901964187622,0.4764660596847534,0.0,128.0
baseline_ng0,624,16,1.2908258438110352,0.4779128432273865,0.0,128.0
baseline_ng0,640,16,1.2877408266067505,0.48119214177131653,0.0,128.0
baseline_ng0,656,16,1.2701486349105835,0.4891975522041321,0.0,128.0
baseline_ng0,672,16,1.2828136682510376,0.4844714403152466,0.0,128.0
baseline_ng0,688,16,1.2572808265686035,0.49373072385787964,0.0,128.0
baseline_ng0,704,16,1.2654681205749512,0.49546682834625244,0.0,128.0
baseline_ng0,720,16,1.2577277421951294,0.49247685074806213,0.0,128.0
baseline_ng0,736,16,1.2581138610839844,0.4986497163772583,0.0,128.0
baseline_ng0,752,16,1.2370762825012207,0.4987461566925049,0.0,128.0
baseline_ng0,768,16,1.2464157342910767,0.49537038803100586,0.0,128.0
baseline_ng0,784,16,1.2435237169265747,0.5026041865348816,0.0,128.0
baseline_ng0,800,16,1.242648720741272,0.5026041865348816,0.0,128.0
baseline_ng0,816,16,1.2225909233093262,0.505883514881134,0.0,128.0
baseline_ng0,832,16,1.212005853652954,0.5096451044082642,0.0,128.0
baseline_ng0,848,16,1.2315723896026611,0.5050154328346252,0.0,128.0
baseline_ng0,864,16,1.219287395477295,0.5160108804702759,0.0,128.0
baseline_ng0,880,16,1.2038531303405762,0.5106095671653748,0.0,128.0
baseline_ng0,896,16,1.20303475856781,0.5113811492919922,0.0,128.0
baseline_ng0,912,16,1.2037853002548218,0.5135030746459961,0.0,128.0
baseline_ng0,928,16,1.1916286945343018,0.5242091417312622,0.0,128.0
baseline_ng0,944,16,1.2048990726470947,0.5100308656692505,0.0,128.0
baseline_ng0,960,16,1.1793712377548218,0.5210262537002563,0.0,128.0
baseline_ng0,976,16,1.1992510557174683,0.5116705298423767,0.0,128.0
baseline_ng0,992,16,1.1744716167449951,0.5218943357467651,0.0,128.0
baseline_ng0,1008,16,1.182708978652954,0.5230517387390137,0.0,128.0
baseline_ng0,1024,16,1.1637505292892456,0.5280671119689941,0.0,128.0
baseline_ng0,1040,16,1.1660761833190918,0.5177469253540039,0.0,128.0
baseline_ng0,1056,16,1.165558099746704,0.5257523655891418,0.0,128.0
baseline_ng0,1072,16,1.1873111724853516,0.5194830298423767,0.0,128.0
baseline_ng0,1088,16,1.1385531425476074,0.5338541865348816,0.0,128.0
baseline_ng0,1104,16,1.131399393081665,0.5364583730697632,0.0,128.0
baseline_ng0,1120,16,1.1627751588821411,0.5231481790542603,0.0,128.0
baseline_ng0,1136,16,1.1693233251571655,0.520061731338501,0.0,128.0
baseline_ng0,1152,16,1.1394716501235962,0.5372299551963806,0.0,128.0
baseline_ng0,1168,16,1.1416072845458984,0.5280671119689941,0.0,128.0
baseline_ng0,1184,16,1.1287442445755005,0.5412808656692505,0.0,128.0
baseline_ng0,1200,16,1.1460394859313965,0.5262346267700195,0.0,128.0
baseline_ng0,1216,16,1.1188031435012817,0.5445601940155029,0.0,128.0
baseline_ng0,1232,16,1.093022108078003,0.5485146641731262,0.0,128.0
baseline_ng0,1248,16,1.0734961032867432,0.5590277910232544,0.0,128.0
baseline_ng0,1264,16,1.0984270572662354,0.5540123581886292,0.0,128.0
baseline_ng0,1280,16,1.1439000368118286,0.5372299551963806,0.0,128.0
baseline_ng0,1296,16,1.0949647426605225,0.5464891791343689,0.0,128.0
baseline_ng0,1312,16,1.0632784366607666,0.566936731338501,0.0,128.0
baseline_ng0,1328,16,1.0895103216171265,0.5555555820465088,0.0,128.0
baseline_ng0,1344,16,1.1013753414154053,0.5533372163772583,0.0,128.0
baseline_ng0,1360,16,1.1075396537780762,0.5505400896072388,0.0,128.0
baseline_ng0,1376,16,1.1384820938110352,0.5390625,0.0,128.0
baseline_ng0,1392,16,1.1024357080459595,0.5546875,0.0,128.0
baseline_ng0,1408,16,1.0756103992462158,0.5597994327545166,0.0,128.0
baseline_ng0,1424,16,1.0468937158584595,0.5695409178733826,0.0,128.0
baseline_ng0,1440,16,1.0522812604904175,0.5670331716537476,0.0,128.0
baseline_ng0,1456,16,1.0740877389907837,0.561439037322998,0.0,128.0
baseline_ng0,1472,16,1.0714722871780396,0.5653935074806213,0.0,128.0
baseline_ng0,1488,16,1.0429704189300537,0.5695409774780273,0.0,128.0
baseline_ng0,1504,16,1.054877758026123,0.5668402910232544,0.0,128.0
baseline_ng0,1520,16,1.0474210977554321,0.5733989477157593,0.0,128.0
baseline_ng0,1536,16,1.017479658126831,0.5771604776382446,0.0,128.0
baseline_ng0,1552,16,1.0048182010650635,0.5876736044883728,0.0,128.0
baseline_ng0,1568,16,1.0075217485427856,0.5865162014961243,0.0,128.0
baseline_ng0,1584,16,1.0307865142822266,0.5733024477958679,0.0,128.0
baseline_ng0,1600,16,1.0269609689712524,0.574749231338501,0.0,128.0
baseline_ng0,1616,16,0.9980713129043579,0.5891203880310059,0.0,128.0
baseline_ng0,1632,16,1.009159803390503,0.5881558656692505,0.0,128.0
baseline_ng0,1648,16,1.0154696702957153,0.5812114477157593,0.0,128.0
baseline_ng0,1664,16,0.9671037197113037,0.6059027910232544,0.0,128.0
baseline_ng0,1680,16,0.9740630388259888,0.600694477558136,0.0,128.0
baseline_ng0,1696,16,0.9583330154418945,0.611882746219635,0.0,128.0
baseline_ng0,1712,16,0.9437639713287354,0.6218171119689941,0.0,128.0
baseline_ng0,1728,16,0.946667492389679,0.6141974925994873,0.0,128.0
baseline_ng0,1744,16,0.9856240153312683,0.6021412014961243,0.0,128.0
baseline_ng0,1760,16,0.9684773683547974,0.6050347089767456,0.0,128.0
baseline_ng0,1776,16,1.0036334991455078,0.5888310074806213,0.0,128.0
baseline_ng0,1792,16,0.9962829947471619,0.5963541269302368,0.0,128.0
baseline_ng0,1808,16,0.9860631823539734,0.5982831716537476,0.0,128.0
baseline_ng0,1824,16,0.954414427280426,0.6178627014160156,0.0,128.0
baseline_ng0,1840,16,0.9534434080123901,0.6115933656692505,0.0,128.0
baseline_ng0,1856,16,0.9475738406181335,0.6155478358268738,0.0,128.0
baseline_ng0,1872,16,0.9995653629302979,0.5933641791343689,0.0,128.0
baseline_ng0,1888,16,1.0020930767059326,0.5985724925994873,0.0,128.0
baseline_ng0,1904,16,0.9721232056617737,0.6046489477157593,0.0,128.0
baseline_ng0,1920,16,0.9524206519126892,0.6116898059844971,0.0,128.0
baseline_ng0,1936,16,0.959136426448822,0.6082175970077515,0.0,128.0
baseline_ng0,1952,16,0.9948292374610901,0.5921103358268738,0.0,128.0
baseline_ng0,1968,16,0.9838122725486755,0.602141261100769,0.0,128.0
baseline_ng0,1984,16,1.0132262706756592,0.5931713581085205,0.0,128.0
baseline_ng0,2000,16,1.0260975360870361,0.5890239477157593,0.0,128.0
baseline_ng0,2016,16,1.0556391477584839,0.5766782760620117,0.0,128.0
baseline_ng0,2032,16,0.9825546145439148,0.6017554402351379,0.0,128.0
baseline_ng0,2048,16,1.0133681297302246,0.5850694179534912,0.0,128.0
baseline_ng0,2064,16,0.991594672203064,0.5842013955116272,0.0,128.0
baseline_ng0,2080,16,0.9944776296615601,0.5929783582687378,0.0,128.0
baseline_ng0,2096,16,1.03095281124115,0.5797646641731262,0.0,128.0
baseline_ng0,2112,16,1.0383702516555786,0.5668402910232544,0.0,128.0
baseline_ng0,2128,16,1.0034123659133911,0.5796682238578796,0.0,128.0
baseline_ng0,2144,16,1.0335450172424316,0.5729166269302368,0.0,128.0
baseline_ng0,2160,16,1.0672335624694824,0.5570023655891418,0.0,128.0
baseline_ng0,2176,16,1.094461441040039,0.5347222089767456,0.0,128.0
baseline_ng0,2192,16,1.04933500289917,0.5549768805503845,0.0,128.0
baseline_ng0,2208,16,1.0720163583755493,0.5482253432273865,0.0,128.0
baseline_ng0,2224,16,1.1036969423294067,0.5342400074005127,0.0,128.0
baseline_ng0,2240,16,1.0635069608688354,0.546875,0.0,128.0
baseline_ng0,2256,16,1.0786060094833374,0.5388696193695068,0.0,128.0
baseline_ng0,2272,16,1.060086965560913,0.5524691343307495,0.0,128.0
baseline_ng0,2288,16,1.0801793336868286,0.5411844253540039,0.0,128.0
baseline_ng0,2304,16,1.0701783895492554,0.5419560670852661,0.0,128.0
baseline_ng0,2320,16,1.0615659952163696,0.5432099103927612,0.0,128.0
baseline_ng0,2336,16,1.0422420501708984,0.5603780746459961,0.0,128.0
baseline_ng0,2352,16,1.0899691581726074,0.532889723777771,0.0,128.0
baseline_ng0,2368,16,1.0783805847167969,0.548514723777771,0.0,128.0
baseline_ng0,2384,16,1.067851185798645,0.5440779328346252,0.0,128.0
baseline_ng0,2400,16,1.05001962184906,0.5503472089767456,0.0,128.0
baseline_ng0,2416,16,1.0462062358856201,0.5568094253540039,0.0,128.0
baseline_ng0,2432,16,1.017435073852539,0.5586420297622681,0.0,128.0
baseline_ng0,2448,16,1.0015507936477661,0.5672260522842407,0.0,128.0
baseline_ng0,2464,16,1.0356014966964722,0.5564236044883728,0.0,128.0
baseline_ng0,2480,16,1.0391325950622559,0.5553626418113708,0.0,128.0
baseline_ng0,2496,16,1.077409029006958,0.5430170297622681,0.0,128.0
baseline_ng0,2512,16,1.0504567623138428,0.5477430820465088,0.0,128.0
baseline_ng0,2528,16,1.0490912199020386,0.5496721267700195,0.0,128.0
baseline_ng0,2544,16,1.0522220134735107,0.5500578880310059,0.0,128.0
baseline_ng0,2560,16,1.0486187934875488,0.5473572611808777,0.0,128.0
baseline_ng0,2576,16,1.0658129453659058,0.540123462677002,0.0,128.0
baseline_ng0,2592,16,1.0350667238235474,0.5547839403152466,0.0,128.0
baseline_ng0,2608,16,1.0561258792877197,0.552758514881134,0.0,128.0
baseline_ng0,2624,16,1.0561089515686035,0.5445601940155029,0.0,128.0
baseline_ng0,2640,16,1.0557409524917603,0.5418595671653748,0.0,128.0
baseline_ng0,2656,16,1.0672030448913574,0.5384837985038757,0.0,128.0
baseline_ng0,2672,16,1.0459625720977783,0.5403163433074951,0.0,128.0
baseline_ng0,2688,16,1.0137302875518799,0.5523726940155029,0.0,128.0
baseline_ng0,2704,16,1.0255235433578491,0.5516974925994873,0.0,128.0
baseline_ng0,2720,16,1.0659908056259155,0.5396412014961243,0.0,128.0
baseline_ng0,2736,16,1.049118995666504,0.5457175970077515,0.0,128.0
baseline_ng0,2752,16,1.0499547719955444,0.5511188507080078,0.0,128.0
baseline_ng0,2768,16,1.035165548324585,0.5444636940956116,0.0,128.0
baseline_ng0,2784,16,1.033422827720642,0.5446566343307495,0.0,128.0
baseline_ng0,2800,16,1.055733561515808,0.5466821193695068,0.0,128.0
baseline_ng0,2816,16,1.0369360446929932,0.5453318357467651,0.0,128.0
baseline_ng0,2832,16,1.034022569656372,0.5517939925193787,0.0,128.0
baseline_ng0,2848,16,1.0566281080245972,0.5407986044883728,0.0,128.0
baseline_ng0,2864,16,1.072580099105835,0.5398341417312622,0.0,128.0
baseline_ng0,2880,16,1.0478190183639526,0.5495756268501282,0.0,128.0
baseline_ng0,2896,16,1.052871584892273,0.5554591417312622,0.0,128.0
baseline_ng0,2912,16,1.0362857580184937,0.5498650074005127,0.0,128.0
baseline_ng0,2928,16,1.0129350423812866,0.555266261100769,0.0,128.0
baseline_ng0,2944,16,1.0459883213043213,0.5460069179534912,0.0,128.0
baseline_ng0,2960,16,1.0401402711868286,0.5489004850387573,0.0,128.0
baseline_ng0,2976,16,1.013576865196228,0.5535300970077515,0.0,128.0
baseline_ng0,2992,16,1.036780834197998,0.5516974925994873,0.0,128.0
baseline_ng0,3008,16,1.0233391523361206,0.5528549551963806,0.0,128.0
baseline_ng0,3024,16,1.0350407361984253,0.5531443357467651,0.0,128.0
baseline_ng0,3040,16,1.0125337839126587,0.5613425970077515,0.0,128.0
baseline_ng0,3056,16,1.036109447479248,0.5476466417312622,0.0,128.0
baseline_ng0,3072,16,1.0297383069992065,0.5503472089767456,0.0,128.0
baseline_ng0,3088,16,1.0322521924972534,0.5522762537002563,0.0,128.0
baseline_ng0,3104,16,1.0505826473236084,0.5475502014160156,0.0,128.0
baseline_ng0,3120,16,1.0370142459869385,0.5517939925193787,0.0,128.0
baseline_ng0,3136,16,1.0177439451217651,0.5510224103927612,0.0,128.0
baseline_ng0,3152,16,1.0440164804458618,0.5490933656692505,0.0,128.0
baseline_ng0,3168,16,1.0310548543930054,0.5464891791343689,0.0,128.0
baseline_ng0,3184,16,1.012768268585205,0.5577738881111145,0.0,128.0
baseline_ng0,3200,16,1.0002541542053223,0.5583525896072388,0.0,128.0
baseline_ng0,3216,16,1.0257463455200195,0.5523726940155029,0.0,128.0
baseline_ng0,3232,16,1.045173168182373,0.5417630672454834,0.0,128.0
baseline_ng0,3248,16,1.020015001296997,0.551311731338501,0.0,128.0
baseline_ng0,3264,16,1.0236746072769165,0.5519868731498718,0.0,128.0
baseline_ng0,3280,16,1.0233019590377808,0.5570023059844971,0.0,128.0
baseline_ng0,3296,16,1.0090395212173462,0.5586420297622681,0.0,128.0
baseline_ng0,3312,16,0.9950821995735168,0.5636574029922485,0.0,128.0
baseline_ng0,3328,16,1.007935643196106,0.5608603954315186,0.0,128.0
baseline_ng0,3344,16,1.0511399507522583,0.5425347089767456,0.0,128.0
baseline_ng0,3360,16,1.0635536909103394,0.5437885522842407,0.0,128.0
baseline_ng0,3376,16,1.0441534519195557,0.5344328880310059,0.0,128.0
baseline_ng0,3392,16,1.0207133293151855,0.5530478954315186,0.0,128.0
baseline_ng0,3408,16,1.0114763975143433,0.553819477558136,0.0,128.0
baseline_ng0,3424,16,1.0020499229431152,0.5612461566925049,0.0,128.0
baseline_ng0,3440,16,1.0184093713760376,0.5523726940155029,0.0,128.0
baseline_ng0,3456,16,1.0067309141159058,0.5633680820465088,0.0,128.0
baseline_ng0,3472,16,0.9672188758850098,0.5734953880310059,0.0,128.0
baseline_ng0,3488,16,0.9955263137817383,0.5649113059043884,0.0,128.0
baseline_ng0,3504,16,1.0497149229049683,0.5460069179534912,0.0,128.0
baseline_ng0,3520,16,1.0093424320220947,0.5605709552764893,0.0,128.0
baseline_ng0,3536,16,0.9735799431800842,0.566936731338501,0.0,128.0
baseline_ng0,3552,16,0.979755163192749,0.5621142387390137,0.0,128.0
baseline_ng0,3568,16,0.9984903335571289,0.5678048133850098,0.0,128.0
baseline_ng0,3584,16,1.00498628616333,0.5592206716537476,0.0,128.0
baseline_ng0,3600,16,0.9781113862991333,0.5678048133850098,0.0,128.0
baseline_ng0,3616,16,0.9841133952140808,0.5619212985038757,0.0,128.0
baseline_ng0,3632,16,0.9798630475997925,0.5697338581085205,0.0,128.0
baseline_ng0,3648,16,1.0118273496627808,0.5613425970077515,0.0,128.0
baseline_ng0,3664,16,0.9918584227561951,0.5548803806304932,0.0,128.0
baseline_ng0,3680,16,0.9853013157844543,0.5737847089767456,0.0,128.0
baseline_ng0,3696,16,1.007214903831482,0.5638503432273865,0.0,128.0
baseline_ng0,3712,16,0.9899529218673706,0.5606673955917358,0.0,128.0
baseline_ng0,3728,16,1.0016520023345947,0.5600887537002563,0.0,128.0
baseline_ng0,3744,16,1.0096616744995117,0.5604745149612427,0.0,128.0
baseline_ng0,3760,16,0.9596925377845764,0.5735918283462524,0.0,128.0
baseline_ng0,3776,16,0.9693213105201721,0.5679976940155029,0.0,128.0
baseline_ng0,3792,16,1.0005829334259033,0.5593171119689941,0.0,128.0
baseline_ng0,3808,16,0.9728637337684631,0.5699267387390137,0.0,128.0
baseline_ng0,3824,16,0.9499838948249817,0.580632746219635,0.0,128.0
baseline_ng0,3840,16,0.9615578651428223,0.5733025074005127,0.0,128.0
baseline_ng0,3856,16,0.9739581942558289,0.5706983208656311,0.0,128.0
baseline_ng0,3872,16,0.9746402502059937,0.5780285596847534,0.0,128.0
baseline_ng0,3888,16,0.9366067051887512,0.5881558656692505,0.0,128.0
baseline_ng0,3904,16,0.9270550012588501,0.5815972089767456,0.0,128.0
baseline_ng0,3920,16,0.9518520832061768,0.5850694179534912,0.0,128.0
baseline_ng0,3936,16,0.9495376348495483,0.5816936492919922,0.0,128.0
baseline_ng0,3952,16,0.9248288869857788,0.5923997163772583,0.0,128.0
baseline_ng0,3968,16,0.9462270140647888,0.5774498581886292,0.0,128.0
baseline_ng0,3984,16,0.9299999475479126,0.5888310670852661,0.0,128.0
baseline_ng0,4000,16,0.9343701601028442,0.5953896045684814,0.0,128.0
baseline_ng0,4016,16,0.932370126247406,0.5887345671653748,0.0,128.0
baseline_ng0,4032,16,0.9039150476455688,0.6007908582687378,0.0,128.0
baseline_ng0,4048,16,0.9195712804794312,0.5947145223617554,0.0,128.0
baseline_ng0,4064,16,0.925249457359314,0.5942322015762329,0.0,128.0
baseline_ng0,4080,16,0.9441734552383423,0.5840084552764893,0.0,128.0
baseline_ng0,4096,16,0.9626070261001587,0.5745563507080078,0.0,128.0
baseline_ng0,4112,16,0.9736039042472839,0.5679976940155029,0.0,128.0
baseline_ng0,4128,16,0.9317315816879272,0.5860339403152466,0.0,128.0
baseline_ng0,4144,16,0.9070743322372437,0.6037808656692505,0.0,128.0
baseline_ng0,4160,16,0.8987829089164734,0.5978009104728699,0.0,128.0
baseline_ng0,4176,16,0.8982972502708435,0.5980902910232544,0.0,128.0
baseline_ng0,4192,16,0.8895187377929688,0.5987654328346252,0.0,128.0
baseline_ng0,4208,16,0.9050661325454712,0.5939428806304932,0.0,128.0
baseline_ng0,4224,16,0.896052360534668,0.5992476940155029,0.0,128.0
baseline_ng0,4240,16,0.8923737406730652,0.5997298955917358,0.0,128.0
baseline_ng0,4256,16,0.8651844263076782,0.6101465821266174,0.0,128.0
baseline_ng0,4272,16,0.8511078357696533,0.6244212985038757,0.0,128.0
baseline_ng0,4288,16,0.9006113409996033,0.5975115895271301,0.0,128.0
baseline_ng0,4304,16,0.8776562213897705,0.6010802984237671,0.0,128.0
baseline_ng0,4320,16,0.9328399896621704,0.5919173955917358,0.0,128.0
baseline_ng0,4336,16,0.8861556053161621,0.6109181642532349,0.0,128.0
baseline_ng0,4352,16,0.8589584231376648,0.6170910596847534,0.0,128.0
baseline_ng0,4368,16,0.882335901260376,0.6071566343307495,0.0,128.0
baseline_ng0,4384,16,0.8639397621154785,0.611014723777771,0.0,128.0
baseline_ng0,4400,16,0.8818762898445129,0.6022377014160156,0.0,128.0
baseline_ng0,4416,16,0.875758171081543,0.6114004850387573,0.0,128.0
baseline_ng0,4432,16,0.8946407437324524,0.6067708730697632,0.0,128.0
baseline_ng0,4448,16,0.883302628993988,0.5989583134651184,0.0,128.0
baseline_ng0,4464,16,0.8804465532302856,0.6015625,0.0,128.0
baseline_ng0,4480,16,0.8534998297691345,0.6152584552764893,0.0,128.0
baseline_ng0,4496,16,0.8458772897720337,0.6242283582687378,0.0,128.0
baseline_ng0,4512,16,0.8948664665222168,0.6006944179534912,0.0,128.0
baseline_ng0,4528,16,0.8867606520652771,0.6025270223617554,0.0,128.0
baseline_ng0,4544,16,0.8579092621803284,0.6077353358268738,0.0,128.0
baseline_ng0,4560,16,0.8648416996002197,0.6101466417312622,0.0,128.0
baseline_ng0,4576,16,0.8603054285049438,0.6082175970077515,0.0,128.0
baseline_ng0,4592,16,0.8562309741973877,0.6192129850387573,0.0,128.0
baseline_ng0,4608,16,0.8688756823539734,0.6112076044082642,0.0,128.0
baseline_ng0,4624,16,0.8797187209129333,0.6014660596847534,0.0,128.0
baseline_ng0,4640,16,0.8757821321487427,0.6111111044883728,0.0,128.0
baseline_ng0,4656,16,0.8566585779190063,0.6141011118888855,0.0,128.0
baseline_ng0,4672,16,0.8549832105636597,0.6142939329147339,0.0,128.0
baseline_ng0,4688,16,0.8635901808738708,0.6154513359069824,0.0,128.0
baseline_ng0,4704,16,0.8405295610427856,0.6228780746459961,0.0,128.0
baseline_ng0,4720,16,0.8347660303115845,0.6210455894470215,0.0,128.0
baseline_ng0,4736,16,0.8491916060447693,0.6154513955116272,0.0,128.0
baseline_ng0,4752,16,0.8886275291442871,0.5998263955116272,0.0,128.0
baseline_ng0,4768,16,0.8845183253288269,0.6100501418113708,0.0,128.0
baseline_ng0,4784,16,0.8471366763114929,0.6101466417312622,0.0,128.0
baseline_ng0,4800,16,0.857414960861206,0.6129436492919922,0.0,128.0
baseline_ng0,4816,16,0.8853004574775696,0.5978974103927612,0.0,128.0
baseline_ng0,4832,16,0.8677038550376892,0.6107252836227417,0.0,128.0
baseline_ng0,4848,16,0.8404101133346558,0.6220099925994873,0.0,128.0
baseline_ng0,4864,16,0.868877649307251,0.6119791269302368,0.0,128.0
baseline_ng0,4880,16,0.8597527742385864,0.618248462677002,0.0,128.0
baseline_ng0,4896,16,0.8370563983917236,0.6162229776382446,0.0,128.0
baseline_ng0,4912,16,0.8595340251922607,0.6166087985038757,0.0,128.0
baseline_ng0,4928,16,0.8603346943855286,0.6134259700775146,0.0,128.0
baseline_ng0,4944,16,0.8813949823379517,0.6009837985038757,0.0,128.0
baseline_ng0,4960,16,0.8598858118057251,0.6054205894470215,0.0,128.0
baseline_ng0,4976,16,0.8733636140823364,0.6108217835426331,0.0,128.0
baseline_ng0,4992,16,0.8477889895439148,0.6165123581886292,0.0,128.0
baseline_ng0,5008,16,0.8198609948158264,0.6232638955116272,0.0,128.0
baseline_ng0,5024,16,0.8651192784309387,0.6170910596847534,0.0,128.0
baseline_ng0,5040,16,0.8388901948928833,0.6250964403152466,0.0,128.0
baseline_ng0,5056,16,0.8443194031715393,0.6189236640930176,0.0,128.0
baseline_ng0,5072,16,0.8296190500259399,0.6194058656692505,0.0,128.0
baseline_ng0,5088,16,0.8387417793273926,0.6228780746459961,0.0,128.0
baseline_ng0,5104,16,0.8372670412063599,0.6228780746459961,0.0,128.0
baseline_ng0,5120,16,0.8646321892738342,0.6125578880310059,0.0,128.0
baseline_ng0,5136,16,0.8410772681236267,0.6155478358268738,0.0,128.0
baseline_ng0,5152,16,0.8523641228675842,0.6251929402351379,0.0,128.0
baseline_ng0,5168,16,0.8767033815383911,0.6043596267700195,0.0,128.0
baseline_ng0,5184,16,0.8640337586402893,0.6074459552764893,0.0,128.0
baseline_ng0,5200,16,0.8336209058761597,0.623071014881134,0.0,128.0
baseline_ng0,5216,16,0.8190057277679443,0.6274112462997437,0.0,128.0
baseline_ng0,5232,16,0.8463032245635986,0.6171875,0.0,128.0
baseline_ng0,5248,16,0.8328044414520264,0.6253857612609863,0.0,128.0
baseline_ng0,5264,16,0.830588698387146,0.6198881268501282,0.0,128.0
baseline_ng0,5280,16,0.8386906385421753,0.6206597089767456,0.0,128.0
baseline_ng0,5296,16,0.8384897112846375,0.6238425970077515,0.0,128.0
baseline_ng0,5312,16,0.8605934381484985,0.6125578880310059,0.0,128.0
baseline_ng0,5328,16,0.8263332843780518,0.634741485118866,0.0,128.0
baseline_ng0,5344,16,0.8310351371765137,0.6282793283462524,0.0,128.0
baseline_ng0,5360,16,0.83575439453125,0.6234568357467651,0.0,128.0
baseline_ng0,5376,16,0.8536221385002136,0.6219135522842407,0.0,128.0
baseline_ng0,5392,16,0.8485625982284546,0.6144869327545166,0.0,128.0
baseline_ng0,5408,16,0.8284600973129272,0.6211419701576233,0.0,128.0
baseline_ng0,5424,16,0.8351364135742188,0.6228780746459961,0.0,128.0
baseline_ng0,5440,16,0.8427244424819946,0.6137152910232544,0.0,128.0
baseline_ng0,5456,16,0.8382493853569031,0.6315586566925049,0.0,128.0
baseline_ng0,5472,16,0.8247250914573669,0.6250964403152466,0.0,128.0
baseline_ng0,5488,16,0.8507452607154846,0.6150655746459961,0.0,128.0
baseline_ng0,5504,16,0.8457963466644287,0.6250964403152466,0.0,128.0
baseline_ng0,5520,16,0.8243169188499451,0.6217207312583923,0.0,128.0
baseline_ng0,5536,16,0.8190051317214966,0.6278935074806213,0.0,128.0
baseline_ng0,5552,16,0.8152755498886108,0.6295331716537476,0.0,128.0
baseline_ng0,5568,16,0.8258708119392395,0.629436731338501,0.0,128.0
baseline_ng0,5584,16,0.869764506816864,0.6081211566925049,0.0,128.0
baseline_ng0,5600,16,0.8530351519584656,0.612943708896637,0.0,128.0
baseline_ng0,5616,16,0.8576132655143738,0.6115933656692505,0.0,128.0
baseline_ng0,5632,16,0.8400876522064209,0.6219135522842407,0.0,128.0
baseline_ng0,5648,16,0.8199799656867981,0.6351273059844971,0.0,128.0
baseline_ng0,5664,16,0.8285645246505737,0.6189236640930176,0.0,128.0
baseline_ng0,5680,16,0.8712539672851562,0.6088927984237671,0.0,128.0
baseline_ng0,5696,16,0.8647786378860474,0.6144868731498718,0.0,128.0
baseline_ng0,5712,16,0.851589024066925,0.6212384700775146,0.0,128.0
baseline_ng0,5728,16,0.8143218755722046,0.6291474103927612,0.0,128.0
baseline_ng0,5744,16,0.8295122385025024,0.625578761100769,0.0,128.0
baseline_ng0,5760,16,0.8528753519058228,0.618248462677002,0.0,128.0
baseline_ng0,5776,16,0.8395527005195618,0.6158371567726135,0.0,128.0
baseline_ng0,5792,16,0.8374272584915161,0.6233603358268738,0.0,128.0
baseline_ng0,5808,16,0.8378705978393555,0.6164158582687378,0.0,128.0
baseline_ng0,5824,16,0.8351477980613708,0.6282793283462524,0.0,128.0
baseline_ng0,5840,16,0.8647422194480896,0.6082175970077515,0.0,128.0
baseline_ng0,5856,16,0.83854740858078,0.6218171119689941,0.0,128.0
baseline_ng0,5872,16,0.8092626929283142,0.6304012537002563,0.0,128.0
baseline_ng0,5888,16,0.8358590006828308,0.6225887537002563,0.0,128.0
baseline_ng0,5904,16,0.858041524887085,0.6149691343307495,0.0,128.0
baseline_ng0,5920,16,0.85779869556427,0.6131365895271301,0.0,128.0
baseline_ng0,5936,16,0.8147093653678894,0.6242284178733826,0.0,128.0
baseline_ng0,5952,16,0.8336384892463684,0.6249035596847534,0.0,128.0
baseline_ng0,5968,16,0.872023344039917,0.6053240299224854,0.0,128.0
baseline_ng0,5984,16,0.8298853039741516,0.6219135522842407,0.0,128.0
baseline_ng0,6000,16,0.8731765747070312,0.6051311492919922,0.0,128.0
v17_no_address_norm,16,16,2.164682388305664,0.19126157462596893,0.0,128.0
v17_no_address_norm,32,16,1.8756823539733887,0.3207947611808777,0.0,128.0
v17_no_address_norm,48,16,1.6487237215042114,0.3858024775981903,0.0,128.0
v17_no_address_norm,64,16,1.599484920501709,0.390625,0.0,128.0
v17_no_address_norm,80,16,1.573938012123108,0.397473007440567,0.0,128.0
v17_no_address_norm,96,16,1.551652431488037,0.425347238779068,0.0,128.0
v17_no_address_norm,112,16,1.4656978845596313,0.4492669999599457,0.0,128.0
v17_no_address_norm,128,16,1.4358948469161987,0.457561731338501,0.0,128.0
v17_no_address_norm,144,16,1.5804517269134521,0.41512346267700195,0.0,128.0
v17_no_address_norm,160,16,1.4427897930145264,0.457561731338501,0.0,128.0
v17_no_address_norm,176,16,1.3986579179763794,0.4682677388191223,0.0,128.0
v17_no_address_norm,192,16,1.3956170082092285,0.4683642089366913,0.0,128.0
v17_no_address_norm,208,16,1.364069938659668,0.4717399775981903,0.0,128.0
v17_no_address_norm,224,16,1.3473622798919678,0.4791666865348816,0.0,128.0
v17_no_address_norm,240,16,1.279992938041687,0.5101273059844971,0.0,128.0
v17_no_address_norm,256,16,1.2402552366256714,0.5212191939353943,0.0,128.0
v17_no_address_norm,272,16,1.1590057611465454,0.5545910596847534,0.0,128.0
v17_no_address_norm,288,16,1.136989712715149,0.5680941343307495,0.0,128.0
v17_no_address_norm,304,16,1.083107590675354,0.6056134104728699,0.0,128.0
v17_no_address_norm,320,16,1.065581202507019,0.6070601940155029,0.0,128.0
v17_no_address_norm,336,16,1.009546160697937,0.6393711566925049,0.0,128.0
v17_no_address_norm,352,16,1.0321520566940308,0.629436731338501,0.0,128.0
v17_no_address_norm,368,16,0.9531763195991516,0.6686921119689941,0.0,128.0
v17_no_address_norm,384,16,1.0076850652694702,0.6426504850387573,0.0,128.0
v17_no_address_norm,400,16,0.8901470899581909,0.7066936492919922,0.0,128.0
v17_no_address_norm,416,16,0.9589476585388184,0.6702353358268738,0.0,128.0
v17_no_address_norm,432,16,0.8808723092079163,0.7115162014961243,0.0,128.0
v17_no_address_norm,448,16,0.8798577189445496,0.7165316343307495,0.0,128.0
v17_no_address_norm,464,16,0.825226902961731,0.7385224103927612,0.0,128.0
v17_no_address_norm,480,16,0.8577057123184204,0.7139275074005127,0.0,128.0
v17_no_address_norm,496,16,0.7932989597320557,0.7581983208656311,0.0,128.0
v17_no_address_norm,512,16,0.7627037763595581,0.7692900896072388,0.0,128.0
v17_no_address_norm,528,16,0.743617057800293,0.7836613059043884,0.0,128.0
v17_no_address_norm,544,16,0.795910656452179,0.7463349103927612,0.0,128.0
v17_no_address_norm,560,16,0.756892204284668,0.7686150074005127,0.0,128.0
v17_no_address_norm,576,16,0.8120929598808289,0.7309027910232544,0.0,128.0
v17_no_address_norm,592,16,0.8013681769371033,0.7381366491317749,0.0,128.0
v17_no_address_norm,608,16,0.8068530559539795,0.734375,0.0,128.0
v17_no_address_norm,624,16,0.7228807210922241,0.7764275074005127,0.0,128.0
v17_no_address_norm,640,16,0.6580466032028198,0.8084490895271301,0.0,128.0
v17_no_address_norm,656,16,0.6951096653938293,0.7864583730697632,0.0,128.0
v17_no_address_norm,672,16,0.7614286541938782,0.752700686454773,0.0,128.0
v17_no_address_norm,688,16,0.71690434217453,0.7688078880310059,0.0,128.0
v17_no_address_norm,704,16,0.651512861251831,0.8094136118888855,0.0,128.0
v17_no_address_norm,720,16,0.6642114520072937,0.7973573207855225,0.0,128.0
v17_no_address_norm,736,16,0.6808893084526062,0.7906057238578796,0.0,128.0
v17_no_address_norm,752,16,0.6845962405204773,0.7799961566925049,0.0,128.0
v17_no_address_norm,768,16,0.6838575601577759,0.7780671119689941,0.0,128.0
v17_no_address_norm,784,16,0.6323004961013794,0.8078703880310059,0.0,128.0
v17_no_address_norm,800,16,0.6751747131347656,0.7886766791343689,0.0,128.0
v17_no_address_norm,816,16,0.630986750125885,0.8059414029121399,0.0,128.0
v17_no_address_norm,832,16,0.6825690865516663,0.7813464403152466,0.0,128.0
v17_no_address_norm,848,16,0.6138094663619995,0.8088349103927612,0.0,128.0
v17_no_address_norm,864,16,0.6189733743667603,0.8049769401550293,0.0,128.0
v17_no_address_norm,880,16,0.6295284628868103,0.8017940521240234,0.0,128.0
v17_no_address_norm,896,16,0.6352159976959229,0.796006977558136,0.0,128.0
v17_no_address_norm,912,16,0.6985930800437927,0.7607060074806213,0.0,128.0
v17_no_address_norm,928,16,0.5933473110198975,0.8094136118888855,0.0,128.0
v17_no_address_norm,944,16,0.6211704015731812,0.800443708896637,0.0,128.0
v17_no_address_norm,960,16,0.5449864864349365,0.8361303806304932,0.0,128.0
v17_no_address_norm,976,16,0.7314396500587463,0.7418981790542603,0.0,128.0
v17_no_address_norm,992,16,0.7636035084724426,0.7307099103927612,0.0,128.0
v17_no_address_norm,1008,16,0.6258420348167419,0.7906057238578796,0.0,128.0
v17_no_address_norm,1024,16,0.5380969047546387,0.83314049243927,0.0,128.0
v17_no_address_norm,1040,16,0.6184179186820984,0.7989004850387573,0.0,128.0
v17_no_address_norm,1056,16,0.5622934103012085,0.822820246219635,0.0,128.0
v17_no_address_norm,1072,16,0.6264789700508118,0.7907986640930176,0.0,128.0
v17_no_address_norm,1088,16,0.48444226384162903,0.8539737462997437,0.0,128.0
v17_no_address_norm,1104,16,0.46770215034484863,0.861882746219635,0.0,128.0
v17_no_address_norm,1120,16,0.45632603764533997,0.8670910596847534,0.0,128.0
v17_no_address_norm,1136,16,0.47540023922920227,0.8570602536201477,0.0,128.0
v17_no_address_norm,1152,16,0.49003204703330994,0.8476080894470215,0.0,128.0
v17_no_address_norm,1168,16,0.4365975558757782,0.8721065521240234,0.0078125,128.0
v17_no_address_norm,1184,16,0.45498543977737427,0.8641975522041321,0.0078125,128.0
v17_no_address_norm,1200,16,0.511664867401123,0.8371914029121399,0.015625,128.0
v17_no_address_norm,1216,16,0.48376721143722534,0.8481867909431458,0.0,128.0
v17_no_address_norm,1232,16,0.45438382029533386,0.8623650074005127,0.0078125,128.0
v17_no_address_norm,1248,16,0.40457260608673096,0.8822338581085205,0.0,128.0
v17_no_address_norm,1264,16,0.41168344020843506,0.8821373581886292,0.0,128.0
v17_no_address_norm,1280,16,0.39628565311431885,0.8856096267700195,0.0078125,128.0
v17_no_address_norm,1296,16,0.43760302662849426,0.8697917461395264,0.0,128.0
v17_no_address_norm,1312,16,0.4322320222854614,0.8747106790542603,0.015625,128.0
v17_no_address_norm,1328,16,0.4067138731479645,0.8794367909431458,0.0078125,128.0
v17_no_address_norm,1344,16,0.40811875462532043,0.8799190521240234,0.03125,128.0
v17_no_address_norm,1360,16,0.4445746839046478,0.8584105372428894,0.0078125,128.0
v17_no_address_norm,1376,16,0.3227766752243042,0.9164737462997437,0.0625,128.0
v17_no_address_norm,1392,16,0.37053412199020386,0.8974729776382446,0.03125,128.0
v17_no_address_norm,1408,16,0.37969160079956055,0.8908179402351379,0.046875,128.0
v17_no_address_norm,1424,16,0.37841659784317017,0.8958333730697632,0.0234375,128.0
v17_no_address_norm,1440,16,0.336938738822937,0.91126549243927,0.0859375,128.0
v17_no_address_norm,1456,16,0.3493635654449463,0.901813268661499,0.0625,128.0
v17_no_address_norm,1472,16,0.6448052525520325,0.7717978954315186,0.0,128.0
v17_no_address_norm,1488,16,0.42067939043045044,0.8728781342506409,0.0234375,128.0
v17_no_address_norm,1504,16,0.4165554642677307,0.8703703880310059,0.015625,128.0
v17_no_address_norm,1520,16,0.40862223505973816,0.8818480372428894,0.0234375,128.0
v17_no_address_norm,1536,16,0.36693358421325684,0.8969907760620117,0.046875,128.0
v17_no_address_norm,1552,16,0.3678330183029175,0.8920717835426331,0.0234375,128.0
v17_no_address_norm,1568,16,0.3742152154445648,0.8961226940155029,0.0625,128.0
v17_no_address_norm,1584,16,0.44717004895210266,0.8606289029121399,0.03125,128.0
v17_no_address_norm,1600,16,0.353292852640152,0.9022955894470215,0.078125,128.0
v17_no_address_norm,1616,16,0.34492388367652893,0.901138186454773,0.0703125,128.0
v17_no_address_norm,1632,16,0.4029808044433594,0.8816550970077515,0.0546875,128.0
v17_no_address_norm,1648,16,0.3347460925579071,0.9066358208656311,0.03125,128.0
v17_no_address_norm,1664,16,0.3463287055492401,0.9006558656692505,0.0390625,128.0
v17_no_address_norm,1680,16,0.3632339835166931,0.8959298133850098,0.0390625,128.0
v17_no_address_norm,1696,16,0.37344735860824585,0.8959298133850098,0.03125,128.0
v17_no_address_norm,1712,16,0.3822084367275238,0.8858989477157593,0.0390625,128.0
v17_no_address_norm,1728,16,0.34075430035591125,0.9056712985038757,0.1015625,128.0
v17_no_address_norm,1744,16,0.44900837540626526,0.8599537014961243,0.0234375,128.0
v17_no_address_norm,1760,16,0.3968091607093811,0.881076455116272,0.015625,128.0
v17_no_address_norm,1776,16,0.33949679136276245,0.907889723777771,0.0390625,128.0
v17_no_address_norm,1792,16,0.35176488757133484,0.9029707312583923,0.03125,128.0
v17_no_address_norm,1808,16,0.38726770877838135,0.886381208896637,0.0390625,128.0
v17_no_address_norm,1824,16,0.3442282974720001,0.9078896641731262,0.0859375,128.0
v17_no_address_norm,1840,16,0.41667279601097107,0.8749035596847534,0.0390625,128.0
v17_no_address_norm,1856,16,0.33749261498451233,0.9044175148010254,0.046875,128.0
v17_no_address_norm,1872,16,0.4000510275363922,0.8754823207855225,0.0,128.0
v17_no_address_norm,1888,16,0.33222419023513794,0.9063464999198914,0.1015625,128.0
v17_no_address_norm,1904,16,0.31445515155792236,0.9125193357467651,0.09375,128.0
v17_no_address_norm,1920,16,0.36612647771835327,0.9008488059043884,0.0546875,128.0
v17_no_address_norm,1936,16,0.3619331121444702,0.8944830894470215,0.0625,128.0
v17_no_address_norm,1952,16,0.33398178219795227,0.9090471267700195,0.1328125,128.0
v17_no_address_norm,1968,16,0.3103485703468323,0.9185956716537476,0.0546875,128.0
v17_no_address_norm,1984,16,0.3217293322086334,0.9175347089767456,0.0859375,128.0
v17_no_address_norm,2000,16,0.33001255989074707,0.9068287014961243,0.0625,128.0
v17_no_address_norm,2016,16,0.30312296748161316,0.9189814925193787,0.15625,128.0
v17_no_address_norm,2032,16,0.3388982117176056,0.9058642387390137,0.0859375,128.0
v17_no_address_norm,2048,16,0.3175496757030487,0.914641261100769,0.0703125,128.0
v17_no_address_norm,2064,16,0.38384777307510376,0.8831983208656311,0.078125,128.0
v17_no_address_norm,2080,16,0.4437899887561798,0.8632330894470215,0.03125,128.0
v17_no_address_norm,2096,16,0.39505115151405334,0.8831983804702759,0.03125,128.0
v17_no_address_norm,2112,16,0.2812129259109497,0.9250578880310059,0.1640625,128.0
v17_no_address_norm,2128,16,0.38626185059547424,0.8837770223617554,0.03125,128.0
v17_no_address_norm,2144,16,0.3258415162563324,0.9105902910232544,0.1171875,128.0
v17_no_address_norm,2160,16,0.4040050208568573,0.881076455116272,0.015625,128.0
v17_no_address_norm,2176,16,0.39405253529548645,0.8870563507080078,0.0078125,128.0
v17_no_address_norm,2192,16,0.33156585693359375,0.9152199029922485,0.078125,128.0
v17_no_address_norm,2208,16,0.3976440727710724,0.8864776492118835,0.0546875,128.0
v17_no_address_norm,2224,16,0.3767275810241699,0.8967978954315186,0.0234375,128.0
v17_no_address_norm,2240,16,0.3250652551651001,0.9185956716537476,0.0625,128.0
v17_no_address_norm,2256,16,0.33933666348457336,0.9071180820465088,0.125,128.0
v17_no_address_norm,2272,16,0.31507715582847595,0.9162808656692505,0.0546875,128.0
v17_no_address_norm,2288,16,0.4145435690879822,0.8772183656692505,0.03125,128.0
v17_no_address_norm,2304,16,0.4107765257358551,0.8792438507080078,0.015625,128.0
v17_no_address_norm,2320,16,0.3071455955505371,0.9201388955116272,0.1171875,128.0
v17_no_address_norm,2336,16,0.28512585163116455,0.9266975522041321,0.171875,128.0
v17_no_address_norm,2352,16,0.36059021949768066,0.8946759700775146,0.0625,128.0
v17_no_address_norm,2368,16,0.47345632314682007,0.852623462677002,0.015625,128.0
v17_no_address_norm,2384,16,0.3578236401081085,0.8992091417312622,0.0625,128.0
v17_no_address_norm,2400,16,0.4064718186855316,0.8762539029121399,0.0390625,128.0
v17_no_address_norm,2416,16,0.3357074558734894,0.9091435670852661,0.1015625,128.0
v17_no_address_norm,2432,16,0.4051191806793213,0.879436731338501,0.0625,128.0
v17_no_address_norm,2448,16,0.3729451596736908,0.8880208730697632,0.0703125,128.0
v17_no_address_norm,2464,16,0.3129592537879944,0.9136766791343689,0.1328125,128.0
v17_no_address_norm,2480,16,0.4309592843055725,0.868827223777771,0.0703125,128.0
v17_no_address_norm,2496,16,0.45154523849487305,0.8595679402351379,0.0234375,128.0
v17_no_address_norm,2512,16,0.32746222615242004,0.9066358208656311,0.0625,128.0
v17_no_address_norm,2528,16,0.387984961271286,0.886381208896637,0.0390625,128.0
v17_no_address_norm,2544,16,0.4934718608856201,0.839506208896637,0.015625,128.0
v17_no_address_norm,2560,16,0.4602891206741333,0.8565779328346252,0.0390625,128.0
v17_no_address_norm,2576,16,0.48520901799201965,0.842689037322998,0.0234375,128.0
v17_no_address_norm,2592,16,0.34590038657188416,0.9002701044082642,0.09375,128.0
v17_no_address_norm,2608,16,0.38261330127716064,0.8863811492919922,0.140625,128.0
v17_no_address_norm,2624,16,0.3477751612663269,0.8987268805503845,0.109375,128.0
v17_no_address_norm,2640,16,0.4365572929382324,0.8535879850387573,0.0625,128.0
v17_no_address_norm,2656,16,0.38015779852867126,0.8836805820465088,0.1015625,128.0
v17_no_address_norm,2672,16,0.31575658917427063,0.91126549243927,0.1640625,128.0
v17_no_address_norm,2688,16,0.3535486161708832,0.8883102536201477,0.125,128.0
v17_no_address_norm,2704,16,0.4294687509536743,0.8601465821266174,0.03125,128.0
v17_no_address_norm,2720,16,0.44254404306411743,0.8625578880310059,0.015625,128.0
v17_no_address_norm,2736,16,0.40692660212516785,0.8737461566925049,0.0546875,128.0
v17_no_address_norm,2752,16,0.47062206268310547,0.8447145223617554,0.015625,128.0
v17_no_address_norm,2768,16,0.40289974212646484,0.8796296715736389,0.0390625,128.0
v17_no_address_norm,2784,16,0.46917057037353516,0.8508874177932739,0.015625,128.0
v17_no_address_norm,2800,16,0.3585144281387329,0.8953511714935303,0.046875,128.0
v17_no_address_norm,2816,16,0.3614666759967804,0.8913966417312622,0.0859375,128.0
v17_no_address_norm,2832,16,0.4143526256084442,0.8715277910232544,0.046875,128.0
v17_no_address_norm,2848,16,0.7257228493690491,0.7312886118888855,0.0,128.0
v17_no_address_norm,2864,16,0.5539275407791138,0.8067129850387573,0.0078125,128.0
v17_no_address_norm,2880,16,0.41266122460365295,0.8719135522842407,0.0234375,128.0
v17_no_address_norm,2896,16,0.3722994923591614,0.891685962677002,0.0546875,128.0
v17_no_address_norm,2912,16,0.45082831382751465,0.8587963581085205,0.0234375,128.0
v17_no_address_norm,2928,16,0.3640160858631134,0.8899498581886292,0.1328125,128.0
v17_no_address_norm,2944,16,0.46112924814224243,0.8561921715736389,0.0,128.0
v17_no_address_norm,2960,16,0.43266066908836365,0.8646798133850098,0.03125,128.0
v17_no_address_norm,2976,16,0.7671377062797546,0.7146990299224854,0.0,128.0
v17_no_address_norm,2992,16,0.6205765008926392,0.7660108208656311,0.0078125,128.0
v17_no_address_norm,3008,16,0.5494628548622131,0.8108603954315186,0.015625,128.0
v17_no_address_norm,3024,16,0.5056667327880859,0.8342013955116272,0.0234375,128.0
v17_no_address_norm,3040,16,0.37822097539901733,0.8858989477157593,0.078125,128.0
v17_no_address_norm,3056,16,0.4553431570529938,0.8548418283462524,0.0078125,128.0
v17_no_address_norm,3072,16,0.45655402541160583,0.8557099103927612,0.0234375,128.0
v17_no_address_norm,3088,16,0.4651065766811371,0.8538773059844971,0.0078125,128.0
v17_no_address_norm,3104,16,0.41536810994148254,0.8720100522041321,0.0546875,128.0
v17_no_address_norm,3120,16,0.353482186794281,0.8996914029121399,0.078125,128.0
v17_no_address_norm,3136,16,0.4055953919887543,0.8825231790542603,0.0859375,128.0
v17_no_address_norm,3152,16,0.5245368480682373,0.8289930820465088,0.0078125,128.0
v17_no_address_norm,3168,16,0.4554024040699005,0.8589892387390137,0.03125,128.0
v17_no_address_norm,3184,16,0.3520110845565796,0.9029706716537476,0.09375,128.0
v17_no_address_norm,3200,16,0.42984649538993835,0.8693094253540039,0.0078125,128.0
v17_no_address_norm,3216,16,0.43327033519744873,0.8657407760620117,0.0546875,128.0
v17_no_address_norm,3232,16,0.4935554563999176,0.8377701044082642,0.015625,128.0
v17_no_address_norm,3248,16,0.4136143624782562,0.8749035596847534,0.0390625,128.0
v17_no_address_norm,3264,16,0.4534987807273865,0.8553241491317749,0.0234375,128.0
v17_no_address_norm,3280,16,0.43173453211784363,0.8642939925193787,0.0546875,128.0
v17_no_address_norm,3296,16,0.419659286737442,0.866319477558136,0.0546875,128.0
v17_no_address_norm,3312,16,0.46659907698631287,0.8525270223617554,0.0625,128.0
v17_no_address_norm,3328,16,0.4686338007450104,0.8492476940155029,0.03125,128.0
v17_no_address_norm,3344,16,0.41956180334091187,0.8670910596847534,0.046875,128.0
v17_no_address_norm,3360,16,0.44587230682373047,0.8630401492118835,0.0234375,128.0
v17_no_address_norm,3376,16,0.4760384261608124,0.8522377014160156,0.015625,128.0
v17_no_address_norm,3392,16,0.3949219882488251,0.8765432834625244,0.0703125,128.0
v17_no_address_norm,3408,16,0.49895983934402466,0.8305362462997437,0.03125,128.0
v17_no_address_norm,3424,16,0.450198233127594,0.8557099103927612,0.03125,128.0
v17_no_address_norm,3440,16,0.4828135371208191,0.84375,0.015625,128.0
v17_no_address_norm,3456,16,0.4047437012195587,0.8743249177932739,0.0859375,128.0
v17_no_address_norm,3472,16,0.41496291756629944,0.8675733208656311,0.0703125,128.0
v17_no_address_norm,3488,16,0.48241499066352844,0.8429784774780273,0.0234375,128.0
v17_no_address_norm,3504,16,0.4230416715145111,0.8653550148010254,0.0390625,128.0
v17_no_address_norm,3520,16,0.42590364813804626,0.8681520223617554,0.1328125,128.0
v17_no_address_norm,3536,16,0.4230847656726837,0.8577353358268738,0.09375,128.0
v17_no_address_norm,3552,16,0.5723589062690735,0.7938851118087769,0.0,128.0
v17_no_address_norm,3568,16,0.42622148990631104,0.8602430820465088,0.09375,128.0
v17_no_address_norm,3584,16,0.45459824800491333,0.848186731338501,0.015625,128.0
v17_no_address_norm,3600,16,0.43619999289512634,0.8608217835426331,0.046875,128.0
v17_no_address_norm,3616,16,0.5160738229751587,0.8289930820465088,0.0234375,128.0
v17_no_address_norm,3632,16,0.43140238523483276,0.8636188507080078,0.0625,128.0
v17_no_address_norm,3648,16,0.4163690209388733,0.8771219849586487,0.0625,128.0
v17_no_address_norm,3664,16,0.503354549407959,0.8358410596847534,0.0078125,128.0
v17_no_address_norm,3680,16,0.44517314434051514,0.8588927984237671,0.0390625,128.0
v17_no_address_norm,3696,16,0.3879459798336029,0.8820409774780273,0.0703125,128.0
v17_no_address_norm,3712,16,0.5049808025360107,0.8301504850387573,0.0234375,128.0
v17_no_address_norm,3728,16,0.45939233899116516,0.842689037322998,0.0234375,128.0
v17_no_address_norm,3744,16,0.4827713966369629,0.8324652910232544,0.046875,128.0
v17_no_address_norm,3760,16,0.45364105701446533,0.8519483208656311,0.046875,128.0
v17_no_address_norm,3776,16,0.4470269978046417,0.8519483208656311,0.0625,128.0
v17_no_address_norm,3792,16,0.5951780676841736,0.7848186492919922,0.0,128.0
v17_no_address_norm,3808,16,0.3910984694957733,0.8769290447235107,0.09375,128.0
v17_no_address_norm,3824,16,0.4107573926448822,0.8736497163772583,0.0625,128.0
v17_no_address_norm,3840,16,0.45335930585861206,0.8473186492919922,0.046875,128.0
v17_no_address_norm,3856,16,0.5170015692710876,0.824749231338501,0.0,128.0
v17_no_address_norm,3872,16,0.42862871289253235,0.8568673133850098,0.0625,128.0
v17_no_address_norm,3888,16,0.4269331991672516,0.8621720671653748,0.046875,128.0
v17_no_address_norm,3904,16,0.5223970413208008,0.8204089403152466,0.0078125,128.0
v17_no_address_norm,3920,16,0.41572245955467224,0.8667052984237671,0.0625,128.0
v17_no_address_norm,3936,16,0.4874100089073181,0.836516261100769,0.03125,128.0
v17_no_address_norm,3952,16,0.4136899709701538,0.868248462677002,0.1171875,128.0
v17_no_address_norm,3968,16,0.5412085652351379,0.8171296715736389,0.0,128.0
v17_no_address_norm,3984,16,0.42788374423980713,0.8597608208656311,0.0625,128.0
v17_no_address_norm,4000,16,0.5161858797073364,0.8222415447235107,0.03125,128.0
v17_no_address_norm,4016,16,0.4428832530975342,0.8591821193695068,0.0390625,128.0
v17_no_address_norm,4032,16,0.4332432150840759,0.8600502014160156,0.0703125,128.0
v17_no_address_norm,4048,16,0.451459676027298,0.8532986044883728,0.0390625,128.0
v17_no_address_norm,4064,16,0.48102232813835144,0.8398919701576233,0.03125,128.0
v17_no_address_norm,4080,16,0.5018254518508911,0.8268711566925049,0.0078125,128.0
v17_no_address_norm,4096,16,0.48572471737861633,0.8402777910232544,0.046875,128.0
v17_no_address_norm,4112,16,0.4392648935317993,0.8560956716537476,0.0625,128.0
v17_no_address_norm,4128,16,0.4753566384315491,0.8375771641731262,0.0234375,128.0
v17_no_address_norm,4144,16,0.499275803565979,0.8366127014160156,0.0390625,128.0
v17_no_address_norm,4160,16,0.43125787377357483,0.8561921119689941,0.0390625,128.0
v17_no_address_norm,4176,16,0.44278600811958313,0.8568673133850098,0.0625,128.0
v17_no_address_norm,4192,16,0.5398942828178406,0.8157793283462524,0.0234375,128.0
v17_no_address_norm,4208,16,0.5070644617080688,0.8248456716537476,0.03125,128.0
v17_no_address_norm,4224,16,0.43814757466316223,0.8572531342506409,0.046875,128.0
v17_no_address_norm,4240,16,0.41086018085479736,0.8687307834625244,0.078125,128.0
v17_no_address_norm,4256,16,0.5235360264778137,0.8168402910232544,0.0078125,128.0
v17_no_address_norm,4272,16,0.4378325939178467,0.8511767387390137,0.0625,128.0
v17_no_address_norm,4288,16,0.4940532445907593,0.830825686454773,0.0234375,128.0
v17_no_address_norm,4304,16,0.417595237493515,0.8600502014160156,0.1328125,128.0
v17_no_address_norm,4320,16,0.5095617771148682,0.8234953880310059,0.0390625,128.0
v17_no_address_norm,4336,16,0.42150166630744934,0.86439049243927,0.0625,128.0
v17_no_address_norm,4352,16,0.42428329586982727,0.8624614477157593,0.078125,128.0
v17_no_address_norm,4368,16,0.4992779493331909,0.8323688507080078,0.0546875,128.0
v17_no_address_norm,4384,16,0.47159817814826965,0.8412423133850098,0.046875,128.0
v17_no_address_norm,4400,16,0.4945361912250519,0.8250386118888855,0.0234375,128.0
v17_no_address_norm,4416,16,0.46746426820755005,0.8390239477157593,0.0546875,128.0
v17_no_address_norm,4432,16,0.4378562569618225,0.8562886714935303,0.0546875,128.0
v17_no_address_norm,4448,16,0.496865838766098,0.8271605372428894,0.0234375,128.0
v17_no_address_norm,4464,16,0.49015411734580994,0.8380594253540039,0.0390625,128.0
v17_no_address_norm,4480,16,0.48147860169410706,0.8423032760620117,0.0546875,128.0
v17_no_address_norm,4496,16,0.45769003033638,0.8467400074005127,0.078125,128.0
v17_no_address_norm,4512,16,0.44955283403396606,0.849826455116272,0.0390625,128.0
v17_no_address_norm,4528,16,0.46840929985046387,0.8429784774780273,0.0390625,128.0
v17_no_address_norm,4544,16,0.5053018927574158,0.8268711566925049,0.0234375,128.0
v17_no_address_norm,4560,16,0.466442734003067,0.8416280746459961,0.0703125,128.0
v17_no_address_norm,4576,16,0.4963432252407074,0.8288002014160156,0.0234375,128.0
v17_no_address_norm,4592,16,0.44987714290618896,0.8478009700775146,0.03125,128.0
v17_no_address_norm,4608,16,0.5119091868400574,0.818383514881134,0.0,128.0
v17_no_address_norm,4624,16,0.4711379408836365,0.8394097089767456,0.078125,128.0
v17_no_address_norm,4640,16,0.4900752007961273,0.8364198207855225,0.0390625,128.0
v17_no_address_norm,4656,16,0.4960404932498932,0.8273534774780273,0.0234375,128.0
v17_no_address_norm,4672,16,0.49057090282440186,0.8310185670852661,0.0078125,128.0
v17_no_address_norm,4688,16,0.5101549029350281,0.8258101940155029,0.03125,128.0
v17_no_address_norm,4704,16,0.4496811628341675,0.8525270223617554,0.046875,128.0
v17_no_address_norm,4720,16,0.4688209891319275,0.8455826044082642,0.03125,128.0
v17_no_address_norm,4736,16,0.5017828345298767,0.8279321193695068,0.03125,128.0
v17_no_address_norm,4752,16,0.5088862180709839,0.8243634700775146,0.015625,128.0
v17_no_address_norm,4768,16,0.4875102937221527,0.8341049551963806,0.03125,128.0
v17_no_address_norm,4784,16,0.4701049327850342,0.8431712985038757,0.078125,128.0
v17_no_address_norm,4800,16,0.45877060294151306,0.8493441343307495,0.0703125,128.0
v17_no_address_norm,4816,16,0.5336062908172607,0.8177083730697632,0.0234375,128.0
v17_no_address_norm,4832,16,0.43114230036735535,0.8614969253540039,0.078125,128.0
v17_no_address_norm,4848,16,0.4589099586009979,0.8466435670852661,0.0703125,128.0
v17_no_address_norm,4864,16,0.4202277362346649,0.8629436492919922,0.0859375,128.0
v17_no_address_norm,4880,16,0.5068809390068054,0.8320795297622681,0.03125,128.0
v17_no_address_norm,4896,16,0.4371127784252167,0.8532021641731262,0.09375,128.0
v17_no_address_norm,4912,16,0.4408925175666809,0.8536844253540039,0.046875,128.0
v17_no_address_norm,4928,16,0.470481812953949,0.8402778506278992,0.0546875,128.0
v17_no_address_norm,4944,16,0.468005508184433,0.840374231338501,0.046875,128.0
v17_no_address_norm,4960,16,0.4898042678833008,0.8304398059844971,0.0234375,128.0
v17_no_address_norm,4976,16,0.43695002794265747,0.8532021641731262,0.1171875,128.0
v17_no_address_norm,4992,16,0.47697898745536804,0.837577223777771,0.0703125,128.0
v17_no_address_norm,5008,16,0.4626646935939789,0.8447145223617554,0.0625,128.0
v17_no_address_norm,5024,16,0.4933716058731079,0.8312114477157593,0.046875,128.0
v17_no_address_norm,5040,16,0.5087830424308777,0.8180941343307495,0.046875,128.0
v17_no_address_norm,5056,16,0.4205051362514496,0.8662229776382446,0.1640625,128.0
v17_no_address_norm,5072,16,0.5284719467163086,0.8107638955116272,0.046875,128.0
v17_no_address_norm,5088,16,0.40019896626472473,0.8646798133850098,0.140625,128.0
v17_no_address_norm,5104,16,0.4408911466598511,0.8511767387390137,0.1328125,128.0
v17_no_address_norm,5120,16,0.5788182616233826,0.7961033582687378,0.0234375,128.0
v17_no_address_norm,5136,16,0.4480205476284027,0.8401813507080078,0.0546875,128.0
v17_no_address_norm,5152,16,0.42526108026504517,0.8613040447235107,0.0625,128.0
v17_no_address_norm,5168,16,0.49833911657333374,0.8253279328346252,0.03125,128.0
v17_no_address_norm,5184,16,0.4439763128757477,0.8558063507080078,0.046875,128.0
v17_no_address_norm,5200,16,0.47448650002479553,0.8411458730697632,0.03125,128.0
v17_no_address_norm,5216,16,0.4535863995552063,0.8451003432273865,0.0546875,128.0
v17_no_address_norm,5232,16,0.4995120167732239,0.8317901492118835,0.0234375,128.0
v17_no_address_norm,5248,16,0.49628153443336487,0.8231096267700195,0.0390625,128.0
v17_no_address_norm,5264,16,0.5013824105262756,0.827064037322998,0.03125,128.0
v17_no_address_norm,5280,16,0.5368234515190125,0.8189622163772583,0.03125,128.0
v17_no_address_norm,5296,16,0.4895704984664917,0.8303433656692505,0.0390625,128.0
v17_no_address_norm,5312,16,0.44661322236061096,0.8546489477157593,0.0625,128.0
v17_no_address_norm,5328,16,0.48831409215927124,0.8381558656692505,0.046875,128.0
v17_no_address_norm,5344,16,0.4274023175239563,0.8538773059844971,0.125,128.0
v17_no_address_norm,5360,16,0.521559476852417,0.8181906342506409,0.015625,128.0
v17_no_address_norm,5376,16,0.4991430938243866,0.8287037014961243,0.0546875,128.0
v17_no_address_norm,5392,16,0.4775944650173187,0.838445246219635,0.1015625,128.0
v17_no_address_norm,5408,16,0.5632424354553223,0.7965856790542603,0.0078125,128.0
v17_no_address_norm,5424,16,0.5823257565498352,0.7847222089767456,0.0234375,128.0
v17_no_address_norm,5440,16,0.40111973881721497,0.8680555820465088,0.09375,128.0
v17_no_address_norm,5456,16,0.5068440437316895,0.8288002014160156,0.0234375,128.0
v17_no_address_norm,5472,16,0.44368380308151245,0.8515625,0.046875,128.0
v17_no_address_norm,5488,16,0.5413281321525574,0.8138503432273865,0.0234375,128.0
v17_no_address_norm,5504,16,0.48155733942985535,0.8334298133850098,0.046875,128.0
v17_no_address_norm,5520,16,0.5323368906974792,0.8217592835426331,0.015625,128.0
v17_no_address_norm,5536,16,0.4973904490470886,0.8214699029922485,0.046875,128.0
v17_no_address_norm,5552,16,0.43760356307029724,0.8568673133850098,0.09375,128.0
v17_no_address_norm,5568,16,0.5493478775024414,0.8097994327545166,0.0390625,128.0
v17_no_address_norm,5584,16,0.46415141224861145,0.8405671715736389,0.09375,128.0
v17_no_address_norm,5600,16,0.5079363584518433,0.8282214403152466,0.03125,128.0
v17_no_address_norm,5616,16,0.4043535888195038,0.8695987462997437,0.125,128.0
v17_no_address_norm,5632,16,0.5489024519920349,0.8115354776382446,0.015625,128.0
v17_no_address_norm,5648,16,0.48270443081855774,0.8330440521240234,0.0859375,128.0
v17_no_address_norm,5664,16,0.4758603870868683,0.8376736044883728,0.078125,128.0
v17_no_address_norm,5680,16,0.526278555393219,0.8174189925193787,0.0390625,128.0
v17_no_address_norm,5696,16,0.524956464767456,0.8123071193695068,0.03125,128.0
v17_no_address_norm,5712,16,0.48453834652900696,0.831500768661499,0.0859375,128.0
v17_no_address_norm,5728,16,0.4841897189617157,0.8276427388191223,0.109375,128.0
v17_no_address_norm,5744,16,0.4110415577888489,0.8612076044082642,0.140625,128.0
v17_no_address_norm,5760,16,0.5067324638366699,0.8218557238578796,0.046875,128.0
v17_no_address_norm,5776,16,0.48035842180252075,0.8313078880310059,0.0390625,128.0
v17_no_address_norm,5792,16,0.4726163446903229,0.8370949029922485,0.0703125,128.0
v17_no_address_norm,5808,16,0.5432696342468262,0.8161650896072388,0.0234375,128.0
v17_no_address_norm,5824,16,0.4364722967147827,0.8561921119689941,0.078125,128.0
v17_no_address_norm,5840,16,0.45823678374290466,0.8459683656692505,0.078125,128.0
v17_no_address_norm,5856,16,0.5505110621452332,0.8055555820465088,0.046875,128.0
v17_no_address_norm,5872,16,0.41402867436408997,0.8598573207855225,0.1640625,128.0
v17_no_address_norm,5888,16,0.507842481136322,0.8235918283462524,0.046875,128.0
v17_no_address_norm,5904,16,0.5022580623626709,0.823013186454773,0.078125,128.0
v17_no_address_norm,5920,16,0.512610137462616,0.8260995745658875,0.0625,128.0
v17_no_address_norm,5936,16,0.434230774641037,0.8600502014160156,0.09375,128.0
v17_no_address_norm,5952,16,0.4683193862438202,0.8429783582687378,0.0703125,128.0
v17_no_address_norm,5968,16,0.4932922124862671,0.8287037014961243,0.0390625,128.0
v17_no_address_norm,5984,16,0.5418309569358826,0.811439037322998,0.0390625,128.0
v17_no_address_norm,6000,16,0.4981335699558258,0.8269676566123962,0.046875,128.0
v17_no_norm_memory_read,16,16,1.7733808755874634,0.38049769401550293,0.0,128.0
v17_no_norm_memory_read,32,16,1.6130969524383545,0.38609182834625244,0.0,128.0
v17_no_norm_memory_read,48,16,1.5810439586639404,0.3944830298423767,0.0,128.0
v17_no_norm_memory_read,64,16,1.572266697883606,0.3941936790943146,0.0,128.0
v17_no_norm_memory_read,80,16,1.5611193180084229,0.39814814925193787,0.0,128.0
v17_no_norm_memory_read,96,16,1.5692193508148193,0.39602625370025635,0.0,128.0
v17_no_norm_memory_read,112,16,1.5693436861038208,0.3967013955116272,0.0,128.0
v17_no_norm_memory_read,128,16,1.5544899702072144,0.41290509700775146,0.0,128.0
v17_no_norm_memory_read,144,16,1.5414656400680542,0.4114583730697632,0.0,128.0
v17_no_norm_memory_read,160,16,1.4817732572555542,0.4479166865348816,0.0,128.0
v17_no_norm_memory_read,176,16,1.4651440382003784,0.4509066343307495,0.0,128.0
v17_no_norm_memory_read,192,16,1.4215993881225586,0.46730324625968933,0.0,128.0
v17_no_norm_memory_read,208,16,1.3789451122283936,0.4705825746059418,0.0,128.0
v17_no_norm_memory_read,224,16,1.3741048574447632,0.472222238779068,0.0,128.0
v17_no_norm_memory_read,240,16,1.3289544582366943,0.48591822385787964,0.0,128.0
v17_no_norm_memory_read,256,16,1.333298921585083,0.4821566343307495,0.0,128.0
v17_no_norm_memory_read,272,16,1.3499634265899658,0.4809027910232544,0.0,128.0
v17_no_norm_memory_read,288,16,1.3257094621658325,0.48408564925193787,0.0,128.0
v17_no_norm_memory_read,304,16,1.3498326539993286,0.4757908880710602,0.0,128.0
v17_no_norm_memory_read,320,16,1.3148361444473267,0.4862075746059418,0.0,128.0
v17_no_norm_memory_read,336,16,1.3021965026855469,0.4899691343307495,0.0,128.0
v17_no_norm_memory_read,352,16,1.2803856134414673,0.496624231338501,0.0,128.0
v17_no_norm_memory_read,368,16,1.2790493965148926,0.4987461566925049,0.0,128.0
v17_no_norm_memory_read,384,16,1.2937967777252197,0.4908372163772583,0.0,128.0
v17_no_norm_memory_read,400,16,1.302868366241455,0.4924768805503845,0.0,128.0
v17_no_norm_memory_read,416,16,1.2940558195114136,0.48765432834625244,0.0,128.0
v17_no_norm_memory_read,432,16,1.2725178003311157,0.4995177388191223,0.0,128.0
v17_no_norm_memory_read,448,16,1.2236889600753784,0.5172646641731262,0.0,128.0
v17_no_norm_memory_read,464,16,1.233004093170166,0.5108025074005127,0.0,128.0
v17_no_norm_memory_read,480,16,1.2613784074783325,0.4995177388191223,0.0,128.0
v17_no_norm_memory_read,496,16,1.2500163316726685,0.499035507440567,0.0,128.0
v17_no_norm_memory_read,512,16,1.2349967956542969,0.5134066343307495,0.0,128.0
v17_no_norm_memory_read,528,16,1.2352384328842163,0.5060763955116272,0.0,128.0
v17_no_norm_memory_read,544,16,1.2114040851593018,0.5222800970077515,0.0,128.0
v17_no_norm_memory_read,560,16,1.192063570022583,0.5224729776382446,0.0,128.0
v17_no_norm_memory_read,576,16,1.2247587442398071,0.5068479776382446,0.0,128.0
v17_no_norm_memory_read,592,16,1.213169813156128,0.5155285596847534,0.0,128.0
v17_no_norm_memory_read,608,16,1.2211202383041382,0.5128279328346252,0.0,128.0
v17_no_norm_memory_read,624,16,1.212195634841919,0.5118634700775146,0.0,128.0
v17_no_norm_memory_read,640,16,1.2016406059265137,0.5163002014160156,0.0,128.0
v17_no_norm_memory_read,656,16,1.1833322048187256,0.5257523059844971,0.0,128.0
v17_no_norm_memory_read,672,16,1.215894103050232,0.5124421119689941,0.0,128.0
v17_no_norm_memory_read,688,16,1.1971274614334106,0.511188268661499,0.0,128.0
v17_no_norm_memory_read,704,16,1.204587459564209,0.5193865895271301,0.0,128.0
v17_no_norm_memory_read,720,16,1.2037636041641235,0.5097415447235107,0.0,128.0
v17_no_norm_memory_read,736,16,1.1805355548858643,0.526813268661499,0.0,128.0
v17_no_norm_memory_read,752,16,1.1584995985031128,0.5322145223617554,0.0,128.0
v17_no_norm_memory_read,768,16,1.152037262916565,0.5285494327545166,0.0,128.0
v17_no_norm_memory_read,784,16,1.1644222736358643,0.5265238881111145,0.0,128.0
v17_no_norm_memory_read,800,16,1.180416464805603,0.5236303806304932,0.0,128.0
v17_no_norm_memory_read,816,16,1.1622989177703857,0.5190972089767456,0.0,128.0
v17_no_norm_memory_read,832,16,1.1433311700820923,0.5313464403152466,0.0,128.0
v17_no_norm_memory_read,848,16,1.153109073638916,0.5314428806304932,0.0,128.0
v17_no_norm_memory_read,864,16,1.1574907302856445,0.5265239477157593,0.0,128.0
v17_no_norm_memory_read,880,16,1.2016104459762573,0.5130208730697632,0.0,128.0
v17_no_norm_memory_read,896,16,1.1748603582382202,0.5150462985038757,0.0,128.0
v17_no_norm_memory_read,912,16,1.1454840898513794,0.5289351940155029,0.0,128.0
v17_no_norm_memory_read,928,16,1.1181496381759644,0.5423418283462524,0.0,128.0
v17_no_norm_memory_read,944,16,1.1866580247879028,0.5148533582687378,0.0,128.0
v17_no_norm_memory_read,960,16,1.1506389379501343,0.5246914029121399,0.0,128.0
v17_no_norm_memory_read,976,16,1.1244789361953735,0.5404127836227417,0.0,128.0
v17_no_norm_memory_read,992,16,1.1090130805969238,0.542438268661499,0.0,128.0
v17_no_norm_memory_read,1008,16,1.1507856845855713,0.5230516791343689,0.0,128.0
v17_no_norm_memory_read,1024,16,1.1413346529006958,0.5304783582687378,0.0,128.0
v17_no_norm_memory_read,1040,16,1.1198575496673584,0.5418596267700195,0.0,128.0
v17_no_norm_memory_read,1056,16,1.0658522844314575,0.559124231338501,0.0,128.0
v17_no_norm_memory_read,1072,16,1.0988080501556396,0.5431134700775146,0.0,128.0
v17_no_norm_memory_read,1088,16,1.0767533779144287,0.5590277910232544,0.0,128.0
v17_no_norm_memory_read,1104,16,1.082153081893921,0.5602816343307495,0.0,128.0
v17_no_norm_memory_read,1120,16,1.0846161842346191,0.5499614477157593,0.0,128.0
v17_no_norm_memory_read,1136,16,1.1052615642547607,0.5387731790542603,0.0,128.0
v17_no_norm_memory_read,1152,16,1.083372950553894,0.5517940521240234,0.0,128.0
v17_no_norm_memory_read,1168,16,1.0792239904403687,0.5407986044883728,0.0,128.0
v17_no_norm_memory_read,1184,16,1.0807615518569946,0.5511188507080078,0.0,128.0
v17_no_norm_memory_read,1200,16,1.0869804620742798,0.5465856790542603,0.0,128.0
v17_no_norm_memory_read,1216,16,1.0965818166732788,0.5407986640930176,0.0,128.0
v17_no_norm_memory_read,1232,16,1.0893583297729492,0.5426311492919922,0.0,128.0
v17_no_norm_memory_read,1248,16,1.0801433324813843,0.5539159178733826,0.0,128.0
v17_no_norm_memory_read,1264,16,1.0953460931777954,0.5448495149612427,0.0,128.0
v17_no_norm_memory_read,1280,16,1.0993415117263794,0.5398340821266174,0.0,128.0
v17_no_norm_memory_read,1296,16,1.069154977798462,0.5534336566925049,0.0,128.0
v17_no_norm_memory_read,1312,16,1.0566489696502686,0.5523726940155029,0.0,128.0
v17_no_norm_memory_read,1328,16,1.070380687713623,0.5625,0.0,128.0
v17_no_norm_memory_read,1344,16,1.0646921396255493,0.545814037322998,0.0,128.0
v17_no_norm_memory_read,1360,16,1.049835443496704,0.5628857612609863,0.0,128.0
v17_no_norm_memory_read,1376,16,1.0467989444732666,0.5625,0.0,128.0
v17_no_norm_memory_read,1392,16,1.0448338985443115,0.5620177388191223,0.0,128.0
v17_no_norm_memory_read,1408,16,1.059059739112854,0.5550733208656311,0.0,128.0
v17_no_norm_memory_read,1424,16,1.0355218648910522,0.5653935074806213,0.0,128.0
v17_no_norm_memory_read,1440,16,1.055004596710205,0.5546875,0.0,128.0
v17_no_norm_memory_read,1456,16,1.07704758644104,0.5477430820465088,0.0,128.0
v17_no_norm_memory_read,1472,16,1.0595340728759766,0.5532407164573669,0.0,128.0
v17_no_norm_memory_read,1488,16,1.0370835065841675,0.5618248581886292,0.0,128.0
v17_no_norm_memory_read,1504,16,1.0455230474472046,0.5592206716537476,0.0,128.0
v17_no_norm_memory_read,1520,16,1.069993495941162,0.546875,0.0,128.0
v17_no_norm_memory_read,1536,16,1.0410391092300415,0.5645254850387573,0.0,128.0
v17_no_norm_memory_read,1552,16,1.0561999082565308,0.5491898059844971,0.0,128.0
v17_no_norm_memory_read,1568,16,1.0471792221069336,0.553626537322998,0.0,128.0
v17_no_norm_memory_read,1584,16,1.0354561805725098,0.5689622163772583,0.0,128.0
v17_no_norm_memory_read,1600,16,1.0304780006408691,0.5574846267700195,0.0,128.0
v17_no_norm_memory_read,1616,16,1.0131434202194214,0.5700231790542603,0.0,128.0
v17_no_norm_memory_read,1632,16,1.0305486917495728,0.5629822611808777,0.0,128.0
v17_no_norm_memory_read,1648,16,1.0240803956985474,0.5645254850387573,0.0,128.0
v17_no_norm_memory_read,1664,16,1.0153906345367432,0.5703125,0.0,128.0
v17_no_norm_memory_read,1680,16,1.0288043022155762,0.5637538433074951,0.0,128.0
v17_no_norm_memory_read,1696,16,1.0113420486450195,0.5687693357467651,0.0,128.0
v17_no_norm_memory_read,1712,16,1.0338934659957886,0.5590277910232544,0.0,128.0
v17_no_norm_memory_read,1728,16,1.0319246053695679,0.5647183656692505,0.0,128.0
v17_no_norm_memory_read,1744,16,1.0101113319396973,0.5704089403152466,0.0,128.0
v17_no_norm_memory_read,1760,16,1.0085697174072266,0.5750386118888855,0.0,128.0
v17_no_norm_memory_read,1776,16,1.0436835289001465,0.5579668879508972,0.0,128.0
v17_no_norm_memory_read,1792,16,1.0316009521484375,0.5598958730697632,0.0,128.0
v17_no_norm_memory_read,1808,16,1.0229105949401855,0.5607638955116272,0.0,128.0
v17_no_norm_memory_read,1824,16,1.0056910514831543,0.5749421119689941,0.0,128.0
v17_no_norm_memory_read,1840,16,1.0080465078353882,0.566936731338501,0.0,128.0
v17_no_norm_memory_read,1856,16,1.0207749605178833,0.5664544701576233,0.0,128.0
v17_no_norm_memory_read,1872,16,1.0174399614334106,0.5663580298423767,0.0,128.0
v17_no_norm_memory_read,1888,16,1.0107247829437256,0.5657793283462524,0.0,128.0
v17_no_norm_memory_read,1904,16,0.9993050694465637,0.5745563507080078,0.0,128.0
v17_no_norm_memory_read,1920,16,1.0250685214996338,0.5625,0.0,128.0
v17_no_norm_memory_read,1936,16,1.0325770378112793,0.5609568357467651,0.0,128.0
v17_no_norm_memory_read,1952,16,1.0177743434906006,0.5583526492118835,0.0,128.0
v17_no_norm_memory_read,1968,16,1.0017465353012085,0.5711805820465088,0.0,128.0
v17_no_norm_memory_read,1984,16,1.0323725938796997,0.5581597089767456,0.0,128.0
v17_no_norm_memory_read,2000,16,0.9968247413635254,0.5818865895271301,0.0,128.0
v17_no_norm_memory_read,2016,16,1.0219459533691406,0.5606673955917358,0.0,128.0
v17_no_norm_memory_read,2032,16,0.9830367565155029,0.5784143209457397,0.0,128.0
v17_no_norm_memory_read,2048,16,0.99660325050354,0.5759066343307495,0.0,128.0
v17_no_norm_memory_read,2064,16,1.0118927955627441,0.573688268661499,0.0,128.0
v17_no_norm_memory_read,2080,16,0.9822933077812195,0.5779321193695068,0.0,128.0
v17_no_norm_memory_read,2096,16,0.9874661564826965,0.571373462677002,0.0,128.0
v17_no_norm_memory_read,2112,16,0.9952325224876404,0.5793788433074951,0.0,128.0
v17_no_norm_memory_read,2128,16,1.0014092922210693,0.5679976940155029,0.0,128.0
v17_no_norm_memory_read,2144,16,0.984550416469574,0.5795717835426331,0.0,128.0
v17_no_norm_memory_read,2160,16,0.9823444485664368,0.5827546715736389,0.0,128.0
v17_no_norm_memory_read,2176,16,1.0030851364135742,0.5707947611808777,0.0,128.0
v17_no_norm_memory_read,2192,16,0.9751306772232056,0.5837191343307495,0.0,128.0
v17_no_norm_memory_read,2208,16,0.9691809415817261,0.5847800970077515,0.0,128.0
v17_no_norm_memory_read,2224,16,0.9832924604415894,0.5786072611808777,0.0,128.0
v17_no_norm_memory_read,2240,16,0.9819270968437195,0.5726273059844971,0.0,128.0
v17_no_norm_memory_read,2256,16,0.9929105639457703,0.5771605372428894,0.0,128.0
v17_no_norm_memory_read,2272,16,0.9929206371307373,0.5724344253540039,0.0,128.0
v17_no_norm_memory_read,2288,16,0.9821978807449341,0.5741705298423767,0.0,128.0
v17_no_norm_memory_read,2304,16,0.9827889204025269,0.5732060670852661,0.0,128.0
v17_no_norm_memory_read,2320,16,1.006683349609375,0.5687693357467651,0.0,128.0
v17_no_norm_memory_read,2336,16,0.9747591018676758,0.5795717835426331,0.0,128.0
v17_no_norm_memory_read,2352,16,0.9901745915412903,0.5720486640930176,0.0,128.0
v17_no_norm_memory_read,2368,16,0.9847882986068726,0.5734953880310059,0.0,128.0
v17_no_norm_memory_read,2384,16,0.9796066284179688,0.5746527910232544,0.0,128.0
kv_interpolated_read_ng0,16,16,2.4846889972686768,0.0885416716337204,0.0,128.0
kv_interpolated_read_ng0,32,16,2.4377429485321045,0.10262346267700195,0.0,128.0
kv_interpolated_read_ng0,48,16,2.3678531646728516,0.14728009700775146,0.0,128.0
kv_interpolated_read_ng0,64,16,2.283552885055542,0.19299767911434174,0.0,128.0
kv_interpolated_read_ng0,80,16,2.171682834625244,0.2596450448036194,0.0,128.0
kv_interpolated_read_ng0,96,16,2.074617385864258,0.31491124629974365,0.0,128.0
kv_interpolated_read_ng0,112,16,1.9826500415802002,0.37606096267700195,0.0,128.0
kv_interpolated_read_ng0,128,16,1.8959468603134155,0.38956403732299805,0.0,128.0
kv_interpolated_read_ng0,144,16,1.8225793838500977,0.395061731338501,0.0,128.0
kv_interpolated_read_ng0,160,16,1.7542355060577393,0.3989197611808777,0.0,128.0
kv_interpolated_read_ng0,176,16,1.6946741342544556,0.4071180522441864,0.0,128.0
kv_interpolated_read_ng0,192,16,1.6429164409637451,0.413098007440567,0.0,128.0
kv_interpolated_read_ng0,208,16,1.6052393913269043,0.4257330298423767,0.0,128.0
kv_interpolated_read_ng0,224,16,1.574009656906128,0.43634259700775146,0.0,128.0
kv_interpolated_read_ng0,240,16,1.5183672904968262,0.45109954476356506,0.0,128.0
kv_interpolated_read_ng0,256,16,1.4974665641784668,0.4547646641731262,0.0,128.0
kv_interpolated_read_ng0,272,16,1.4556807279586792,0.4643132984638214,0.0,128.0
kv_interpolated_read_ng0,288,16,1.4403808116912842,0.4666281044483185,0.0,128.0
kv_interpolated_read_ng0,304,16,1.3995766639709473,0.47627317905426025,0.0,128.0
kv_interpolated_read_ng0,320,16,1.3748756647109985,0.4752122163772583,0.0,128.0
kv_interpolated_read_ng0,336,16,1.368876338005066,0.4753086566925049,0.0,128.0
kv_interpolated_read_ng0,352,16,1.3472957611083984,0.48206019401550293,0.0,128.0
kv_interpolated_read_ng0,368,16,1.333823561668396,0.48061344027519226,0.0,128.0
kv_interpolated_read_ng0,384,16,1.3273398876190186,0.4787808656692505,0.0,128.0
kv_interpolated_read_ng0,400,16,1.3118948936462402,0.48553240299224854,0.0,128.0
kv_interpolated_read_ng0,416,16,1.3068453073501587,0.4825424551963806,0.0,128.0
kv_interpolated_read_ng0,432,16,1.3066420555114746,0.4826388955116272,0.0,128.0
kv_interpolated_read_ng0,448,16,1.2833906412124634,0.48804014921188354,0.0,128.0
kv_interpolated_read_ng0,464,16,1.277990698814392,0.4887152910232544,0.0,128.0
kv_interpolated_read_ng0,480,16,1.2881991863250732,0.48533952236175537,0.0,128.0
kv_interpolated_read_ng0,496,16,1.27711021900177,0.4964313507080078,0.0,128.0
kv_interpolated_read_ng0,512,16,1.2695692777633667,0.496624231338501,0.0,128.0
kv_interpolated_read_ng0,528,16,1.2600222826004028,0.4978781044483185,0.0,128.0
kv_interpolated_read_ng0,544,16,1.2514513731002808,0.5021219253540039,0.0,128.0
kv_interpolated_read_ng0,560,16,1.2259020805358887,0.5093557238578796,0.0,128.0
kv_interpolated_read_ng0,576,16,1.2520458698272705,0.5012539029121399,0.0,128.0
kv_interpolated_read_ng0,592,16,1.2338935136795044,0.506944477558136,0.0,128.0
kv_interpolated_read_ng0,608,16,1.2279871702194214,0.5065586566925049,0.0,128.0
kv_interpolated_read_ng0,624,16,1.212861180305481,0.5119599103927612,0.0,128.0
kv_interpolated_read_ng0,640,16,1.2023956775665283,0.518132746219635,0.0,128.0
kv_interpolated_read_ng0,656,16,1.1961085796356201,0.5232446193695068,0.0,128.0
kv_interpolated_read_ng0,672,16,1.2072898149490356,0.5177469253540039,0.0,128.0
kv_interpolated_read_ng0,688,16,1.1866401433944702,0.5195795297622681,0.0,128.0
kv_interpolated_read_ng0,704,16,1.1928895711898804,0.5189043283462524,0.0,128.0
kv_interpolated_read_ng0,720,16,1.1946611404418945,0.5155285596847534,0.0,128.0
kv_interpolated_read_ng0,736,16,1.2020519971847534,0.5195795297622681,0.0,128.0
kv_interpolated_read_ng0,752,16,1.1624741554260254,0.5319252014160156,0.0,128.0
kv_interpolated_read_ng0,768,16,1.1743954420089722,0.5269097089767456,0.0,128.0
kv_interpolated_read_ng0,784,16,1.1704638004302979,0.5240162014961243,0.0,128.0
kv_interpolated_read_ng0,800,16,1.1645368337631226,0.5294174551963806,0.0,128.0
kv_interpolated_read_ng0,816,16,1.1600059270858765,0.53125,0.0,128.0
kv_interpolated_read_ng0,832,16,1.1466891765594482,0.5363618731498718,0.0,128.0
kv_interpolated_read_ng0,848,16,1.154579520225525,0.537133514881134,0.0,128.0
kv_interpolated_read_ng0,864,16,1.1315851211547852,0.5435957312583923,0.0,128.0
kv_interpolated_read_ng0,880,16,1.1173714399337769,0.5499614477157593,0.0,128.0
kv_interpolated_read_ng0,896,16,1.1207425594329834,0.549382746219635,0.0,128.0
kv_interpolated_read_ng0,912,16,1.1021125316619873,0.5602816343307495,0.0,128.0
kv_interpolated_read_ng0,928,16,1.0926858186721802,0.5617284178733826,0.0,128.0
kv_interpolated_read_ng0,944,16,1.1120432615280151,0.5532407760620117,0.0,128.0
kv_interpolated_read_ng0,960,16,1.0869441032409668,0.5652971267700195,0.0,128.0
kv_interpolated_read_ng0,976,16,1.0709935426712036,0.5725308656692505,0.0,128.0
kv_interpolated_read_ng0,992,16,1.0669547319412231,0.5704089403152466,0.0,128.0
kv_interpolated_read_ng0,1008,16,1.0671683549880981,0.5760030746459961,0.0,128.0
kv_interpolated_read_ng0,1024,16,1.0734999179840088,0.5689622163772583,0.0,128.0
kv_interpolated_read_ng0,1040,16,1.0693601369857788,0.571373462677002,0.0,128.0
kv_interpolated_read_ng0,1056,16,1.034125566482544,0.5895061492919922,0.0,128.0
kv_interpolated_read_ng0,1072,16,1.0383331775665283,0.5888310670852661,0.0,128.0
kv_interpolated_read_ng0,1088,16,1.025065302848816,0.5902777910232544,0.0,128.0
kv_interpolated_read_ng0,1104,16,0.9955372214317322,0.6056134700775146,0.0,128.0
kv_interpolated_read_ng0,1120,16,1.0064072608947754,0.6007909178733826,0.0,128.0
kv_interpolated_read_ng0,1136,16,1.008652925491333,0.6020447611808777,0.0,128.0
kv_interpolated_read_ng0,1152,16,0.9713597297668457,0.6254822611808777,0.0,128.0
kv_interpolated_read_ng0,1168,16,0.9678487181663513,0.6230709552764893,0.0,128.0
kv_interpolated_read_ng0,1184,16,0.9716246724128723,0.6234568357467651,0.0,128.0
kv_interpolated_read_ng0,1200,16,0.9887134432792664,0.6221064925193787,0.0,128.0
kv_interpolated_read_ng0,1216,16,0.9578984975814819,0.6297261118888855,0.0,128.0
kv_interpolated_read_ng0,1232,16,0.9426547288894653,0.6359953880310059,0.0,128.0
kv_interpolated_read_ng0,1248,16,0.9100946187973022,0.6511380672454834,0.0,128.0
kv_interpolated_read_ng0,1264,16,0.9332597255706787,0.6428433656692505,0.0,128.0
kv_interpolated_read_ng0,1280,16,0.9281023144721985,0.6396604776382446,0.0,128.0
kv_interpolated_read_ng0,1296,16,0.920120894908905,0.6476658582687378,0.0,128.0
kv_interpolated_read_ng0,1312,16,0.8689725399017334,0.6733217239379883,0.0,128.0
kv_interpolated_read_ng0,1328,16,0.8823798894882202,0.6714892387390137,0.0,128.0
kv_interpolated_read_ng0,1344,16,0.8790064454078674,0.6691744327545166,0.0,128.0
kv_interpolated_read_ng0,1360,16,0.8814575672149658,0.6730324029922485,0.0,128.0
kv_interpolated_read_ng0,1376,16,0.879270613193512,0.6742862462997437,0.0,128.0
kv_interpolated_read_ng0,1392,16,0.8545083999633789,0.6817129850387573,0.0,128.0
kv_interpolated_read_ng0,1408,16,0.8587648868560791,0.6815200448036194,0.0,128.0
kv_interpolated_read_ng0,1424,16,0.7815544009208679,0.7190393209457397,0.0,128.0
kv_interpolated_read_ng0,1440,16,0.8226103186607361,0.7023534178733826,0.0,128.0
kv_interpolated_read_ng0,1456,16,0.8247694969177246,0.7030285596847534,0.0,128.0
kv_interpolated_read_ng0,1472,16,0.8596289753913879,0.6890432834625244,0.0,128.0
kv_interpolated_read_ng0,1488,16,0.7843083143234253,0.7253086566925049,0.0,128.0
kv_interpolated_read_ng0,1504,16,0.806328296661377,0.7109375,0.0,128.0
kv_interpolated_read_ng0,1520,16,0.7559168934822083,0.7326388955116272,0.0,128.0
kv_interpolated_read_ng0,1536,16,0.7680922746658325,0.7347607612609863,0.0,128.0
kv_interpolated_read_ng0,1552,16,0.7536256909370422,0.7374614477157593,0.0,128.0
kv_interpolated_read_ng0,1568,16,0.7529771327972412,0.732446014881134,0.0,128.0
kv_interpolated_read_ng0,1584,16,0.8289493918418884,0.7100694179534912,0.0,128.0
kv_interpolated_read_ng0,1600,16,0.7441273927688599,0.7336034774780273,0.0,128.0
kv_interpolated_read_ng0,1616,16,0.718755841255188,0.7553048133850098,0.0,128.0
kv_interpolated_read_ng0,1632,16,0.7239661812782288,0.7554012537002563,0.0,128.0
kv_interpolated_read_ng0,1648,16,0.7688525915145874,0.7391011118888855,0.0,128.0
kv_interpolated_read_ng0,1664,16,0.7195586562156677,0.753375768661499,0.0,128.0
kv_interpolated_read_ng0,1680,16,0.6822706460952759,0.774016261100769,0.0,128.0
kv_interpolated_read_ng0,1696,16,0.6400099992752075,0.7929205894470215,0.0,128.0
kv_interpolated_read_ng0,1712,16,0.6685735583305359,0.7845293283462524,0.0,128.0
kv_interpolated_read_ng0,1728,16,0.6359223127365112,0.799575686454773,0.0078125,128.0
kv_interpolated_read_ng0,1744,16,0.7073344588279724,0.7719907760620117,0.0,128.0
kv_interpolated_read_ng0,1760,16,0.727977454662323,0.7608989477157593,0.0,128.0
kv_interpolated_read_ng0,1776,16,0.7254104018211365,0.7529900074005127,0.0,128.0
kv_interpolated_read_ng0,1792,16,0.6539471745491028,0.7996721267700195,0.0078125,128.0
kv_interpolated_read_ng0,1808,16,0.626089334487915,0.8109568357467651,0.0078125,128.0
kv_interpolated_read_ng0,1824,16,0.5367577075958252,0.8525270223617554,0.0,128.0
kv_interpolated_read_ng0,1840,16,0.5771402716636658,0.8356481790542603,0.0078125,128.0
kv_interpolated_read_ng0,1856,16,0.5371856689453125,0.8419174551963806,0.015625,128.0
kv_interpolated_read_ng0,1872,16,0.5591009259223938,0.8372878432273865,0.0078125,128.0
kv_interpolated_read_ng0,1888,16,0.6519976258277893,0.7861690521240234,0.0,128.0
kv_interpolated_read_ng0,1904,16,0.5428421497344971,0.8441358804702759,0.0234375,128.0
kv_interpolated_read_ng0,1920,16,0.6349475979804993,0.7876157760620117,0.015625,128.0
kv_interpolated_read_ng0,1936,16,0.6030619144439697,0.8074846267700195,0.0078125,128.0
kv_interpolated_read_ng0,1952,16,0.5999267101287842,0.7991898655891418,0.0,128.0
kv_interpolated_read_ng0,1968,16,0.5750994682312012,0.8245563507080078,0.0,128.0
kv_interpolated_read_ng0,1984,16,0.5277374386787415,0.850694477558136,0.0078125,128.0
kv_interpolated_read_ng0,2000,16,0.503128170967102,0.8636188507080078,0.0078125,128.0
kv_interpolated_read_ng0,2016,16,0.477114200592041,0.876060962677002,0.0078125,128.0
kv_interpolated_read_ng0,2032,16,0.47348538041114807,0.8802083730697632,0.0234375,128.0
kv_interpolated_read_ng0,2048,16,0.49665018916130066,0.8673804402351379,0.0078125,128.0
kv_interpolated_read_ng0,2064,16,0.44698402285575867,0.8903356790542603,0.015625,128.0
kv_interpolated_read_ng0,2080,16,0.4880297780036926,0.8812693357467651,0.015625,128.0
kv_interpolated_read_ng0,2096,16,0.4836220145225525,0.8735532760620117,0.0078125,128.0
kv_interpolated_read_ng0,2112,16,0.4730626046657562,0.8737461566925049,0.015625,128.0
kv_interpolated_read_ng0,2128,16,0.581773042678833,0.8154899477958679,0.0,128.0
kv_interpolated_read_ng0,2144,16,0.527151882648468,0.8359375,0.0234375,128.0
kv_interpolated_read_ng0,2160,16,0.6657140254974365,0.775945246219635,0.015625,128.0
kv_interpolated_read_ng0,2176,16,0.4943029284477234,0.8620756268501282,0.0,128.0
kv_interpolated_read_ng0,2192,16,0.41973480582237244,0.9067323207855225,0.046875,128.0
kv_interpolated_read_ng0,2208,16,0.46141937375068665,0.8874421715736389,0.03125,128.0
kv_interpolated_read_ng0,2224,16,0.42836564779281616,0.9015239477157593,0.0234375,128.0
kv_interpolated_read_ng0,2240,16,0.4078611135482788,0.9122298955917358,0.0625,128.0
kv_interpolated_read_ng0,2256,16,0.4278360605239868,0.8954475522041321,0.03125,128.0
kv_interpolated_read_ng0,2272,16,0.44886279106140137,0.8920717835426331,0.046875,128.0
kv_interpolated_read_ng0,2288,16,0.42015397548675537,0.9030671715736389,0.0390625,128.0
kv_interpolated_read_ng0,2304,16,0.4677296578884125,0.8849344253540039,0.015625,128.0
kv_interpolated_read_ng0,2320,16,0.433712899684906,0.9002701044082642,0.0234375,128.0
kv_interpolated_read_ng0,2336,16,0.44012966752052307,0.8901427984237671,0.0390625,128.0
kv_interpolated_read_ng0,2352,16,0.5730299353599548,0.8084490895271301,0.0,128.0
kv_interpolated_read_ng0,2368,16,0.6625753045082092,0.7589699029922485,0.0,128.0
kv_interpolated_read_ng0,2384,16,0.5984305739402771,0.7903163433074951,0.0,128.0
kv_interpolated_read_ng0,2400,16,0.5608718991279602,0.8126929402351379,0.0078125,128.0
kv_interpolated_read_ng0,2416,16,0.6026291847229004,0.7971643805503845,0.0078125,128.0
kv_interpolated_read_ng0,2432,16,0.5654844045639038,0.8180941343307495,0.0078125,128.0
kv_interpolated_read_ng0,2448,16,0.3690299689769745,0.9147376418113708,0.078125,128.0
kv_interpolated_read_ng0,2464,16,0.4944903254508972,0.8695023059844971,0.0234375,128.0
kv_interpolated_read_ng0,2480,16,0.4008525311946869,0.9113619327545166,0.078125,128.0
kv_interpolated_read_ng0,2496,16,0.40928903222084045,0.9064429402351379,0.0234375,128.0
kv_interpolated_read_ng0,2512,16,0.4066465497016907,0.9076003432273865,0.0546875,128.0
kv_interpolated_read_ng0,2528,16,0.4806686043739319,0.8797261118888855,0.015625,128.0
kv_interpolated_read_ng0,2544,16,0.43750786781311035,0.9016203880310059,0.015625,128.0
kv_interpolated_read_ng0,2560,16,0.39172491431236267,0.9204282760620117,0.109375,128.0
kv_interpolated_read_ng0,2576,16,0.4722156226634979,0.879436731338501,0.015625,128.0
kv_interpolated_read_ng0,2592,16,0.4084593951702118,0.9092400074005127,0.0390625,128.0
kv_interpolated_read_ng0,2608,16,0.3917364776134491,0.9227430820465088,0.078125,128.0
kv_interpolated_read_ng0,2624,16,0.4136887788772583,0.9046103954315186,0.0390625,128.0
kv_interpolated_read_ng0,2640,16,0.4259864091873169,0.8976659178733826,0.046875,128.0
kv_interpolated_read_ng0,2656,16,0.4731229543685913,0.8828125,0.0234375,128.0
kv_interpolated_read_ng0,2672,16,0.4606132507324219,0.8877315521240234,0.015625,128.0
kv_interpolated_read_ng0,2688,16,0.3798172175884247,0.9226466417312622,0.109375,128.0
kv_interpolated_read_ng0,2704,16,0.44909560680389404,0.8994020223617554,0.0390625,128.0
kv_interpolated_read_ng0,2720,16,0.3304208815097809,0.9397183656692505,0.125,128.0
kv_interpolated_read_ng0,2736,16,0.42622390389442444,0.900945246219635,0.0390625,128.0
kv_interpolated_read_ng0,2752,16,0.43546178936958313,0.9042245149612427,0.0390625,128.0
kv_interpolated_read_ng0,2768,16,0.428097128868103,0.8994985222816467,0.0703125,128.0
kv_interpolated_read_ng0,2784,16,0.6010277271270752,0.7945601940155029,0.0078125,128.0
kv_interpolated_read_ng0,2800,16,0.5254210233688354,0.8454861640930176,0.015625,128.0
kv_interpolated_read_ng0,2816,16,0.5729945302009583,0.8217593431472778,0.0,128.0
kv_interpolated_read_ng0,2832,16,0.4993548095226288,0.8615933656692505,0.015625,128.0
kv_interpolated_read_ng0,2848,16,0.47528666257858276,0.8804976940155029,0.0234375,128.0
kv_interpolated_read_ng0,2864,16,0.39472848176956177,0.9168596267700195,0.046875,128.0
kv_current_only_ng0,16,16,2.494661331176758,0.08989197760820389,0.0,128.0
kv_current_only_ng0,32,16,2.4443857669830322,0.10513117164373398,0.0,128.0
kv_current_only_ng0,48,16,2.368138074874878,0.1410108059644699,0.0,128.0
kv_current_only_ng0,64,16,2.280360221862793,0.1887538731098175,0.0,128.0
kv_current_only_ng0,80,16,2.164177179336548,0.26533564925193787,0.0,128.0
kv_current_only_ng0,96,16,2.063642740249634,0.3299575448036194,0.0,128.0
kv_current_only_ng0,112,16,1.9721295833587646,0.3787615895271301,0.0,128.0
kv_current_only_ng0,128,16,1.8862704038619995,0.3892747163772583,0.0,128.0
kv_current_only_ng0,144,16,1.8117328882217407,0.39650851488113403,0.0,128.0
kv_current_only_ng0,160,16,1.7419630289077759,0.4022955298423767,0.0,128.0
kv_current_only_ng0,176,16,1.6817888021469116,0.40432098507881165,0.0,128.0
kv_current_only_ng0,192,16,1.6299735307693481,0.41251927614212036,0.0,128.0
kv_current_only_ng0,208,16,1.5913110971450806,0.42264658212661743,0.0,128.0
kv_current_only_ng0,224,16,1.5726121664047241,0.4340277910232544,0.0,128.0
kv_current_only_ng0,240,16,1.523187279701233,0.44589120149612427,0.0,128.0
kv_current_only_ng0,256,16,1.5041269063949585,0.4509066641330719,0.0,128.0
kv_current_only_ng0,272,16,1.4609782695770264,0.46817129850387573,0.0,128.0
kv_current_only_ng0,288,16,1.4441184997558594,0.4673032760620117,0.0,128.0
kv_current_only_ng0,304,16,1.4055147171020508,0.4761767089366913,0.0,128.0
kv_current_only_ng0,320,16,1.3732020854949951,0.4764660596847534,0.0,128.0
kv_current_only_ng0,336,16,1.369485855102539,0.4718364477157593,0.0,128.0
kv_current_only_ng0,352,16,1.3470237255096436,0.4835069179534912,0.0,128.0
kv_current_only_ng0,368,16,1.3314443826675415,0.47974538803100586,0.0,128.0
kv_current_only_ng0,384,16,1.3247408866882324,0.48022764921188354,0.0,128.0
kv_current_only_ng0,400,16,1.3074336051940918,0.4868827164173126,0.0,128.0
kv_current_only_ng0,416,16,1.3021726608276367,0.4852430820465088,0.0,128.0
kv_current_only_ng0,432,16,1.3017014265060425,0.4873650074005127,0.0,128.0
kv_current_only_ng0,448,16,1.2777925729751587,0.495563268661499,0.0,128.0
kv_current_only_ng0,464,16,1.2809995412826538,0.48804011940956116,0.0,128.0
kv_current_only_ng0,480,16,1.2851883172988892,0.4896797835826874,0.0,128.0
kv_current_only_ng0,496,16,1.2698174715042114,0.4951774775981903,0.0,128.0
kv_current_only_ng0,512,16,1.263100504875183,0.4977816343307495,0.0,128.0
kv_current_only_ng0,528,16,1.2525852918624878,0.5020254850387573,0.0,128.0
kv_current_only_ng0,544,16,1.2338550090789795,0.5110918283462524,0.0,128.0
kv_current_only_ng0,560,16,1.23274564743042,0.5097415447235107,0.0,128.0
kv_current_only_ng0,576,16,1.2379562854766846,0.5034722089767456,0.0,128.0
kv_current_only_ng0,592,16,1.2197003364562988,0.508873462677002,0.0,128.0
kv_current_only_ng0,608,16,1.221143364906311,0.5135995149612427,0.0,128.0
kv_current_only_ng0,624,16,1.192562460899353,0.5214120149612427,0.0,128.0
kv_current_only_ng0,640,16,1.1848734617233276,0.5311535596847534,0.0,128.0
kv_current_only_ng0,656,16,1.1916331052780151,0.5248842835426331,0.0,128.0
kv_current_only_ng0,672,16,1.185386300086975,0.5267168283462524,0.0,128.0
kv_current_only_ng0,688,16,1.1788321733474731,0.5258487462997437,0.0,128.0
kv_current_only_ng0,704,16,1.1666473150253296,0.5319252014160156,0.0,128.0
kv_current_only_ng0,720,16,1.1640290021896362,0.5300925970077515,0.0,128.0
kv_current_only_ng0,736,16,1.1491144895553589,0.5426311492919922,0.0,128.0
kv_current_only_ng0,752,16,1.1257354021072388,0.5511188507080078,0.0,128.0
kv_current_only_ng0,768,16,1.1441195011138916,0.5410879850387573,0.0,128.0
kv_current_only_ng0,784,16,1.1376672983169556,0.5404127836227417,0.0,128.0
kv_current_only_ng0,800,16,1.1356403827667236,0.5442708730697632,0.0,128.0
kv_current_only_ng0,816,16,1.1157686710357666,0.552758514881134,0.0,128.0
kv_current_only_ng0,832,16,1.0993738174438477,0.5585455894470215,0.0,128.0
kv_current_only_ng0,848,16,1.0927079916000366,0.5671296119689941,0.0,128.0
kv_current_only_ng0,864,16,1.0846952199935913,0.5660686492919922,0.0,128.0
kv_current_only_ng0,880,16,1.081120491027832,0.5700231790542603,0.0,128.0
kv_current_only_ng0,896,16,1.0725808143615723,0.5760995149612427,0.0,128.0
kv_current_only_ng0,912,16,1.0723392963409424,0.5766782760620117,0.0,128.0
kv_current_only_ng0,928,16,1.0351417064666748,0.5852622985839844,0.0,128.0
kv_current_only_ng0,944,16,1.040305495262146,0.5906635522842407,0.0,128.0
kv_current_only_ng0,960,16,1.0517710447311401,0.5782214403152466,0.0,128.0
kv_current_only_ng0,976,16,1.0409318208694458,0.5866126418113708,0.0,128.0
kv_current_only_ng0,992,16,1.0123540163040161,0.6048418283462524,0.0,128.0
kv_current_only_ng0,1008,16,1.0179383754730225,0.6020447611808777,0.0,128.0
kv_current_only_ng0,1024,16,0.9960727095603943,0.6048418283462524,0.0,128.0
kv_current_only_ng0,1040,16,1.0187140703201294,0.5989583730697632,0.0,128.0
kv_current_only_ng0,1056,16,0.9603773951530457,0.6238425970077515,0.0,128.0
kv_current_only_ng0,1072,16,1.0025709867477417,0.6073495149612427,0.0,128.0
kv_current_only_ng0,1088,16,0.9615994691848755,0.6241319179534912,0.0,128.0
kv_current_only_ng0,1104,16,0.9210891723632812,0.6445794701576233,0.0,128.0
kv_current_only_ng0,1120,16,0.9409138560295105,0.6414930820465088,0.0,128.0
kv_current_only_ng0,1136,16,0.9226913452148438,0.6468943357467651,0.0,128.0
kv_current_only_ng0,1152,16,0.8980822563171387,0.6714892387390137,0.0,128.0
kv_current_only_ng0,1168,16,0.873326301574707,0.6711033582687378,0.0,128.0
kv_current_only_ng0,1184,16,0.8855205178260803,0.6772762537002563,0.0,128.0
kv_current_only_ng0,1200,16,0.862400233745575,0.6827738881111145,0.0,128.0
kv_current_only_ng0,1216,16,0.821549654006958,0.7054398655891418,0.0,128.0
kv_current_only_ng0,1232,16,0.7739608883857727,0.7260802388191223,0.0,128.0
kv_current_only_ng0,1248,16,0.7704182267189026,0.7306134700775146,0.0,128.0
kv_current_only_ng0,1264,16,0.7751988172531128,0.7273340821266174,0.0,128.0
kv_current_only_ng0,1280,16,0.7263768315315247,0.7568479776382446,0.0,128.0
kv_current_only_ng0,1296,16,0.6808032989501953,0.771508514881134,0.0,128.0
kv_current_only_ng0,1312,16,0.627454936504364,0.7997685074806213,0.0078125,128.0
kv_current_only_ng0,1328,16,0.6666006445884705,0.7847222089767456,0.0,128.0
kv_current_only_ng0,1344,16,0.7135264873504639,0.76282799243927,0.0,128.0
kv_current_only_ng0,1360,16,0.5968396067619324,0.8088349103927612,0.0078125,128.0
kv_current_only_ng0,1376,16,0.6407809257507324,0.8019869327545166,0.0,128.0
kv_current_only_ng0,1392,16,0.5036281943321228,0.855131208896637,0.03125,128.0
kv_current_only_ng0,1408,16,0.6533192992210388,0.7965856790542603,0.0,128.0
kv_current_only_ng0,1424,16,0.5750962495803833,0.8197338581085205,0.0,128.0
kv_current_only_ng0,1440,16,0.58253014087677,0.8252315521240234,0.0,128.0
kv_current_only_ng0,1456,16,0.542308509349823,0.8483796715736389,0.0078125,128.0
kv_current_only_ng0,1472,16,0.5066007971763611,0.8649691939353943,0.0078125,128.0
kv_current_only_ng0,1488,16,0.5505879521369934,0.8435571193695068,0.015625,128.0
kv_current_only_ng0,1504,16,0.5264318585395813,0.8590856790542603,0.0078125,128.0
kv_current_only_ng0,1520,16,0.5162738561630249,0.8597608208656311,0.0,128.0
kv_current_only_ng0,1536,16,0.5273528695106506,0.8520447611808777,0.0,128.0
kv_current_only_ng0,1552,16,0.524185061454773,0.8500193357467651,0.0,128.0
kv_current_only_ng0,1568,16,0.44774365425109863,0.8796296715736389,0.0546875,128.0
kv_current_only_ng0,1584,16,0.5493957996368408,0.8406635522842407,0.0078125,128.0
kv_current_only_ng0,1600,16,0.414529412984848,0.8987268805503845,0.03125,128.0
kv_current_only_ng0,1616,16,0.5314967036247253,0.8503086566925049,0.015625,128.0
kv_current_only_ng0,1632,16,0.4697941541671753,0.8630401492118835,0.03125,128.0
kv_current_only_ng0,1648,16,0.48928019404411316,0.8674768805503845,0.0078125,128.0
kv_current_only_ng0,1664,16,0.4400991201400757,0.8859954476356506,0.046875,128.0
kv_current_only_ng0,1680,16,0.4661572277545929,0.8711420297622681,0.0625,128.0
kv_current_only_ng0,1696,16,0.499286025762558,0.8538773059844971,0.0234375,128.0
kv_current_only_ng0,1712,16,0.46700820326805115,0.8789545297622681,0.015625,128.0
kv_current_only_ng0,1728,16,0.43430665135383606,0.8829089999198914,0.03125,128.0
kv_current_only_ng0,1744,16,0.4497032165527344,0.883391261100769,0.0390625,128.0
kv_current_only_ng0,1760,16,0.37688636779785156,0.9180170297622681,0.0625,128.0
kv_current_only_ng0,1776,16,0.5083051919937134,0.8586999177932739,0.0,128.0
kv_current_only_ng0,1792,16,0.45424649119377136,0.885320246219635,0.03125,128.0
kv_current_only_ng0,1808,16,0.3769145607948303,0.9169560670852661,0.0859375,128.0
kv_current_only_ng0,1824,16,0.5027898550033569,0.8636188507080078,0.015625,128.0
kv_current_only_ng0,1840,16,0.38768452405929565,0.9186921119689941,0.0859375,128.0
kv_current_only_ng0,1856,16,0.4043639600276947,0.9033565521240234,0.0625,128.0
kv_current_only_ng0,1872,16,0.41554713249206543,0.8897569179534912,0.046875,128.0
kv_current_only_ng0,1888,16,0.408663809299469,0.9059606790542603,0.046875,128.0
kv_current_only_ng0,1904,16,0.3691161274909973,0.9264082312583923,0.09375,128.0
kv_current_only_ng0,1920,16,0.4212304651737213,0.9056712985038757,0.0390625,128.0
kv_current_only_ng0,1936,16,0.39520707726478577,0.9148341417312622,0.0546875,128.0
kv_current_only_ng0,1952,16,0.39365246891975403,0.9153164029121399,0.046875,128.0
kv_current_only_ng0,1968,16,0.36411044001579285,0.927951455116272,0.125,128.0
kv_current_only_ng0,1984,16,0.43524739146232605,0.8977623581886292,0.0234375,128.0
kv_current_only_ng0,2000,16,0.31467464566230774,0.9479166865348816,0.1484375,128.0
kv_current_only_ng0,2016,16,0.41023844480514526,0.9024884700775146,0.015625,128.0
kv_current_only_ng0,2032,16,0.4730049669742584,0.883873462677002,0.0234375,128.0
kv_current_only_ng0,2048,16,0.3870038390159607,0.9117476940155029,0.0625,128.0
kv_current_only_ng0,2064,16,0.35941463708877563,0.9262152910232544,0.078125,128.0
kv_current_only_ng0,2080,16,0.36249929666519165,0.9310378432273865,0.0859375,128.0
kv_current_only_ng0,2096,16,0.3609378933906555,0.9339313507080078,0.109375,128.0
kv_current_only_ng0,2112,16,0.32697176933288574,0.9447338581085205,0.2265625,128.0
kv_current_only_ng0,2128,16,0.36125126481056213,0.9306520223617554,0.09375,128.0
kv_current_only_ng0,2144,16,0.32579463720321655,0.9436728358268738,0.1953125,128.0
kv_current_only_ng0,2160,16,0.3117983937263489,0.9527392387390137,0.2421875,128.0
kv_current_only_ng0,2176,16,0.3658982515335083,0.9223573207855225,0.1171875,128.0
kv_current_only_ng0,2192,16,0.36709126830101013,0.9314236640930176,0.078125,128.0
kv_current_only_ng0,2208,16,0.3445954918861389,0.9406828880310059,0.15625,128.0
kv_current_only_ng0,2224,16,0.2820630669593811,0.9597800970077515,0.2890625,128.0
kv_current_only_ng0,2240,16,0.32945480942726135,0.9445409178733826,0.203125,128.0
kv_current_only_ng0,2256,16,0.29466134309768677,0.953703761100769,0.21875,128.0
kv_current_only_ng0,2272,16,0.3091062009334564,0.9524498581886292,0.28125,128.0
kv_current_only_ng0,2288,16,0.2911069095134735,0.9585262537002563,0.25,128.0
kv_current_only_ng0,2304,16,0.39010199904441833,0.9228395223617554,0.1171875,128.0
kv_current_only_ng0,2320,16,0.3406738340854645,0.9403935670852661,0.1953125,128.0
kv_current_only_ng0,2336,16,0.2734334468841553,0.9666280746459961,0.375,128.0
kv_current_only_ng0,2352,16,0.3281081020832062,0.9475308656692505,0.1953125,128.0
kv_current_only_ng0,2368,16,0.32580500841140747,0.9436728358268738,0.1484375,128.0
kv_current_only_ng0,2384,16,0.2996199131011963,0.9545718431472778,0.21875,128.0
kv_current_only_ng0,2400,16,0.3153490126132965,0.9404900074005127,0.234375,128.0
kv_current_only_ng0,2416,16,0.38875287771224976,0.9159915447235107,0.1328125,128.0
kv_current_only_ng0,2432,16,0.28924235701560974,0.9523533582687378,0.25,128.0
kv_current_only_ng0,2448,16,0.3699473440647125,0.9170525074005127,0.1328125,128.0
kv_current_only_ng0,2464,16,0.32825565338134766,0.936439037322998,0.1640625,128.0
kv_current_only_ng0,2480,16,0.4028092622756958,0.9103974103927612,0.078125,128.0
kv_current_only_ng0,2496,16,0.363435834646225,0.9297839403152466,0.1328125,128.0
kv_current_only_ng0,2512,16,0.3034767508506775,0.9536072611808777,0.2109375,128.0
kv_current_only_ng0,2528,16,0.3421371579170227,0.9142554998397827,0.140625,128.0
kv_current_only_ng0,2544,16,0.419790118932724,0.9098186492919922,0.1015625,128.0
kv_current_only_ng0,2560,16,0.2757439911365509,0.9548611044883728,0.375,128.0
kv_current_only_ng0,2576,16,0.38796207308769226,0.9219714403152466,0.1171875,128.0
kv_current_only_ng0,2592,16,0.3039420247077942,0.954185962677002,0.2578125,128.0
kv_current_only_ng0,2608,16,0.2842051386833191,0.9620949029922485,0.3125,128.0
kv_current_only_ng0,2624,16,0.31942009925842285,0.943383514881134,0.2265625,128.0
kv_current_only_ng0,2640,16,0.315241277217865,0.9413580894470215,0.1875,128.0
kv_current_only_ng0,2656,16,0.37546050548553467,0.9135802984237671,0.0625,128.0
kv_current_only_ng0,2672,16,0.37515851855278015,0.9153164029121399,0.1796875,128.0
kv_current_only_ng0,2688,16,0.3906487822532654,0.9239969849586487,0.125,128.0
kv_current_only_ng0,2704,16,0.3255251944065094,0.9459877014160156,0.2421875,128.0
kv_current_only_ng0,2720,16,0.3175995349884033,0.9469521641731262,0.28125,128.0
kv_current_only_ng0,2736,16,0.3012233078479767,0.9527392387390137,0.328125,128.0
kv_current_only_ng0,2752,16,0.3227343261241913,0.9354745745658875,0.25,128.0
kv_current_only_ng0,2768,16,0.36367884278297424,0.9365354776382446,0.203125,128.0
kv_current_only_ng0,2784,16,0.30207693576812744,0.9562114477157593,0.265625,128.0
kv_current_only_ng0,2800,16,0.28294816613197327,0.9623842835426331,0.3125,128.0
kv_current_only_ng0,2816,16,0.3272666037082672,0.9416474103927612,0.15625,128.0
kv_current_only_ng0,2832,16,0.2826562523841858,0.9615162014961243,0.34375,128.0
kv_current_only_ng0,2848,16,0.3533465266227722,0.9296875,0.171875,128.0
kv_current_only_ng0,2864,16,0.2978927195072174,0.9494599103927612,0.3359375,128.0
kv_current_only_ng0,2880,16,0.30767738819122314,0.9363426566123962,0.2734375,128.0
kv_current_only_ng0,2896,16,0.3740196228027344,0.9278549551963806,0.0859375,128.0
kv_current_only_ng0,2912,16,0.2804321050643921,0.9528356790542603,0.3515625,128.0
kv_current_only_ng0,2928,16,0.31926605105400085,0.9438657760620117,0.3046875,128.0
kv_current_only_ng0,2944,16,0.351371169090271,0.9375964999198914,0.1796875,128.0
kv_current_only_ng0,2960,16,0.30287083983421326,0.9327739477157593,0.265625,128.0
kv_current_only_ng0,2976,16,0.2921093702316284,0.9493634700775146,0.2734375,128.0
kv_current_only_ng0,2992,16,0.3692537546157837,0.925250768661499,0.125,128.0
kv_current_only_ng0,3008,16,0.2734633684158325,0.9518711566925049,0.4140625,128.0
kv_current_only_ng0,3024,16,0.3550434112548828,0.9272762537002563,0.1875,128.0
kv_current_only_ng0,3040,16,0.28785914182662964,0.9515818357467651,0.2890625,128.0
kv_current_only_ng0,3056,16,0.34842514991760254,0.9105902910232544,0.2109375,128.0
kv_current_only_ng0,3072,16,0.4186687171459198,0.909625768661499,0.1171875,128.0
kv_current_only_ng0,3088,16,0.28053420782089233,0.9516782760620117,0.359375,128.0
kv_current_only_ng0,3104,16,0.31683841347694397,0.9500386118888855,0.2890625,128.0
kv_current_only_ng0,3120,16,0.2987433671951294,0.9487847089767456,0.3125,128.0
kv_current_only_ng0,3136,16,0.2875501215457916,0.9479166865348816,0.3359375,128.0
kv_current_only_ng0,3152,16,0.37766551971435547,0.9218750596046448,0.1484375,128.0
kv_current_only_ng0,3168,16,0.25884875655174255,0.9626736640930176,0.390625,128.0
kv_current_only_ng0,3184,16,0.29621621966362,0.9327739477157593,0.28125,128.0
kv_current_only_ng0,3200,16,0.36237263679504395,0.9337384700775146,0.15625,128.0
kv_current_only_ng0,3216,16,0.2897980809211731,0.9606481790542603,0.2890625,128.0
kv_current_only_ng0,3232,16,0.3195473849773407,0.9465663433074951,0.2421875,128.0
kv_current_only_ng0,3248,16,0.2795565128326416,0.9579475522041321,0.34375,128.0
kv_current_only_ng0,3264,16,0.2911907732486725,0.9406828880310059,0.25,128.0
kv_current_only_ng0,3280,16,0.43511253595352173,0.9001736044883728,0.1015625,128.0
kv_current_only_ng0,3296,16,0.23247025907039642,0.965374231338501,0.5078125,128.0
kv_current_only_ng0,3312,16,0.33166083693504333,0.9303627014160156,0.1796875,128.0
kv_current_only_ng0,3328,16,0.35712146759033203,0.9211034178733826,0.1484375,128.0
kv_current_only_ng0,3344,16,0.3699398636817932,0.9315201044082642,0.125,128.0
kv_current_only_ng0,3360,16,0.25919872522354126,0.9601659178733826,0.46875,128.0
kv_current_only_ng0,3376,16,0.3835919201374054,0.9276620149612427,0.109375,128.0
kv_current_only_ng0,3392,16,0.23913437128067017,0.9612268805503845,0.4453125,128.0
kv_current_only_ng0,3408,16,0.34398677945137024,0.9293981790542603,0.1796875,128.0
kv_current_only_ng0,3424,16,0.36972278356552124,0.928626537322998,0.203125,128.0
kv_current_only_ng0,3440,16,0.3130950629711151,0.9498457312583923,0.28125,128.0
kv_current_only_ng0,3456,16,0.29066938161849976,0.9570795297622681,0.28125,128.0
kv_current_only_ng0,3472,16,0.30601754784584045,0.9495563507080078,0.28125,128.0
kv_current_only_ng0,3488,16,0.32180482149124146,0.9384645223617554,0.1953125,128.0
kv_current_only_ng0,3504,16,0.334672212600708,0.9378858804702759,0.234375,128.0
kv_current_only_ng0,3520,16,0.27802199125289917,0.9602624177932739,0.3984375,128.0
kv_current_only_ng0,3536,16,0.35256290435791016,0.9288194179534912,0.171875,128.0
kv_current_only_ng0,3552,16,0.30084511637687683,0.9348958730697632,0.2421875,128.0
kv_current_only_ng0,3568,16,0.29328653216362,0.952256977558136,0.3359375,128.0
kv_current_only_ng0,3584,16,0.32695913314819336,0.944444477558136,0.1796875,128.0
kv_current_only_ng0,3600,16,0.2528765797615051,0.9663387537002563,0.3828125,128.0
kv_current_only_ng0,3616,16,0.4211157560348511,0.8784722685813904,0.0546875,128.0
kv_current_only_ng0,3632,16,0.29328587651252747,0.9546682834625244,0.3125,128.0
kv_current_only_ng0,3648,16,0.29978427290916443,0.9479166269302368,0.21875,128.0
kv_current_only_ng0,3664,16,0.34409475326538086,0.94251549243927,0.2265625,128.0
kv_current_only_ng0,3680,16,0.2745002210140228,0.9582368731498718,0.4453125,128.0
kv_current_only_ng0,3696,16,0.3304764926433563,0.9462770223617554,0.171875,128.0
kv_current_only_ng0,3712,16,0.2538412809371948,0.964313268661499,0.515625,128.0
kv_current_only_ng0,3728,16,0.31824615597724915,0.9290123581886292,0.2421875,128.0
kv_current_only_ng0,3744,16,0.4035067558288574,0.9202353954315186,0.1015625,128.0
kv_current_only_ng0,3760,16,0.24395117163658142,0.9647955298423767,0.46875,128.0
kv_current_only_ng0,3776,16,0.36579886078834534,0.9298803806304932,0.2265625,128.0
kv_current_only_ng0,3792,16,0.3428543508052826,0.9301698207855225,0.234375,128.0
kv_current_only_ng0,3808,16,0.285256952047348,0.946373462677002,0.265625,128.0
kv_current_only_ng0,3824,16,0.3415239155292511,0.9311342239379883,0.1875,128.0
kv_current_only_ng0,3840,16,0.3521983325481415,0.934124231338501,0.2265625,128.0
kv_current_only_ng0,3856,16,0.2853693664073944,0.9475308656692505,0.328125,128.0
kv_current_only_ng0,3872,16,0.33462682366371155,0.9367284178733826,0.25,128.0
kv_current_only_ng0,3888,16,0.3036855161190033,0.9483989477157593,0.296875,128.0
kv_current_only_ng0,3904,16,0.29775938391685486,0.9457948207855225,0.3203125,128.0
kv_current_only_ng0,3920,16,0.29198747873306274,0.9306520223617554,0.3359375,128.0
kv_current_only_ng0,3936,16,0.3962857127189636,0.9140625,0.1015625,128.0
kv_current_only_ng0,3952,16,0.2750461995601654,0.9579475522041321,0.3828125,128.0
kv_current_only_ng0,3968,16,0.4002363383769989,0.9101080894470215,0.125,128.0
kv_current_only_ng0,3984,16,0.26091066002845764,0.9594907760620117,0.4453125,128.0
kv_current_only_ng0,4000,16,0.315830796957016,0.9311342835426331,0.21875,128.0
kv_current_only_ng0,4016,16,0.428923636674881,0.8958333730697632,0.09375,128.0
kv_current_only_ng0,4032,16,0.27765151858329773,0.9511959552764893,0.359375,128.0
kv_current_only_ng0,4048,16,0.3917315900325775,0.9191744327545166,0.1796875,128.0
kv_current_only_ng0,4064,16,0.2857138216495514,0.9554398059844971,0.4609375,128.0
kv_current_only_ng0,4080,16,0.2972376346588135,0.9535108208656311,0.328125,128.0
kv_current_only_ng0,4096,16,0.30878588557243347,0.9344136118888855,0.2734375,128.0
kv_current_only_ng0,4112,16,0.3496655523777008,0.9127122163772583,0.1953125,128.0
kv_current_only_ng0,4128,16,0.36225613951683044,0.924382746219635,0.1796875,128.0
kv_current_only_ng0,4144,16,0.2803999185562134,0.9507137537002563,0.375,128.0
kv_current_only_ng0,4160,16,0.33145976066589355,0.9454089403152466,0.2421875,128.0
kv_current_only_ng0,4176,16,0.2986418306827545,0.948881208896637,0.328125,128.0
kv_current_only_ng0,4192,16,0.3660564124584198,0.9257330894470215,0.21875,128.0
kv_current_only_ng0,4208,16,0.36696505546569824,0.9170525074005127,0.1796875,128.0
kv_current_only_ng0,4224,16,0.3204696476459503,0.9375,0.2421875,128.0
kv_current_only_ng0,4240,16,0.3699095547199249,0.9255401492118835,0.1953125,128.0
kv_current_only_ng0,4256,16,0.2615417242050171,0.9608410596847534,0.4296875,128.0
kv_current_only_ng0,4272,16,0.3031284213066101,0.9485918283462524,0.3203125,128.0
kv_current_only_ng0,4288,16,0.29399701952934265,0.9351851940155029,0.3359375,128.0
kv_current_only_ng0,4304,16,0.3766316771507263,0.9217785596847534,0.1796875,128.0
kv_current_only_ng0,4320,16,0.2926187813282013,0.9517747163772583,0.4296875,128.0
kv_current_only_ng0,4336,16,0.2972603440284729,0.9459877014160156,0.265625,128.0
kv_current_only_ng0,4352,16,0.3293175995349884,0.9298803806304932,0.2578125,128.0
kv_current_only_ng0,4368,16,0.32258129119873047,0.9416473507881165,0.28125,128.0
kv_current_only_ng0,4384,16,0.30596065521240234,0.9521604776382446,0.359375,128.0
kv_current_only_ng0,4400,16,0.3177710771560669,0.9376929402351379,0.3203125,128.0
kv_current_only_ng0,4416,16,0.32836198806762695,0.9270833730697632,0.2578125,128.0
kv_current_only_ng0,4432,16,0.358844131231308,0.9255400896072388,0.1796875,128.0
kv_current_only_ng0,4448,16,0.3092014491558075,0.9352816343307495,0.4140625,128.0
kv_current_only_ng0,4464,16,0.43568888306617737,0.9102045297622681,0.125,128.0
kv_current_only_ng0,4480,16,0.27149471640586853,0.9538002014160156,0.3828125,128.0
kv_current_only_ng0,4496,16,0.31905806064605713,0.9174383282661438,0.203125,128.0
kv_current_only_ng0,4512,16,0.3840652108192444,0.9238040447235107,0.171875,128.0
kv_current_only_ng0,4528,16,0.2710561454296112,0.9526427984237671,0.4140625,128.0
kv_current_only_ng0,4544,16,0.4100188910961151,0.914641261100769,0.109375,128.0
kv_current_only_ng0,4560,16,0.29594752192497253,0.9490740895271301,0.375,128.0
kv_current_only_ng0,4576,16,0.27282464504241943,0.9456018209457397,0.375,128.0
kv_current_only_ng0,4592,16,0.3643391728401184,0.9187886118888855,0.1796875,128.0
kv_current_only_ng0,4608,16,0.34018218517303467,0.9367284178733826,0.234375,128.0
kv_current_only_ng0,4624,16,0.36283937096595764,0.9113619327545166,0.171875,128.0
kv_current_only_ng0,4640,16,0.28832465410232544,0.9437692761421204,0.3671875,128.0
kv_current_only_ng0,4656,16,0.3685494065284729,0.8976659178733826,0.234375,128.0
kv_current_only_ng0,4672,16,0.3477356731891632,0.9338349103927612,0.1875,128.0
kv_current_only_ng0,4688,16,0.3035045564174652,0.93470299243927,0.3359375,128.0
kv_current_only_ng0,4704,16,0.39533963799476624,0.9184027910232544,0.1484375,128.0
kv_current_only_ng0,4720,16,0.2607632577419281,0.948688268661499,0.4375,128.0
kv_current_only_ng0,4736,16,0.3512301743030548,0.9326775074005127,0.1796875,128.0
kv_current_only_ng0,4752,16,0.31292176246643066,0.9426119327545166,0.265625,128.0
kv_current_only_ng0,4768,16,0.3699035346508026,0.9181134700775146,0.171875,128.0
kv_current_only_ng0,4784,16,0.2918359637260437,0.9431906342506409,0.375,128.0
kv_current_only_ng0,4800,16,0.32184654474258423,0.9333526492118835,0.34375,128.0
kv_current_only_ng0,4816,16,0.3327963948249817,0.9297839403152466,0.1953125,128.0
kv_current_only_ng0,4832,16,0.32423707842826843,0.9347994327545166,0.328125,128.0
kv_current_only_ng0,4848,16,0.3005795478820801,0.9358603954315186,0.34375,128.0
kv_current_only_ng0,4864,16,0.3705676794052124,0.9145448207855225,0.1328125,128.0
kv_current_only_ng0,4880,16,0.2506418824195862,0.9441550970077515,0.5,128.0
kv_current_only_ng0,4896,16,0.42957520484924316,0.9015239477157593,0.1484375,128.0
kv_current_only_ng0,4912,16,0.2919072210788727,0.9424190521240234,0.390625,128.0
kv_current_only_ng0,4928,16,0.2355121672153473,0.9499421119689941,0.5,128.0
kv_current_only_ng0,4944,16,0.48553794622421265,0.8769290447235107,0.0546875,128.0
kv_current_only_ng0,4960,16,0.26077160239219666,0.9580439925193787,0.4296875,128.0
kv_current_only_ng0,4976,16,0.3187043368816376,0.9350887537002563,0.3359375,128.0
kv_current_only_ng0,4992,16,0.34451165795326233,0.9092400074005127,0.28125,128.0
kv_current_only_ng0,5008,16,0.3667447865009308,0.9240934252738953,0.1640625,128.0
kv_current_only_ng0,5024,16,0.2252904325723648,0.9640238881111145,0.59375,128.0
kv_current_only_ng0,5040,16,0.3882499933242798,0.9244791865348816,0.1875,128.0
kv_current_only_ng0,5056,16,0.33029627799987793,0.9304591417312622,0.3046875,128.0
kv_current_only_ng0,5072,16,0.2883305251598358,0.9356674551963806,0.3359375,128.0
kv_current_only_ng0,5088,16,0.3010176420211792,0.948688268661499,0.375,128.0
kv_current_only_ng0,5104,16,0.25247952342033386,0.9476273059844971,0.453125,128.0
kv_current_only_ng0,5120,16,0.4831441044807434,0.8804977536201477,0.0390625,128.0
kv_current_only_ng0,5136,16,0.30704987049102783,0.9244791865348816,0.375,128.0
kv_current_only_ng0,5152,16,0.37381449341773987,0.9227430820465088,0.1171875,128.0
kv_current_only_ng0,5168,16,0.22317513823509216,0.9549576044082642,0.5,128.0
kv_current_only_ng0,5184,16,0.39341625571250916,0.9157986640930176,0.109375,128.0
kv_current_only_ng0,5200,16,0.29837948083877563,0.9310378432273865,0.4140625,128.0
kv_current_only_ng0,5216,16,0.34340938925743103,0.9274691939353943,0.171875,128.0
kv_current_only_ng0,5232,16,0.34295910596847534,0.9310378432273865,0.296875,128.0
kv_current_only_ng0,5248,16,0.28914400935173035,0.9468556642532349,0.3671875,128.0
kv_current_only_ng0,5264,16,0.3164975643157959,0.9295910596847534,0.28125,128.0
kv_current_only_ng0,5280,16,0.3614901304244995,0.8999807238578796,0.28125,128.0
kv_current_only_ng0,5296,16,0.38343995809555054,0.9165701866149902,0.1640625,128.0
kv_current_only_ng0,5312,16,0.29066142439842224,0.9446373581886292,0.40625,128.0
kv_current_only_ng0,5328,16,0.30671975016593933,0.9411651492118835,0.328125,128.0
kv_current_only_ng0,5344,16,0.34573668241500854,0.9298803806304932,0.2578125,128.0
kv_current_only_ng0,5360,16,0.27834293246269226,0.9468557834625244,0.4453125,128.0
kv_current_only_ng0,5376,16,0.4082244634628296,0.9030671715736389,0.109375,128.0
kv_current_only_ng0,5392,16,0.31450986862182617,0.936439037322998,0.3203125,128.0
kv_current_only_ng0,5408,16,0.3069504201412201,0.9276620745658875,0.3671875,128.0
kv_current_only_ng0,5424,16,0.4470783472061157,0.8918789029121399,0.09375,128.0
kv_current_only_ng0,5440,16,0.21816855669021606,0.964313268661499,0.5234375,128.0
kv_current_only_ng0,5456,16,0.37568050622940063,0.9127122163772583,0.1796875,128.0
kv_current_only_ng0,5472,16,0.3205934166908264,0.9316165447235107,0.3671875,128.0
kv_current_only_ng0,5488,16,0.41196590662002563,0.8879244327545166,0.140625,128.0
kv_current_only_ng0,5504,16,0.3029228150844574,0.941936731338501,0.3046875,128.0
kv_current_only_ng0,5520,16,0.31818416714668274,0.9426119327545166,0.3671875,128.0
kv_current_only_ng0,5536,16,0.38048312067985535,0.9129050970077515,0.203125,128.0
kv_current_only_ng0,5552,16,0.2692154049873352,0.9454089403152466,0.4453125,128.0
kv_current_only_ng0,5568,16,0.3463645577430725,0.9164738059043884,0.2578125,128.0
kv_current_only_ng0,5584,16,0.3080093562602997,0.9323881268501282,0.3046875,128.0
kv_current_only_ng0,5600,16,0.3954893946647644,0.9080826044082642,0.2109375,128.0
kv_current_only_ng0,5616,16,0.32908812165260315,0.9384645223617554,0.28125,128.0
kv_current_only_ng0,5632,16,0.3196774423122406,0.9371142387390137,0.265625,128.0
kv_current_only_ng0,5648,16,0.2797616124153137,0.9511959552764893,0.46875,128.0
kv_current_only_ng0,5664,16,0.3889274597167969,0.9074074029922485,0.21875,128.0
kv_current_only_ng0,5680,16,0.2729865312576294,0.9453125,0.5,128.0
kv_current_only_ng0,5696,16,0.3899647891521454,0.9048032760620117,0.1640625,128.0
kv_current_only_ng0,5712,16,0.35203972458839417,0.9115548133850098,0.1796875,128.0
kv_current_only_ng0,5728,16,0.3192804455757141,0.9246720671653748,0.28125,128.0
kv_current_only_ng0,5744,16,0.3615618050098419,0.9203317761421204,0.296875,128.0
kv_current_only_ng0,5760,16,0.32617858052253723,0.9325810670852661,0.3125,128.0
kv_current_only_ng0,5776,16,0.320354163646698,0.9351851940155029,0.34375,128.0
kv_current_only_ng0,5792,16,0.2909508943557739,0.934124231338501,0.375,128.0
kv_current_only_ng0,5808,16,0.3540785610675812,0.9067323207855225,0.2578125,128.0
kv_current_only_ng0,5824,16,0.3397796154022217,0.9068286418914795,0.3203125,128.0
kv_current_only_ng0,5840,16,0.4837029278278351,0.8761574029922485,0.1015625,128.0
kv_current_only_ng0,5856,16,0.27327960729599,0.9501350522041321,0.4140625,128.0
kv_current_only_ng0,5872,16,0.38453593850135803,0.9227430820465088,0.1875,128.0
kv_current_only_ng0,5888,16,0.27754995226860046,0.9507137537002563,0.390625,128.0
kv_current_only_ng0,5904,16,0.34698280692100525,0.9264082312583923,0.328125,128.0
kv_current_only_ng0,5920,16,0.3648372292518616,0.9140625,0.2265625,128.0
kv_current_only_ng0,5936,16,0.23120926320552826,0.9673032760620117,0.546875,128.0
kv_current_only_ng0,5952,16,0.40140804648399353,0.9104938507080078,0.171875,128.0
kv_current_only_ng0,5968,16,0.2466929852962494,0.9606481790542603,0.4296875,128.0
kv_current_only_ng0,5984,16,0.33256402611732483,0.9328703880310059,0.3046875,128.0
kv_current_only_ng0,6000,16,0.3703951835632324,0.9129050970077515,0.2265625,128.0
kv_complex_current_only_ng0,16,16,2.468083381652832,0.07802854478359222,0.0,128.0
kv_complex_current_only_ng0,32,16,2.4444665908813477,0.10879629850387573,0.0,128.0
kv_complex_current_only_ng0,48,16,2.403533697128296,0.14033564925193787,0.0,128.0
kv_complex_current_only_ng0,64,16,2.349027633666992,0.17949460446834564,0.0,128.0
kv_complex_current_only_ng0,80,16,2.2671990394592285,0.21643519401550293,0.0,128.0
kv_complex_current_only_ng0,96,16,2.177863359451294,0.24903550744056702,0.0,128.0
kv_complex_current_only_ng0,112,16,2.0852603912353516,0.31616511940956116,0.0,128.0
kv_complex_current_only_ng0,128,16,1.9972219467163086,0.35484182834625244,0.0,128.0
kv_complex_current_only_ng0,144,16,1.917518973350525,0.389660507440567,0.0,128.0
kv_complex_current_only_ng0,160,16,1.8442847728729248,0.3901427388191223,0.0,128.0
kv_complex_current_only_ng0,176,16,1.7805804014205933,0.391589492559433,0.0,128.0
kv_complex_current_only_ng0,192,16,1.7227826118469238,0.3923611342906952,0.0,128.0
kv_complex_current_only_ng0,208,16,1.6851775646209717,0.39351850748062134,0.0,128.0
kv_complex_current_only_ng0,224,16,1.6587722301483154,0.390625,0.0,128.0
kv_complex_current_only_ng0,240,16,1.6208670139312744,0.39390432834625244,0.0,128.0
kv_complex_current_only_ng0,256,16,1.613898754119873,0.38994985818862915,0.0,128.0
kv_complex_current_only_ng0,272,16,1.5950236320495605,0.3910107910633087,0.0,128.0
kv_complex_current_only_ng0,288,16,1.5942376852035522,0.3893711566925049,0.0,128.0
kv_complex_current_only_ng0,304,16,1.5798929929733276,0.3901427388191223,0.0,128.0
kv_complex_current_only_ng0,320,16,1.5779708623886108,0.38917821645736694,0.0,128.0
kv_complex_current_only_ng0,336,16,1.5837593078613281,0.386284738779068,0.0,128.0
kv_complex_current_only_ng0,352,16,1.5706664323806763,0.3928433656692505,0.0,128.0
kv_complex_current_only_ng0,368,16,1.5654324293136597,0.3937113881111145,0.0,128.0
kv_complex_current_only_ng0,384,16,1.5647040605545044,0.39158952236175537,0.0,128.0
kv_complex_current_only_ng0,400,16,1.56256902217865,0.3959297835826874,0.0,128.0
kv_complex_current_only_ng0,416,16,1.5644046068191528,0.3933256268501282,0.0,128.0
kv_complex_current_only_ng0,432,16,1.5613359212875366,0.39390432834625244,0.0,128.0
kv_complex_current_only_ng0,448,16,1.548985242843628,0.4035493731498718,0.0,128.0
kv_complex_current_only_ng0,464,16,1.5580048561096191,0.39564043283462524,0.0,128.0
kv_complex_current_only_ng0,480,16,1.5645872354507446,0.38773149251937866,0.0,128.0
kv_complex_current_only_ng0,496,16,1.5569905042648315,0.3937114477157593,0.0,128.0
kv_complex_current_only_ng0,512,16,1.558037519454956,0.38956403732299805,0.0,128.0
kv_complex_current_only_ng0,528,16,1.5576940774917603,0.3988233208656311,0.0,128.0
kv_complex_current_only_ng0,544,16,1.5500073432922363,0.4049961566925049,0.0,128.0
kv_complex_current_only_ng0,560,16,1.5514836311340332,0.39072147011756897,0.0,128.0
kv_complex_current_only_ng0,576,16,1.557244062423706,0.4006558656692505,0.0,128.0
kv_complex_current_only_ng0,592,16,1.5350085496902466,0.41300153732299805,0.0,128.0
kv_complex_current_only_ng0,608,16,1.545676827430725,0.40470677614212036,0.0,128.0
kv_complex_current_only_ng0,624,16,1.5121864080429077,0.43865740299224854,0.0,128.0
kv_complex_current_only_ng0,640,16,1.5168988704681396,0.42814427614212036,0.0,128.0
kv_complex_current_only_ng0,656,16,1.4601237773895264,0.4596836566925049,0.0,128.0
kv_complex_current_only_ng0,672,16,1.4949671030044556,0.4296875,0.0,128.0
kv_complex_current_only_ng0,688,16,1.472045660018921,0.4504243731498718,0.0,128.0
kv_complex_current_only_ng0,704,16,1.6720541715621948,0.3828125,0.0,128.0
kv_complex_current_only_ng0,720,16,1.4569194316864014,0.44772377610206604,0.0,128.0
kv_complex_current_only_ng0,736,16,1.4405109882354736,0.46730324625968933,0.0,128.0
kv_complex_current_only_ng0,752,16,1.3855332136154175,0.47116127610206604,0.0,128.0
kv_complex_current_only_ng0,768,16,1.444586992263794,0.46199846267700195,0.0,128.0
kv_complex_current_only_ng0,784,16,1.4296679496765137,0.4674961566925049,0.0,128.0
kv_complex_current_only_ng0,800,16,1.4297083616256714,0.4618055522441864,0.0,128.0
kv_complex_current_only_ng0,816,16,1.3767822980880737,0.4709683656692505,0.0,128.0
kv_complex_current_only_ng0,832,16,1.3966790437698364,0.4695216119289398,0.0,128.0
kv_complex_current_only_ng0,848,16,1.4107412099838257,0.47029322385787964,0.0,128.0
kv_complex_current_only_ng0,864,16,1.3338702917099,0.4831211268901825,0.0,128.0
kv_complex_current_only_ng0,880,16,1.3467141389846802,0.47019678354263306,0.0,128.0
kv_complex_current_only_ng0,896,16,1.3404048681259155,0.47550156712532043,0.0,128.0
kv_complex_current_only_ng0,912,16,1.3512789011001587,0.47501930594444275,0.0,128.0
kv_complex_current_only_ng0,928,16,1.2958229780197144,0.48022764921188354,0.0,128.0
kv_complex_current_only_ng0,944,16,1.310996174812317,0.4752122163772583,0.0,128.0
kv_complex_current_only_ng0,960,16,1.297073245048523,0.47935956716537476,0.0,128.0
kv_complex_current_only_ng0,976,16,1.3211463689804077,0.4769483208656311,0.0,128.0
kv_complex_current_only_ng0,992,16,1.2851260900497437,0.4805169701576233,0.0,128.0
kv_complex_current_only_ng0,1008,16,1.2963839769363403,0.4778163433074951,0.0,128.0
kv_complex_current_only_ng0,1024,16,1.2863078117370605,0.48321759700775146,0.0,128.0
kv_complex_current_only_ng0,1040,16,1.3022979497909546,0.47405481338500977,0.0,128.0
kv_complex_current_only_ng0,1056,16,1.2906203269958496,0.47887730598449707,0.0,128.0
kv_complex_current_only_ng0,1072,16,1.2879947423934937,0.4749228358268738,0.0,128.0
kv_complex_current_only_ng0,1088,16,1.2652703523635864,0.4867863059043884,0.0,128.0
kv_complex_current_only_ng0,1104,16,1.2747613191604614,0.4868827164173126,0.0,128.0
kv_complex_current_only_ng0,1120,16,1.2678836584091187,0.4822531044483185,0.0,128.0
kv_complex_current_only_ng0,1136,16,1.275352120399475,0.47858795523643494,0.0,128.0
kv_complex_current_only_ng0,1152,16,1.2557399272918701,0.48755788803100586,0.0,128.0
kv_complex_current_only_ng0,1168,16,1.2443246841430664,0.4848572611808777,0.0,128.0
kv_complex_current_only_ng0,1184,16,1.257168173789978,0.49122297763824463,0.0,128.0
kv_complex_current_only_ng0,1200,16,1.2489396333694458,0.4821566343307495,0.0,128.0
kv_complex_current_only_ng0,1216,16,1.2398761510849,0.49122297763824463,0.0,128.0
kv_complex_current_only_ng0,1232,16,1.2008161544799805,0.5000964403152466,0.0,128.0
kv_complex_current_only_ng0,1248,16,1.1993436813354492,0.49932485818862915,0.0,128.0
kv_complex_current_only_ng0,1264,16,1.200982689857483,0.5,0.0,128.0
kv_complex_current_only_ng0,1280,16,1.2184934616088867,0.5016396641731262,0.0,128.0
kv_complex_current_only_ng0,1296,16,1.1769481897354126,0.5141782760620117,0.0,128.0
kv_complex_current_only_ng0,1312,16,1.178972601890564,0.4981674551963806,0.0,128.0
kv_complex_current_only_ng0,1328,16,1.1876893043518066,0.5107060670852661,0.0,128.0
kv_complex_current_only_ng0,1344,16,1.2038941383361816,0.4935378432273865,0.0,128.0
kv_complex_current_only_ng0,1360,16,1.166906476020813,0.5077160596847534,0.0,128.0
kv_complex_current_only_ng0,1376,16,1.18359375,0.5057870149612427,0.0,128.0
kv_complex_current_only_ng0,1392,16,1.1357535123825073,0.5236304402351379,0.0,128.0
kv_complex_current_only_ng0,1408,16,1.1407020092010498,0.5151427388191223,0.0,128.0
kv_complex_current_only_ng0,1424,16,1.1117061376571655,0.5253665447235107,0.0,128.0
kv_complex_current_only_ng0,1440,16,1.157401204109192,0.509452223777771,0.0,128.0
kv_complex_current_only_ng0,1456,16,1.2127792835235596,0.5030864477157593,0.0,128.0
kv_complex_current_only_ng0,1472,16,1.174546241760254,0.519000768661499,0.0,128.0
kv_complex_current_only_ng0,1488,16,1.1306134462356567,0.5342400074005127,0.0,128.0
kv_complex_current_only_ng0,1504,16,1.1745564937591553,0.5174576044082642,0.0,128.0
kv_complex_current_only_ng0,1520,16,1.1700843572616577,0.5092592239379883,0.0,128.0
kv_complex_current_only_ng0,1536,16,1.0865727663040161,0.540123462677002,0.0,128.0
kv_complex_current_only_ng0,1552,16,1.1263917684555054,0.527874231338501,0.0,128.0
kv_complex_current_only_ng0,1568,16,1.0705938339233398,0.5478395223617554,0.0,128.0
kv_complex_current_only_ng0,1584,16,1.0502310991287231,0.5443673133850098,0.0,128.0
kv_complex_current_only_ng0,1600,16,1.015289068222046,0.5707947611808777,0.0,128.0
kv_complex_current_only_ng0,1616,16,1.29851496219635,0.5386767387390137,0.0,128.0
kv_complex_current_only_ng0,1632,16,1.1746639013290405,0.5081983208656311,0.0,128.0
kv_complex_current_only_ng0,1648,16,1.0668213367462158,0.5398340821266174,0.0,128.0
kv_complex_current_only_ng0,1664,16,0.992323100566864,0.5733025074005127,0.0,128.0
kv_complex_current_only_ng0,1680,16,0.9605850577354431,0.588445246219635,0.0,128.0
kv_complex_current_only_ng0,1696,16,0.9554333686828613,0.5920138955116272,0.0,128.0
kv_complex_current_only_ng0,1712,16,0.9253222942352295,0.600501537322998,0.0,128.0
kv_complex_current_only_ng0,1728,16,0.936440110206604,0.6036844253540039,0.0,128.0
kv_complex_current_only_ng0,1744,16,1.0035964250564575,0.581500768661499,0.0,128.0
kv_complex_current_only_ng0,1760,16,0.9259586930274963,0.6020447611808777,0.0,128.0
kv_complex_current_only_ng0,1776,16,0.9227304458618164,0.6069637537002563,0.0,128.0
kv_complex_current_only_ng0,1792,16,0.8493764400482178,0.6377314925193787,0.0,128.0
kv_complex_current_only_ng0,1808,16,0.8831450939178467,0.6172839403152466,0.0,128.0
kv_complex_current_only_ng0,1824,16,0.8972223401069641,0.6330053806304932,0.0,128.0
kv_complex_current_only_ng0,1840,16,0.8813580274581909,0.6300154328346252,0.0,128.0
kv_complex_current_only_ng0,1856,16,1.0978126525878906,0.6142939925193787,0.0,128.0
kv_complex_current_only_ng0,1872,16,0.9416919946670532,0.6048418283462524,0.0,128.0
kv_complex_current_only_ng0,1888,16,0.8293700814247131,0.6421681642532349,0.0,128.0
kv_complex_current_only_ng0,1904,16,0.7833335399627686,0.6688849925994873,0.0,128.0
kv_complex_current_only_ng0,1920,16,0.7828487157821655,0.6715856194496155,0.0,128.0
kv_complex_current_only_ng0,1936,16,0.8402419686317444,0.6454474925994873,0.0,128.0
kv_complex_current_only_ng0,1952,16,0.7757488489151001,0.6716821193695068,0.0,128.0
kv_complex_current_only_ng0,1968,16,0.805952250957489,0.6561535596847534,0.0,128.0
kv_complex_current_only_ng0,1984,16,0.8121813535690308,0.6745756268501282,0.0,128.0
kv_complex_current_only_ng0,2000,16,0.8929265737533569,0.6243248581886292,0.0,128.0
kv_complex_current_only_ng0,2016,16,0.9788296818733215,0.6165123581886292,0.0,128.0
kv_complex_current_only_ng0,2032,16,0.9057417511940002,0.6120756268501282,0.0,128.0
kv_complex_current_only_ng0,2048,16,0.7802442312240601,0.6682099103927612,0.0,128.0
kv_complex_current_only_ng0,2064,16,0.8907627463340759,0.6397569179534912,0.0,128.0
kv_complex_current_only_ng0,2080,16,0.8355757594108582,0.6485339403152466,0.0,128.0
kv_complex_current_only_ng0,2096,16,0.8271914720535278,0.6452546715736389,0.0,128.0
kv_complex_current_only_ng0,2112,16,0.7419540882110596,0.6878858208656311,0.0,128.0
kv_complex_current_only_ng0,2128,16,0.7860592007637024,0.6678240895271301,0.0,128.0
kv_complex_current_only_ng0,2144,16,0.612819254398346,0.7492284178733826,0.0234375,128.0
kv_complex_current_only_ng0,2160,16,0.707497239112854,0.7035108208656311,0.0,128.0
kv_complex_current_only_ng0,2176,16,0.7195637226104736,0.701388955116272,0.0,128.0
kv_complex_current_only_ng0,2192,16,0.7150010466575623,0.7024498581886292,0.0,128.0
kv_complex_current_only_ng0,2208,16,0.6783732771873474,0.7323495149612427,0.0078125,128.0
kv_complex_current_only_ng0,2224,16,0.7166509628295898,0.7049576044082642,0.0,128.0
kv_complex_current_only_ng0,2240,16,0.7513500452041626,0.6820988059043884,0.0,128.0
kv_complex_current_only_ng0,2256,16,0.7534600496292114,0.6996527910232544,0.0,128.0
kv_complex_current_only_ng0,2272,16,0.8757238984107971,0.6483410596847534,0.0,128.0
kv_complex_current_only_ng0,2288,16,0.8354344964027405,0.6400462985038757,0.0,128.0
kv_complex_current_only_ng0,2304,16,0.6976675987243652,0.7024498581886292,0.0,128.0
kv_complex_current_only_ng0,2320,16,0.6694003939628601,0.7223186492919922,0.0078125,128.0
kv_complex_current_only_ng0,2336,16,0.6145700216293335,0.7552083730697632,0.0078125,128.0
kv_complex_current_only_ng0,2352,16,0.7447339296340942,0.7120949029922485,0.0,128.0
kv_complex_current_only_ng0,2368,16,0.7555732727050781,0.6818094253540039,0.0,128.0
kv_complex_current_only_ng0,2384,16,0.7945725917816162,0.691936731338501,0.0078125,128.0
kv_complex_current_only_ng0,2400,16,0.8215083479881287,0.6550925970077515,0.0,128.0
kv_complex_current_only_ng0,2416,16,0.7103743553161621,0.7089120149612427,0.0078125,128.0
kv_complex_current_only_ng0,2432,16,0.6899416446685791,0.7111304402351379,0.0078125,128.0
kv_complex_current_only_ng0,2448,16,0.6096366047859192,0.7701582312583923,0.0234375,128.0
kv_complex_current_only_ng0,2464,16,0.7232155799865723,0.7040895223617554,0.0,128.0
kv_complex_current_only_ng0,2480,16,0.741202175617218,0.6887538433074951,0.0234375,128.0
kv_complex_current_only_ng0,2496,16,0.7083346247673035,0.7288773059844971,0.0078125,128.0
kv_complex_current_only_ng0,2512,16,0.7079809308052063,0.7106481790542603,0.0,128.0
kv_complex_current_only_ng0,2528,16,0.643628716468811,0.748939037322998,0.0078125,128.0
kv_complex_current_only_ng0,2544,16,0.5836287140846252,0.7662037014961243,0.0078125,128.0
kv_complex_current_only_ng0,2560,16,0.667519748210907,0.7464313507080078,0.0078125,128.0
kv_complex_current_only_ng0,2576,16,0.6446139812469482,0.7581018805503845,0.015625,128.0
kv_complex_current_only_ng0,2592,16,0.669162392616272,0.7261767387390137,0.015625,128.0
kv_complex_current_only_ng0,2608,16,0.6556112766265869,0.7596450448036194,0.0390625,128.0
kv_complex_current_only_ng0,2624,16,0.645311713218689,0.7357253432273865,0.0234375,128.0
kv_complex_current_only_ng0,2640,16,0.6734251976013184,0.7255979776382446,0.0,128.0
kv_complex_current_only_ng0,2656,16,0.5684037208557129,0.7705439925193787,0.015625,128.0
kv_complex_current_only_ng0,2672,16,0.6083044409751892,0.7528935074806213,0.0078125,128.0
kv_complex_current_only_ng0,2688,16,0.6362227201461792,0.7495177388191223,0.0078125,128.0
kv_complex_current_only_ng0,2704,16,0.6097514033317566,0.7623457312583923,0.015625,128.0
kv_complex_current_only_ng0,2720,16,0.609592616558075,0.7560763955116272,0.0234375,128.0
kv_complex_current_only_ng0,2736,16,0.6339539885520935,0.7445987462997437,0.015625,128.0
kv_complex_current_only_ng0,2752,16,0.697554349899292,0.7548225522041321,0.015625,128.0
kv_complex_current_only_ng0,2768,16,0.8044307231903076,0.6809413433074951,0.0078125,128.0
kv_complex_current_only_ng0,2784,16,0.7611538171768188,0.6954089403152466,0.0,128.0
kv_complex_current_only_ng0,2800,16,0.8788539171218872,0.6432291865348816,0.0,128.0
kv_complex_current_only_ng0,2816,16,0.8219541311264038,0.6628086566925049,0.0078125,128.0
kv_complex_current_only_ng0,2832,16,0.8054089546203613,0.6643518805503845,0.0,128.0
kv_complex_current_only_ng0,2848,16,0.6263536214828491,0.7535686492919922,0.0078125,128.0
kv_complex_current_only_ng0,2864,16,0.70721036195755,0.7082369327545166,0.0078125,128.0
kv_complex_current_only_ng0,2880,16,0.5357379913330078,0.791570246219635,0.03125,128.0
kv_complex_current_only_ng0,2896,16,0.6319777965545654,0.744695246219635,0.0078125,128.0
kv_complex_current_only_ng0,2912,16,0.5011491179466248,0.8133680820465088,0.0234375,128.0
kv_complex_current_only_ng0,2928,16,0.6472321152687073,0.7500964999198914,0.0,128.0
kv_complex_current_only_ng0,2944,16,0.5814018845558167,0.7826967835426331,0.0,128.0
kv_complex_current_only_ng0,2960,16,0.6374195218086243,0.7781636118888855,0.0078125,128.0
kv_complex_current_only_ng0,2976,16,0.680371880531311,0.7256944179534912,0.015625,128.0
kv_complex_current_only_ng0,2992,16,0.9250407218933105,0.688078761100769,0.0234375,128.0
kv_complex_current_only_ng0,3008,16,0.8040655255317688,0.66126549243927,0.0,128.0
kv_complex_current_only_ng0,3024,16,0.6988723278045654,0.7116126418113708,0.03125,128.0
kv_complex_current_only_ng0,3040,16,0.5539288520812988,0.784818708896637,0.046875,128.0
kv_complex_current_only_ng0,3056,16,0.7411245107650757,0.6879823207855225,0.0,128.0
kv_complex_current_only_ng0,3072,16,0.5046293139457703,0.8086420297622681,0.0234375,128.0
kv_complex_current_only_ng0,3088,16,0.539772093296051,0.7873263955116272,0.0078125,128.0
kv_complex_current_only_ng0,3104,16,0.5786510109901428,0.7733410596847534,0.0078125,128.0
kv_complex_current_only_ng0,3120,16,0.6264529824256897,0.784625768661499,0.0078125,128.0
kv_complex_current_only_ng0,3136,16,0.5345252156257629,0.7868441343307495,0.0390625,128.0
kv_complex_current_only_ng0,3152,16,0.6168842315673828,0.7598379254341125,0.0234375,128.0
kv_complex_current_only_ng0,3168,16,0.706169843673706,0.7297453880310059,0.015625,128.0
kv_complex_current_only_ng0,3184,16,0.6747762560844421,0.7267553806304932,0.0390625,128.0
kv_complex_current_only_ng0,3200,16,0.7274684906005859,0.7255979776382446,0.0,128.0
kv_complex_current_only_ng0,3216,16,0.7657536864280701,0.6793017387390137,0.0234375,128.0
kv_complex_current_only_ng0,3232,16,0.6650602221488953,0.737075686454773,0.0078125,128.0
kv_complex_current_only_ng0,3248,16,0.6896548271179199,0.7194252014160156,0.0234375,128.0
kv_complex_current_only_ng0,3264,16,0.6968086957931519,0.7213541865348816,0.0390625,128.0
kv_complex_current_only_ng0,3280,16,0.5145593285560608,0.8008295297622681,0.046875,128.0
kv_complex_current_only_ng0,3296,16,0.5069350600242615,0.8101851940155029,0.0546875,128.0
kv_complex_current_only_ng0,3312,16,0.6650790572166443,0.7624421119689941,0.015625,128.0
kv_complex_current_only_ng0,3328,16,0.5504471659660339,0.7797067761421204,0.0234375,128.0
kv_complex_current_only_ng0,3344,16,0.5540758371353149,0.8070023059844971,0.015625,128.0
kv_complex_current_only_ng0,3360,16,0.5606808066368103,0.792438268661499,0.015625,128.0
kv_complex_current_only_ng0,3376,16,0.549338698387146,0.7842400074005127,0.015625,128.0
kv_complex_current_only_ng0,3392,16,0.600365161895752,0.7719907760620117,0.0234375,128.0
kv_complex_current_only_ng0,3408,16,0.45211061835289,0.8450038433074951,0.0546875,128.0
kv_complex_current_only_ng0,3424,16,0.5100436806678772,0.8225308656692505,0.0078125,128.0
kv_complex_current_only_ng0,3440,16,0.5487471222877502,0.7792245149612427,0.0078125,128.0
kv_complex_current_only_ng0,3456,16,0.507997989654541,0.8070987462997437,0.0234375,128.0
kv_complex_current_only_ng0,3472,16,0.5535989999771118,0.7857831716537476,0.046875,128.0
kv_complex_current_only_ng0,3488,16,0.6554349064826965,0.7513503432273865,0.015625,128.0
kv_complex_current_only_ng0,3504,16,0.509199857711792,0.8035300970077515,0.03125,128.0
kv_complex_current_only_ng0,3520,16,0.5528320074081421,0.807195246219635,0.015625,128.0
kv_complex_current_only_ng0,3536,16,0.5338707566261292,0.7890625,0.03125,128.0
kv_complex_current_only_ng0,3552,16,0.5590046048164368,0.7825039029121399,0.015625,128.0
kv_complex_current_only_ng0,3568,16,0.5592764019966125,0.811631977558136,0.0546875,128.0
kv_complex_current_only_ng0,3584,16,0.4995577335357666,0.8090277910232544,0.0078125,128.0
kv_complex_current_only_ng0,3600,16,0.6396194100379944,0.7636960744857788,0.0234375,128.0
kv_complex_current_only_ng0,3616,16,0.48749643564224243,0.8134645223617554,0.03125,128.0
kv_complex_current_only_ng0,3632,16,0.5957043766975403,0.784818708896637,0.015625,128.0
kv_complex_current_only_ng0,3648,16,0.6502479314804077,0.7643711566925049,0.015625,128.0
kv_complex_current_only_ng0,3664,16,0.6758137345314026,0.7248263955116272,0.0234375,128.0
kv_complex_current_only_ng0,3680,16,0.7421612739562988,0.7185571193695068,0.0078125,128.0
kv_complex_current_only_ng0,3696,16,0.7860642075538635,0.6772762537002563,0.015625,128.0
kv_complex_current_only_ng0,3712,16,0.6596554517745972,0.7251157760620117,0.0546875,128.0
kv_complex_current_only_ng0,3728,16,0.5714302062988281,0.7806713581085205,0.0078125,128.0
kv_complex_current_only_ng0,3744,16,0.5908909440040588,0.7658179402351379,0.03125,128.0
kv_complex_current_only_ng0,3760,16,0.5383580923080444,0.8070988059043884,0.0390625,128.0
kv_complex_current_only_ng0,3776,16,0.4992576539516449,0.8214699625968933,0.015625,128.0
kv_complex_current_only_ng0,3792,16,0.5462071299552917,0.8043017387390137,0.0078125,128.0
kv_complex_current_only_ng0,3808,16,0.517176628112793,0.8226273655891418,0.0546875,128.0
kv_complex_current_only_ng0,3824,16,0.49308109283447266,0.8271604776382446,0.015625,128.0
kv_complex_current_only_ng0,3840,16,0.6622200608253479,0.7669753432273865,0.0,128.0
kv_complex_current_only_ng0,3856,16,0.5561018586158752,0.7811535596847534,0.015625,128.0
kv_complex_current_only_ng0,3872,16,0.5405051112174988,0.8312114477157593,0.015625,128.0
kv_complex_current_only_ng0,3888,16,0.6505615711212158,0.740258514881134,0.015625,128.0
kv_complex_current_only_ng0,3904,16,0.6427047252655029,0.7539545297622681,0.0,128.0
kv_complex_current_only_ng0,3920,16,0.7760376930236816,0.6780478358268738,0.0,128.0
kv_complex_current_only_ng0,3936,16,0.6187562942504883,0.7564622163772583,0.0234375,128.0
kv_complex_current_only_ng0,3952,16,0.6726446747779846,0.7273341417312622,0.046875,128.0
kv_complex_current_only_ng0,3968,16,0.579875111579895,0.7836612462997437,0.0,128.0
kv_complex_current_only_ng0,3984,16,0.46356698870658875,0.8586998581886292,0.03125,128.0
kv_complex_current_only_ng0,4000,16,0.5720303058624268,0.7848186492919922,0.0234375,128.0
kv_complex_current_only_ng0,4016,16,0.4136147201061249,0.8517554402351379,0.046875,128.0
kv_complex_current_only_ng0,4032,16,0.6799934506416321,0.7493248581886292,0.0078125,128.0
kv_complex_current_only_ng0,4048,16,0.5299614071846008,0.7911844253540039,0.0390625,128.0
kv_complex_current_only_ng0,4064,16,0.5655944347381592,0.8021798133850098,0.015625,128.0
kv_complex_current_only_ng0,4080,16,0.4459046721458435,0.8341048955917358,0.03125,128.0
kv_complex_current_only_ng0,4096,16,0.5142330527305603,0.8316936492919922,0.0234375,128.0
kv_complex_current_only_ng0,4112,16,0.5885799527168274,0.7950424551963806,0.0234375,128.0
kv_complex_current_only_ng0,4128,16,0.4391959011554718,0.8346836566925049,0.0234375,128.0
kv_complex_current_only_ng0,4144,16,0.538994312286377,0.8290895223617554,0.03125,128.0
kv_complex_current_only_ng0,4160,16,0.5341907143592834,0.8039158582687378,0.015625,128.0
kv_complex_current_only_ng0,4176,16,0.44997119903564453,0.8307291865348816,0.0546875,128.0
kv_complex_current_only_ng0,4192,16,0.6009293794631958,0.7780671119689941,0.015625,128.0
kv_complex_current_only_ng0,4208,16,0.538693368434906,0.8197338581085205,0.0078125,128.0
kv_complex_current_only_ng0,4224,16,0.4377725124359131,0.8339120745658875,0.03125,128.0
kv_complex_current_only_ng0,4240,16,0.49276894330978394,0.8358410596847534,0.0546875,128.0
kv_complex_current_only_ng0,4256,16,0.7326829433441162,0.7283951044082642,0.0,128.0
kv_complex_current_only_ng0,4272,16,0.6433994174003601,0.7362075448036194,0.015625,128.0
kv_complex_current_only_ng0,4288,16,0.5912518501281738,0.7836612462997437,0.0234375,128.0
kv_complex_current_only_ng0,4304,16,0.732306182384491,0.701196014881134,0.015625,128.0
kv_complex_current_only_ng0,4320,16,0.6321261525154114,0.751639723777771,0.0234375,128.0
kv_complex_current_only_ng0,4336,16,0.7280892133712769,0.6966627836227417,0.0234375,128.0
kv_complex_current_only_ng0,4352,16,0.5377304553985596,0.7938850522041321,0.03125,128.0
kv_complex_current_only_ng0,4368,16,0.6620648503303528,0.7563657760620117,0.015625,128.0
kv_complex_current_only_ng0,4384,16,0.5694460868835449,0.7750771641731262,0.0234375,128.0
kv_complex_current_only_ng0,4400,16,0.6295521259307861,0.7725694179534912,0.0234375,128.0
kv_complex_current_only_ng0,4416,16,0.6111017465591431,0.7527006268501282,0.046875,128.0
kv_complex_current_only_ng0,4432,16,0.6244413256645203,0.7740162014961243,0.0078125,128.0
kv_complex_current_only_ng0,4448,16,0.7546781301498413,0.6945409178733826,0.0078125,128.0
kv_complex_current_only_ng0,4464,16,0.6721276640892029,0.7239583730697632,0.0234375,128.0
kv_complex_current_only_ng0,4480,16,0.6281428933143616,0.7652392387390137,0.03125,128.0
kv_complex_current_only_ng0,4496,16,0.7437065839767456,0.6988811492919922,0.015625,128.0
kv_complex_current_only_ng0,4512,16,0.611960768699646,0.748939037322998,0.0234375,128.0
kv_complex_current_only_ng0,4528,16,0.7698526382446289,0.6917438507080078,0.0390625,128.0
kv_complex_current_only_ng0,4544,16,0.6648163199424744,0.7367863059043884,0.03125,128.0
kv_complex_current_only_ng0,4560,16,0.7030803561210632,0.7215470671653748,0.0078125,128.0
kv_complex_current_only_ng0,4576,16,0.6197496652603149,0.7587770223617554,0.03125,128.0
kv_complex_current_only_ng0,4592,16,0.7194045782089233,0.716821014881134,0.0,128.0
kv_complex_current_only_ng0,4608,16,0.6282735466957092,0.7529900074005127,0.015625,128.0
kv_complex_current_only_ng0,4624,16,0.6890941858291626,0.7287808656692505,0.0390625,128.0
kv_complex_current_only_ng0,4640,16,0.5466092824935913,0.7933063507080078,0.0390625,128.0
kv_complex_current_only_ng0,4656,16,0.7207423448562622,0.7053433656692505,0.0234375,128.0
kv_complex_current_only_ng0,4672,16,0.5918299555778503,0.7609953880310059,0.0234375,128.0
kv_complex_current_only_ng0,4688,16,0.6413565874099731,0.7500964403152466,0.03125,128.0
kv_complex_current_only_ng0,4704,16,0.6313555240631104,0.754436731338501,0.03125,128.0
kv_complex_current_only_ng0,4720,16,0.6314706206321716,0.759452223777771,0.015625,128.0
kv_complex_current_only_ng0,4736,16,0.5925527811050415,0.7701581716537476,0.0078125,128.0
kv_complex_current_only_ng0,4752,16,0.6922332644462585,0.7265625596046448,0.0078125,128.0
kv_complex_current_only_ng0,4768,16,0.5970063805580139,0.7646604776382446,0.03125,128.0
kv_complex_current_only_ng0,4784,16,0.6551454067230225,0.7488426566123962,0.03125,128.0
kv_complex_current_only_ng0,4800,16,0.5152658224105835,0.8037229776382446,0.1015625,128.0
kv_complex_current_only_ng0,4816,16,0.7151845693588257,0.7151813507080078,0.0078125,128.0
kv_complex_current_only_ng0,4832,16,0.6471100449562073,0.7332175970077515,0.015625,128.0
kv_complex_current_only_ng0,4848,16,0.570010244846344,0.7909915447235107,0.046875,128.0
kv_complex_current_only_ng0,4864,16,0.6347822546958923,0.7638888955116272,0.015625,128.0
kv_complex_current_only_ng0,4880,16,0.5438752174377441,0.8025656342506409,0.0390625,128.0
kv_complex_current_only_ng0,4896,16,0.5923383831977844,0.7795138955116272,0.0390625,128.0
kv_complex_current_only_ng0,4912,16,0.5912182331085205,0.7807677984237671,0.015625,128.0
kv_complex_current_only_ng0,4928,16,0.5497207045555115,0.8030478358268738,0.046875,128.0
kv_complex_current_only_ng0,4944,16,0.6318261623382568,0.7608989477157593,0.0234375,128.0
kv_complex_current_only_ng0,4960,16,0.5443102717399597,0.7938850522041321,0.0390625,128.0
kv_complex_current_only_ng0,4976,16,0.6782808899879456,0.7452739477157593,0.0078125,128.0
kv_complex_current_only_ng0,4992,16,0.5222944021224976,0.8048804402351379,0.078125,128.0
kv_complex_current_only_ng0,5008,16,0.6523804664611816,0.744695246219635,0.03125,128.0
kv_complex_current_only_ng0,5024,16,0.5370201468467712,0.7946566343307495,0.0546875,128.0
kv_complex_current_only_ng0,5040,16,0.6625613570213318,0.7336998581886292,0.0234375,128.0
kv_complex_current_only_ng0,5056,16,0.5443913340568542,0.7969714403152466,0.0859375,128.0
kv_complex_current_only_ng0,5072,16,0.6552872657775879,0.7534722089767456,0.0234375,128.0
kv_complex_current_only_ng0,5088,16,0.48760807514190674,0.8242670297622681,0.09375,128.0
kv_complex_current_only_ng0,5104,16,0.6780179738998413,0.7294560670852661,0.03125,128.0
kv_complex_current_only_ng0,5120,16,0.5506675243377686,0.7879050970077515,0.046875,128.0
kv_complex_current_only_ng0,5136,16,0.6089639663696289,0.7742091417312622,0.0390625,128.0
kv_complex_current_only_ng0,5152,16,0.5606133937835693,0.7829861044883728,0.0546875,128.0
kv_complex_current_only_ng0,5168,16,0.5405507683753967,0.7949459552764893,0.03125,128.0
kv_complex_current_only_ng0,5184,16,0.593928337097168,0.7636960744857788,0.0234375,128.0
kv_complex_current_only_ng0,5200,16,0.5596641302108765,0.7964891791343689,0.03125,128.0
kv_complex_current_only_ng0,5216,16,0.6235576272010803,0.7608025074005127,0.03125,128.0
kv_complex_current_only_ng0,5232,16,0.5354220271110535,0.7999614477157593,0.0703125,128.0
kv_complex_current_only_ng0,5248,16,0.6755110025405884,0.7405478358268738,0.015625,128.0
kv_complex_current_only_ng0,5264,16,0.5192104578018188,0.8079668879508972,0.0859375,128.0
kv_complex_current_only_ng0,5280,16,0.6548333764076233,0.7425733208656311,0.0234375,128.0
kv_complex_current_only_ng0,5296,16,0.5490912795066833,0.7842400074005127,0.078125,128.0
kv_complex_current_only_ng0,5312,16,0.5336290597915649,0.8067129850387573,0.0234375,128.0
kv_complex_current_only_ng0,5328,16,0.6338033676147461,0.7568479776382446,0.0390625,128.0
kv_complex_current_only_ng0,5344,16,0.569418728351593,0.775077223777771,0.0625,128.0
kv_complex_current_only_ng0,5360,16,0.49971455335617065,0.8296682238578796,0.0234375,128.0
kv_complex_current_only_ng0,5376,16,0.7008202075958252,0.7229938507080078,0.03125,128.0
kv_complex_current_only_ng0,5392,16,0.5681978464126587,0.776813268661499,0.078125,128.0
kv_complex_current_only_ng0,5408,16,0.6212809085845947,0.7669753432273865,0.0078125,128.0
kv_complex_current_only_ng0,5424,16,0.5000240802764893,0.8168402910232544,0.0859375,128.0
kv_complex_current_only_ng0,5440,16,0.649559736251831,0.7539545297622681,0.0234375,128.0
kv_complex_current_only_ng0,5456,16,0.5173627138137817,0.8040124177932739,0.0625,128.0
kv_complex_current_only_ng0,5472,16,0.6202785968780518,0.7649499177932739,0.015625,128.0
kv_complex_current_only_ng0,5488,16,0.5370543599128723,0.7976466417312622,0.0625,128.0
kv_complex_current_only_ng0,5504,16,0.683437705039978,0.737750768661499,0.03125,128.0
kv_complex_current_only_ng0,5520,16,0.5093654990196228,0.8065200448036194,0.109375,128.0
kv_complex_current_only_ng0,5536,16,0.6608392000198364,0.7490354776382446,0.0234375,128.0
kv_complex_current_only_ng0,5552,16,0.49577057361602783,0.8159722089767456,0.1640625,128.0
kv_complex_current_only_ng0,5568,16,0.5946148037910461,0.7759451866149902,0.03125,128.0
kv_complex_current_only_ng0,5584,16,0.5269508957862854,0.7994791865348816,0.1015625,128.0
kv_complex_current_only_ng0,5600,16,0.6027073860168457,0.7772955894470215,0.0078125,128.0
kv_complex_current_only_ng0,5616,16,0.5221434235572815,0.813078761100769,0.078125,128.0
kv_complex_current_only_ng0,5632,16,0.579308807849884,0.7805749177932739,0.03125,128.0
kv_complex_current_only_ng0,5648,16,0.5727476477622986,0.7777777910232544,0.046875,128.0
kv_complex_current_only_ng0,5664,16,0.5414409041404724,0.8007330894470215,0.0546875,128.0
kv_complex_current_only_ng0,5680,16,0.5703930258750916,0.7931134700775146,0.015625,128.0
kv_complex_current_only_ng0,5696,16,0.6274021863937378,0.7659143805503845,0.0078125,128.0
kv_complex_current_only_ng0,5712,16,0.5915969610214233,0.7749807238578796,0.0234375,128.0
kv_complex_current_only_ng0,5728,16,0.5708016157150269,0.78125,0.0390625,128.0
kv_complex_current_only_ng0,5744,16,0.5771349668502808,0.7866512537002563,0.0234375,128.0
kv_complex_current_only_ng0,5760,16,0.5055190920829773,0.8156828880310059,0.140625,128.0
kv_complex_current_only_ng0,5776,16,0.5890443921089172,0.7852045297622681,0.0234375,128.0
kv_complex_current_only_ng0,5792,16,0.5003364682197571,0.8167438507080078,0.1328125,128.0
kv_complex_current_only_ng0,5808,16,0.7058742642402649,0.7262731790542603,0.0,128.0
kv_complex_current_only_ng0,5824,16,0.5444437861442566,0.7974537014961243,0.03125,128.0
kv_complex_current_only_ng0,5840,16,0.5632445812225342,0.7939815521240234,0.03125,128.0
kv_complex_current_only_ng0,5856,16,0.4893631637096405,0.8172260522842407,0.140625,128.0
kv_complex_current_only_ng0,5872,16,0.6509424448013306,0.7499035596847534,0.046875,128.0
kv_complex_current_only_ng0,5888,16,0.5276858806610107,0.8056520223617554,0.0625,128.0
kv_complex_current_only_ng0,5904,16,0.6543536186218262,0.745563268661499,0.046875,128.0
kv_complex_current_only_ng0,5920,16,0.5778943300247192,0.7712191343307495,0.0859375,128.0
kv_complex_current_only_ng0,5936,16,0.5084900259971619,0.8079668879508972,0.09375,128.0
kv_complex_current_only_ng0,5952,16,0.6260713338851929,0.7528935670852661,0.015625,128.0
kv_complex_current_only_ng0,5968,16,0.5376179218292236,0.7938850522041321,0.109375,128.0
kv_complex_current_only_ng0,5984,16,0.6629539728164673,0.7387152910232544,0.0546875,128.0
kv_complex_current_only_ng0,6000,16,0.4941093623638153,0.8131752014160156,0.109375,128.0
kv_current_plus_stdp_ng0,16,16,2.4946329593658447,0.08998842537403107,0.0,128.0
kv_current_plus_stdp_ng0,32,16,2.444370985031128,0.10551697760820389,0.0,128.0
kv_current_plus_stdp_ng0,48,16,2.3683087825775146,0.14081791043281555,0.0,128.0
kv_current_plus_stdp_ng0,64,16,2.2808170318603516,0.18740354478359222,0.0,128.0
kv_current_plus_stdp_ng0,80,16,2.164947748184204,0.26504629850387573,0.0,128.0
kv_current_plus_stdp_ng0,96,16,2.064251184463501,0.33015045523643494,0.0,128.0
kv_current_plus_stdp_ng0,112,16,1.9726909399032593,0.37866514921188354,0.0,128.0
kv_current_plus_stdp_ng0,128,16,1.8866169452667236,0.38898536562919617,0.0,128.0
kv_current_plus_stdp_ng0,144,16,1.8118877410888672,0.3963155746459961,0.0,128.0
kv_current_plus_stdp_ng0,160,16,1.7421098947525024,0.4027777910232544,0.0,128.0
kv_current_plus_stdp_ng0,176,16,1.681882619857788,0.4048997163772583,0.0,128.0
kv_current_plus_stdp_ng0,192,16,1.6298891305923462,0.4139660596847534,0.0,128.0
kv_current_plus_stdp_ng0,208,16,1.5908881425857544,0.42283952236175537,0.0,128.0
kv_current_plus_stdp_ng0,224,16,1.5611151456832886,0.436631977558136,0.0,128.0
kv_current_plus_stdp_ng0,240,16,1.5074670314788818,0.45283567905426025,0.0,128.0
kv_current_plus_stdp_ng0,256,16,1.4909764528274536,0.4553433656692505,0.0,128.0
kv_current_plus_stdp_ng0,272,16,1.4507431983947754,0.467785507440567,0.0,128.0
kv_current_plus_stdp_ng0,288,16,1.4347765445709229,0.46768903732299805,0.0,128.0
kv_current_plus_stdp_ng0,304,16,1.3983687162399292,0.4769483208656311,0.0,128.0
kv_current_plus_stdp_ng0,320,16,1.3691455125808716,0.47550153732299805,0.0,128.0
kv_current_plus_stdp_ng0,336,16,1.368247628211975,0.4709683954715729,0.0,128.0
kv_current_plus_stdp_ng0,352,16,1.3463281393051147,0.48505017161369324,0.0,128.0
kv_current_plus_stdp_ng0,368,16,1.3320221900939941,0.47800928354263306,0.0,128.0
kv_current_plus_stdp_ng0,384,16,1.3277620077133179,0.47685185074806213,0.0,128.0
kv_current_plus_stdp_ng0,400,16,1.3119840621948242,0.488811731338501,0.0,128.0
kv_current_plus_stdp_ng0,416,16,1.3078863620758057,0.48148149251937866,0.0,128.0
kv_current_plus_stdp_ng0,432,16,1.3068664073944092,0.483506977558136,0.0,128.0
kv_current_plus_stdp_ng0,448,16,1.293251872062683,0.48717206716537476,0.0,128.0
kv_current_plus_stdp_ng0,464,16,1.2881882190704346,0.4864004850387573,0.0,128.0
kv_current_plus_stdp_ng0,480,16,1.292489767074585,0.4851466119289398,0.0,128.0
kv_current_plus_stdp_ng0,496,16,1.281333565711975,0.4920910596847534,0.0,128.0
kv_current_plus_stdp_ng0,512,16,1.2749383449554443,0.4924768805503845,0.0,128.0
kv_current_plus_stdp_ng0,528,16,1.266452670097351,0.49459874629974365,0.0,128.0
kv_current_plus_stdp_ng0,544,16,1.25247061252594,0.504436731338501,0.0,128.0
kv_current_plus_stdp_ng0,560,16,1.2417980432510376,0.5064622163772583,0.0,128.0
kv_current_plus_stdp_ng0,576,16,1.2484846115112305,0.5001928806304932,0.0,128.0
kv_current_plus_stdp_ng0,592,16,1.2337512969970703,0.5019290447235107,0.0,128.0
kv_current_plus_stdp_ng0,608,16,1.2302707433700562,0.5073302388191223,0.0,128.0
kv_current_plus_stdp_ng0,624,16,1.212290644645691,0.5138888955116272,0.0,128.0
kv_current_plus_stdp_ng0,640,16,1.2049341201782227,0.5209298133850098,0.0,128.0
kv_current_plus_stdp_ng0,656,16,1.19602370262146,0.5212191343307495,0.0,128.0
kv_current_plus_stdp_ng0,672,16,1.1979432106018066,0.5190972089767456,0.0,128.0
kv_current_plus_stdp_ng0,688,16,1.1876704692840576,0.5210262537002563,0.0,128.0
kv_current_plus_stdp_ng0,704,16,1.1795705556869507,0.5264275074005127,0.0,128.0
kv_current_plus_stdp_ng0,720,16,1.174565076828003,0.528742253780365,0.0,128.0
kv_current_plus_stdp_ng0,736,16,1.1686139106750488,0.5291280746459961,0.0,128.0
kv_current_plus_stdp_ng0,752,16,1.1436196565628052,0.5423418283462524,0.0,128.0
kv_current_plus_stdp_ng0,768,16,1.1546120643615723,0.5334683656692505,0.0,128.0
kv_current_plus_stdp_ng0,784,16,1.1562501192092896,0.5297067761421204,0.0,128.0
kv_current_plus_stdp_ng0,800,16,1.1548347473144531,0.5366512537002563,0.0,128.0
kv_current_plus_stdp_ng0,816,16,1.1336641311645508,0.5420525074005127,0.0,128.0
kv_current_plus_stdp_ng0,832,16,1.1256803274154663,0.5430170297622681,0.0,128.0
kv_current_plus_stdp_ng0,848,16,1.1232688426971436,0.5494791269302368,0.0,128.0
kv_current_plus_stdp_ng0,864,16,1.1021919250488281,0.5515046119689941,0.0,128.0
kv_current_plus_stdp_ng0,880,16,1.10448157787323,0.5577739477157593,0.0,128.0
kv_current_plus_stdp_ng0,896,16,1.0840867757797241,0.5661650896072388,0.0,128.0
kv_current_plus_stdp_ng0,912,16,1.0814975500106812,0.5730131268501282,0.0,128.0
kv_current_plus_stdp_ng0,928,16,1.0627362728118896,0.5735918283462524,0.0,128.0
kv_current_plus_stdp_ng0,944,16,1.0805920362472534,0.5661651492118835,0.0,128.0
kv_current_plus_stdp_ng0,960,16,1.0751296281814575,0.5681905746459961,0.0,128.0
kv_current_plus_stdp_ng0,976,16,1.0754363536834717,0.5672261118888855,0.0,128.0
kv_current_plus_stdp_ng0,992,16,1.0530561208724976,0.5829474925994873,0.0,128.0
kv_current_plus_stdp_ng0,1008,16,1.0455201864242554,0.5805362462997437,0.0,128.0
kv_current_plus_stdp_ng0,1024,16,1.0274686813354492,0.5881558656692505,0.0,128.0
kv_current_plus_stdp_ng0,1040,16,1.054246187210083,0.5767747163772583,0.0,128.0
kv_current_plus_stdp_ng0,1056,16,1.0185285806655884,0.5923032164573669,0.0,128.0
kv_current_plus_stdp_ng0,1072,16,1.0179705619812012,0.5905671119689941,0.0,128.0
kv_current_plus_stdp_ng0,1088,16,0.99750816822052,0.6045525074005127,0.0,128.0
kv_current_plus_stdp_ng0,1104,16,0.9561834335327148,0.6217206716537476,0.0,128.0
kv_current_plus_stdp_ng0,1120,16,0.977019727230072,0.6120755672454834,0.0,128.0
kv_current_plus_stdp_ng0,1136,16,0.9795687198638916,0.6110146641731262,0.0,128.0
kv_current_plus_stdp_ng0,1152,16,0.9841731190681458,0.6168981790542603,0.0,128.0
kv_current_plus_stdp_ng0,1168,16,0.9342450499534607,0.6333912014961243,0.0,128.0
kv_current_plus_stdp_ng0,1184,16,0.9245491623878479,0.6414930820465088,0.0,128.0
kv_current_plus_stdp_ng0,1200,16,0.9089775085449219,0.6499806642532349,0.0,128.0
kv_current_plus_stdp_ng0,1216,16,0.8825792670249939,0.6625192761421204,0.0,128.0
kv_current_plus_stdp_ng0,1232,16,0.7962872982025146,0.7023534774780273,0.0,128.0
kv_current_plus_stdp_ng0,1248,16,0.8431738615036011,0.6793981790542603,0.0,128.0
kv_current_plus_stdp_ng0,1264,16,0.8156323432922363,0.6945409178733826,0.0,128.0
kv_current_plus_stdp_ng0,1280,16,0.8269258737564087,0.6946373581886292,0.0,128.0
kv_current_plus_stdp_ng0,1296,16,0.7957199811935425,0.7002314925193787,0.0,128.0
kv_current_plus_stdp_ng0,1312,16,0.7704948782920837,0.7173997163772583,0.0,128.0
kv_current_plus_stdp_ng0,1328,16,0.705613374710083,0.7459490895271301,0.0,128.0
kv_current_plus_stdp_ng0,1344,16,0.7847700119018555,0.7182677984237671,0.0,128.0
kv_current_plus_stdp_ng0,1360,16,0.7223180532455444,0.7394868731498718,0.0,128.0
kv_current_plus_stdp_ng0,1376,16,0.6801846027374268,0.7612847089767456,0.0,128.0
kv_current_plus_stdp_ng0,1392,16,0.7582209706306458,0.7269483208656311,0.0,128.0
kv_current_plus_stdp_ng0,1408,16,0.5879707336425781,0.7971644401550293,0.015625,128.0
kv_current_plus_stdp_ng0,1424,16,0.648802638053894,0.7791280746459961,0.0,128.0
kv_current_plus_stdp_ng0,1440,16,0.7217806577682495,0.7444058656692505,0.0,128.0
kv_current_plus_stdp_ng0,1456,16,0.738586962223053,0.7422839403152466,0.0,128.0
kv_current_plus_stdp_ng0,1472,16,0.5764691829681396,0.8021798133850098,0.0,128.0
kv_current_plus_stdp_ng0,1488,16,0.7688317894935608,0.7344714403152466,0.0,128.0
kv_current_plus_stdp_ng0,1504,16,0.6172617077827454,0.7860725522041321,0.0,128.0
kv_current_plus_stdp_ng0,1520,16,0.6387342214584351,0.7813464403152466,0.0,128.0
kv_current_plus_stdp_ng0,1536,16,0.6643592119216919,0.7664930820465088,0.0,128.0
kv_current_plus_stdp_ng0,1552,16,0.6189669370651245,0.7907021641731262,0.0078125,128.0
kv_current_plus_stdp_ng0,1568,16,0.5934605598449707,0.8041088581085205,0.0546875,128.0
kv_current_plus_stdp_ng0,1584,16,0.6232298016548157,0.792438268661499,0.0078125,128.0
kv_current_plus_stdp_ng0,1600,16,0.5420201420783997,0.826196014881134,0.0234375,128.0
kv_current_plus_stdp_ng0,1616,16,0.609331488609314,0.8010224103927612,0.015625,128.0
kv_current_plus_stdp_ng0,1632,16,0.5689374208450317,0.8152006268501282,0.0078125,128.0
kv_current_plus_stdp_ng0,1648,16,0.5670715570449829,0.8183834552764893,0.0078125,128.0
kv_current_plus_stdp_ng0,1664,16,0.5744683146476746,0.8201196193695068,0.046875,128.0
kv_current_plus_stdp_ng0,1680,16,0.5613922476768494,0.8163580298423767,0.015625,128.0
kv_current_plus_stdp_ng0,1696,16,0.47904789447784424,0.8584104776382446,0.03125,128.0
kv_current_plus_stdp_ng0,1712,16,0.640266478061676,0.791763186454773,0.0078125,128.0
kv_current_plus_stdp_ng0,1728,16,0.5247153043746948,0.8307291865348816,0.015625,128.0
kv_current_plus_stdp_ng0,1744,16,0.4910411834716797,0.8598573207855225,0.0234375,128.0
kv_current_plus_stdp_ng0,1760,16,0.587030827999115,0.8166474103927612,0.0078125,128.0
kv_current_plus_stdp_ng0,1776,16,0.521833062171936,0.8317902088165283,0.0234375,128.0
kv_current_plus_stdp_ng0,1792,16,0.5916144251823425,0.8112461566925049,0.015625,128.0
kv_current_plus_stdp_ng0,1808,16,0.5041225552558899,0.8495370745658875,0.0078125,128.0
kv_current_plus_stdp_ng0,1824,16,0.5034242868423462,0.8346836566925049,0.015625,128.0
kv_current_plus_stdp_ng0,1840,16,0.5459607243537903,0.8315972685813904,0.0234375,128.0
kv_current_plus_stdp_ng0,1856,16,0.48343679308891296,0.8650656342506409,0.046875,128.0
kv_current_plus_stdp_ng0,1872,16,0.47970736026763916,0.8695988059043884,0.0234375,128.0
kv_current_plus_stdp_ng0,1888,16,0.5419595241546631,0.8451002836227417,0.0078125,128.0
kv_current_plus_stdp_ng0,1904,16,0.3892642557621002,0.9018133282661438,0.0703125,128.0
kv_current_plus_stdp_ng0,1920,16,0.5226757526397705,0.8477045297622681,0.015625,128.0
kv_current_plus_stdp_ng0,1936,16,0.45356351137161255,0.8621721267700195,0.0234375,128.0
kv_current_plus_stdp_ng0,1952,16,0.4951366186141968,0.8623650074005127,0.03125,128.0
kv_current_plus_stdp_ng0,1968,16,0.527699887752533,0.8457754850387573,0.015625,128.0
kv_current_plus_stdp_ng0,1984,16,0.417319655418396,0.8875386118888855,0.0234375,128.0
kv_current_plus_stdp_ng0,2000,16,0.5061542391777039,0.8544560670852661,0.0078125,128.0
kv_current_plus_stdp_ng0,2016,16,0.48879072070121765,0.8617863059043884,0.0,128.0
kv_current_plus_stdp_ng0,2032,16,0.3838481605052948,0.891203761100769,0.046875,128.0
kv_current_plus_stdp_ng0,2048,16,0.5390730500221252,0.844810962677002,0.015625,128.0
kv_current_plus_stdp_ng0,2064,16,0.3742065131664276,0.9124228954315186,0.109375,128.0
kv_current_plus_stdp_ng0,2080,16,0.4265705347061157,0.8896605372428894,0.0625,128.0
kv_current_plus_stdp_ng0,2096,16,0.49781787395477295,0.862075686454773,0.0,128.0
kv_current_plus_stdp_ng0,2112,16,0.39048823714256287,0.8913966417312622,0.0859375,128.0
kv_current_plus_stdp_ng0,2128,16,0.39139822125434875,0.9100115895271301,0.0390625,128.0
kv_current_plus_stdp_ng0,2144,16,0.4148128032684326,0.8993055820465088,0.09375,128.0
kv_current_plus_stdp_ng0,2160,16,0.46325135231018066,0.8636188507080078,0.03125,128.0
kv_current_plus_stdp_ng0,2176,16,0.5849753618240356,0.82532799243927,0.0,128.0
kv_current_plus_stdp_ng0,2192,16,0.38706284761428833,0.9075038433074951,0.0625,128.0
kv_current_plus_stdp_ng0,2208,16,0.38973647356033325,0.8897570371627808,0.109375,128.0
kv_current_plus_stdp_ng0,2224,16,0.5010999441146851,0.8561921715736389,0.015625,128.0
kv_current_plus_stdp_ng0,2240,16,0.3532034158706665,0.9136767387390137,0.1796875,128.0
kv_current_plus_stdp_ng0,2256,16,0.4715813398361206,0.8739390969276428,0.03125,128.0
kv_current_plus_stdp_ng0,2272,16,0.30970728397369385,0.9212962985038757,0.2109375,128.0
kv_current_plus_stdp_ng0,2288,16,0.48858749866485596,0.8725887537002563,0.0078125,128.0
kv_current_plus_stdp_ng0,2304,16,0.4440532624721527,0.8849344253540039,0.0390625,128.0
kv_current_plus_stdp_ng0,2320,16,0.42693576216697693,0.8885995745658875,0.0546875,128.0
kv_current_plus_stdp_ng0,2336,16,0.4571719169616699,0.8723958730697632,0.046875,128.0
kv_current_plus_stdp_ng0,2352,16,0.39530742168426514,0.9098186492919922,0.0234375,128.0
kv_current_plus_stdp_ng0,2368,16,0.3996717035770416,0.8885030746459961,0.1015625,128.0
kv_current_plus_stdp_ng0,2384,16,0.485967218875885,0.8729745745658875,0.0234375,128.0
kv_current_plus_stdp_ng0,2400,16,0.2728276252746582,0.9556326866149902,0.2734375,128.0
kv_current_plus_stdp_ng0,2416,16,0.4306473433971405,0.8890818357467651,0.0546875,128.0
kv_current_plus_stdp_ng0,2432,16,0.384295791387558,0.8951581716537476,0.0703125,128.0
kv_current_plus_stdp_ng0,2448,16,0.3869492709636688,0.9133874177932739,0.0703125,128.0
kv_current_plus_stdp_ng0,2464,16,0.36862289905548096,0.9123263955116272,0.1171875,128.0
kv_current_plus_stdp_ng0,2480,16,0.4356178045272827,0.9006558656692505,0.0390625,128.0
kv_current_plus_stdp_ng0,2496,16,0.314456969499588,0.9369212985038757,0.203125,128.0
kv_current_plus_stdp_ng0,2512,16,0.3990933299064636,0.9135802984237671,0.078125,128.0
kv_current_plus_stdp_ng0,2528,16,0.3784034252166748,0.921006977558136,0.1015625,128.0
kv_current_plus_stdp_ng0,2544,16,0.36423614621162415,0.924575686454773,0.1015625,128.0
kv_current_plus_stdp_ng0,2560,16,0.35014164447784424,0.9191744327545166,0.140625,128.0
kv_current_plus_stdp_ng0,2576,16,0.3615589141845703,0.8991127014160156,0.1796875,128.0
kv_current_plus_stdp_ng0,2592,16,0.46246537566185,0.8850308656692505,0.015625,128.0
kv_current_plus_stdp_ng0,2608,16,0.3600900173187256,0.9136767387390137,0.140625,128.0
kv_current_plus_stdp_ng0,2624,16,0.4295841455459595,0.889564037322998,0.046875,128.0
kv_current_plus_stdp_ng0,2640,16,0.42083683609962463,0.8865740895271301,0.03125,128.0
kv_current_plus_stdp_ng0,2656,16,0.4525357484817505,0.8843557238578796,0.0546875,128.0
kv_current_plus_stdp_ng0,2672,16,0.3567894399166107,0.927951455116272,0.171875,128.0
kv_current_plus_stdp_ng0,2688,16,0.4337252676486969,0.9030671715736389,0.0546875,128.0
kv_current_plus_stdp_ng0,2704,16,0.36369726061820984,0.9252508282661438,0.1328125,128.0
kv_current_plus_stdp_ng0,2720,16,0.3714016377925873,0.9114583730697632,0.1171875,128.0
kv_current_plus_stdp_ng0,2736,16,0.365261435508728,0.8989197611808777,0.1640625,128.0
kv_current_plus_stdp_ng0,2752,16,0.54261314868927,0.8515625,0.015625,128.0
kv_current_plus_stdp_ng0,2768,16,0.3288722038269043,0.9427083730697632,0.234375,128.0
kv_current_plus_stdp_ng0,2784,16,0.392959326505661,0.9163773059844971,0.0859375,128.0
kv_current_plus_stdp_ng0,2800,16,0.3373611569404602,0.9338349103927612,0.1171875,128.0
kv_current_plus_stdp_ng0,2816,16,0.3544868230819702,0.9130979776382446,0.0703125,128.0
kv_current_plus_stdp_ng0,2832,16,0.4394215941429138,0.8931326866149902,0.0234375,128.0
kv_current_plus_stdp_ng0,2848,16,0.3875168561935425,0.9065393805503845,0.1015625,128.0
kv_current_plus_stdp_ng0,2864,16,0.48787641525268555,0.8706597685813904,0.03125,128.0
kv_current_plus_stdp_ng0,2880,16,0.3050612509250641,0.9475308656692505,0.2421875,128.0
kv_current_plus_stdp_ng0,2896,16,0.38471677899360657,0.9030671119689941,0.1015625,128.0
kv_current_plus_stdp_ng0,2912,16,0.4422730803489685,0.8703703880310059,0.0859375,128.0
kv_current_plus_stdp_ng0,2928,16,0.24575906991958618,0.962577223777771,0.484375,128.0
kv_current_plus_stdp_ng0,2944,16,0.47956162691116333,0.8803048133850098,0.0234375,128.0
kv_current_plus_stdp_ng0,2960,16,0.346393346786499,0.9360532760620117,0.1640625,128.0
kv_current_plus_stdp_ng0,2976,16,0.5001548528671265,0.8585069179534912,0.046875,128.0
kv_current_plus_stdp_ng0,2992,16,0.420555055141449,0.9060571193695068,0.0625,128.0
kv_historical_key_trace_ng0,16,16,2.4606151580810547,0.09924768656492233,0.0,128.0
kv_historical_key_trace_ng0,32,16,2.420685291290283,0.11709105223417282,0.0,128.0
kv_historical_key_trace_ng0,48,16,2.35884165763855,0.14419367909431458,0.0,128.0
kv_historical_key_trace_ng0,64,16,2.2853610515594482,0.1913580298423767,0.0,128.0
kv_historical_key_trace_ng0,80,16,2.1881535053253174,0.25,0.0,128.0
kv_historical_key_trace_ng0,96,16,2.102217435836792,0.316936731338501,0.0,128.0
kv_historical_key_trace_ng0,112,16,2.0133626461029053,0.3558063209056854,0.0,128.0
kv_historical_key_trace_ng0,128,16,1.9264777898788452,0.3871527910232544,0.0,128.0
kv_historical_key_trace_ng0,144,16,1.8515541553497314,0.39380788803100586,0.0,128.0
kv_historical_key_trace_ng0,160,16,1.7801636457443237,0.3933256268501282,0.0,128.0
kv_historical_key_trace_ng0,176,16,1.7181390523910522,0.40393519401550293,0.0,128.0
kv_historical_key_trace_ng0,192,16,1.666907787322998,0.4002700746059418,0.0,128.0
kv_historical_key_trace_ng0,208,16,1.6366688013076782,0.40075230598449707,0.0,128.0
kv_historical_key_trace_ng0,224,16,1.6163082122802734,0.4045138955116272,0.0,128.0
kv_historical_key_trace_ng0,240,16,1.5804258584976196,0.41956019401550293,0.0,128.0
kv_historical_key_trace_ng0,256,16,1.5709125995635986,0.42293596267700195,0.0,128.0
kv_historical_key_trace_ng0,272,16,1.5585277080535889,0.4266010820865631,0.0,128.0
kv_historical_key_trace_ng0,288,16,1.5473144054412842,0.4334490895271301,0.0,128.0
kv_historical_key_trace_ng0,304,16,1.5137110948562622,0.4401041865348816,0.0,128.0
kv_historical_key_trace_ng0,320,16,1.4903961420059204,0.44550538063049316,0.0,128.0
kv_historical_key_trace_ng0,336,16,1.4639230966567993,0.457561731338501,0.0,128.0
kv_historical_key_trace_ng0,352,16,1.4353363513946533,0.4630594253540039,0.0,128.0
kv_historical_key_trace_ng0,368,16,1.4144635200500488,0.47019678354263306,0.0,128.0
kv_historical_key_trace_ng0,384,16,1.3953474760055542,0.4705825746059418,0.0,128.0
kv_historical_key_trace_ng0,400,16,1.3744614124298096,0.47424769401550293,0.0,128.0
kv_historical_key_trace_ng0,416,16,1.3752331733703613,0.47328317165374756,0.0,128.0
kv_historical_key_trace_ng0,432,16,1.362888216972351,0.4734761118888855,0.0,128.0
kv_historical_key_trace_ng0,448,16,1.3416002988815308,0.4792631268501282,0.0,128.0
kv_historical_key_trace_ng0,464,16,1.3357999324798584,0.47714120149612427,0.0,128.0
kv_historical_key_trace_ng0,480,16,1.350645661354065,0.4703896641731262,0.0,128.0
kv_historical_key_trace_ng0,496,16,1.3332072496414185,0.47588732838630676,0.0,128.0
kv_historical_key_trace_ng0,512,16,1.3320308923721313,0.4782021641731262,0.0,128.0
kv_historical_key_trace_ng0,528,16,1.3274034261703491,0.4716435372829437,0.0,128.0
kv_historical_key_trace_ng0,544,16,1.3202153444290161,0.48109567165374756,0.0,128.0
kv_historical_key_trace_ng0,560,16,1.3053048849105835,0.4809027910232544,0.0,128.0
kv_historical_key_trace_ng0,576,16,1.3265613317489624,0.4786844253540039,0.0,128.0
kv_historical_key_trace_ng0,592,16,1.304153561592102,0.4778163731098175,0.0,128.0
kv_historical_key_trace_ng0,608,16,1.3023241758346558,0.4778163731098175,0.0,128.0
kv_historical_key_trace_ng0,624,16,1.2883421182632446,0.4785879850387573,0.0,128.0
kv_historical_key_trace_ng0,640,16,1.2847493886947632,0.4851466119289398,0.0,128.0
kv_historical_key_trace_ng0,656,16,1.2742077112197876,0.4900655746459961,0.0,128.0
kv_historical_key_trace_ng0,672,16,1.2819828987121582,0.4857253134250641,0.0,128.0
kv_historical_key_trace_ng0,688,16,1.261704921722412,0.4934413731098175,0.0,128.0
kv_historical_key_trace_ng0,704,16,1.2699248790740967,0.49324846267700195,0.0,128.0
kv_historical_key_trace_ng0,720,16,1.2606006860733032,0.49112656712532043,0.0,128.0
kv_historical_key_trace_ng0,736,16,1.2559089660644531,0.4987461268901825,0.0,128.0
kv_historical_key_trace_ng0,752,16,1.2294474840164185,0.49971067905426025,0.0,128.0
kv_historical_key_trace_ng0,768,16,1.2423230409622192,0.49971067905426025,0.0,128.0
kv_historical_key_trace_ng0,784,16,1.2347379922866821,0.5070408582687378,0.0,128.0
kv_historical_key_trace_ng0,800,16,1.243983268737793,0.5004822611808777,0.0,128.0
kv_historical_key_trace_ng0,816,16,1.2238855361938477,0.5048225522041321,0.0,128.0
kv_historical_key_trace_ng0,832,16,1.2158023118972778,0.5057870149612427,0.0,128.0
kv_historical_key_trace_ng0,848,16,1.2230664491653442,0.5116705298423767,0.0,128.0
kv_historical_key_trace_ng0,864,16,1.2196640968322754,0.5151427984237671,0.0,128.0
kv_historical_key_trace_ng0,880,16,1.2052626609802246,0.5107060074806213,0.0,128.0
kv_historical_key_trace_ng0,896,16,1.1983833312988281,0.5131173133850098,0.0,128.0
kv_historical_key_trace_ng0,912,16,1.1920808553695679,0.5233410596847534,0.0,128.0
kv_historical_key_trace_ng0,928,16,1.1928411722183228,0.522376537322998,0.0,128.0
kv_historical_key_trace_ng0,944,16,1.2064207792282104,0.5127314925193787,0.0,128.0
kv_historical_key_trace_ng0,960,16,1.175912857055664,0.5222800970077515,0.0,128.0
kv_historical_key_trace_ng0,976,16,1.1959248781204224,0.5135030746459961,0.0,128.0
kv_historical_key_trace_ng0,992,16,1.1787261962890625,0.5227623581886292,0.0,128.0
kv_historical_key_trace_ng0,1008,16,1.1941161155700684,0.5171682238578796,0.0,128.0
kv_historical_key_trace_ng0,1024,16,1.1701656579971313,0.5235339403152466,0.0,128.0
kv_historical_key_trace_ng0,1040,16,1.1811790466308594,0.5196759700775146,0.0,128.0
kv_historical_key_trace_ng0,1056,16,1.1799272298812866,0.5173611640930176,0.0,128.0
kv_historical_key_trace_ng0,1072,16,1.1651214361190796,0.524498462677002,0.0,128.0
kv_historical_key_trace_ng0,1088,16,1.13120698928833,0.5379050970077515,0.0,128.0
kv_historical_key_trace_ng0,1104,16,1.1332616806030273,0.5375192761421204,0.0,128.0
kv_historical_key_trace_ng0,1120,16,1.1528364419937134,0.532310962677002,0.0,128.0
kv_historical_key_trace_ng0,1136,16,1.1578336954116821,0.5264275074005127,0.0,128.0
kv_historical_key_trace_ng0,1152,16,1.1280367374420166,0.5341435670852661,0.0,128.0
kv_historical_key_trace_ng0,1168,16,1.1205053329467773,0.543499231338501,0.0,128.0
kv_historical_key_trace_ng0,1184,16,1.1233556270599365,0.5417631268501282,0.0,128.0
kv_historical_key_trace_ng0,1200,16,1.140815019607544,0.5282599925994873,0.0,128.0
kv_historical_key_trace_ng0,1216,16,1.1371521949768066,0.5389660596847534,0.0,128.0
kv_historical_key_trace_ng0,1232,16,1.1051884889602661,0.5489969253540039,0.0,128.0
kv_historical_key_trace_ng0,1248,16,1.0843043327331543,0.5547839403152466,0.0,128.0
kv_historical_key_trace_ng0,1264,16,1.0954777002334595,0.5546875596046448,0.0,128.0
kv_historical_key_trace_ng0,1280,16,1.1118268966674805,0.5456211566925049,0.0,128.0
kv_historical_key_trace_ng0,1296,16,1.087295651435852,0.549382746219635,0.0,128.0
kv_historical_key_trace_ng0,1312,16,1.0649855136871338,0.5623071193695068,0.0,128.0
kv_historical_key_trace_ng0,1328,16,1.0840829610824585,0.5545910596847534,0.0,128.0
kv_historical_key_trace_ng0,1344,16,1.086008071899414,0.5539158582687378,0.0,128.0
kv_historical_key_trace_ng0,1360,16,1.0874640941619873,0.5512152910232544,0.0,128.0
kv_historical_key_trace_ng0,1376,16,1.0858558416366577,0.5610532164573669,0.0,128.0
kv_historical_key_trace_ng0,1392,16,1.0718190670013428,0.5662615895271301,0.0,128.0
kv_historical_key_trace_ng0,1408,16,1.0795881748199463,0.5584490895271301,0.0,128.0
kv_historical_key_trace_ng0,1424,16,1.0731679201126099,0.5648148059844971,0.0,128.0
kv_historical_key_trace_ng0,1440,16,1.0661109685897827,0.5574845671653748,0.0,128.0
kv_historical_key_trace_ng0,1456,16,1.070377230644226,0.560763955116272,0.0,128.0
kv_historical_key_trace_ng0,1472,16,1.0668611526489258,0.5673224925994873,0.0,128.0
kv_historical_key_trace_ng0,1488,16,1.0307053327560425,0.577064037322998,0.0,128.0
kv_historical_key_trace_ng0,1504,16,1.0537986755371094,0.5652006268501282,0.0,128.0
kv_historical_key_trace_ng0,1520,16,1.0488874912261963,0.5703125,0.0,128.0
kv_historical_key_trace_ng0,1536,16,1.0362056493759155,0.5779321193695068,0.0,128.0
kv_historical_key_trace_ng0,1552,16,1.0336495637893677,0.5743634104728699,0.0,128.0
kv_historical_key_trace_ng0,1568,16,1.0179288387298584,0.5836226940155029,0.0,128.0
kv_historical_key_trace_ng0,1584,16,1.0356894731521606,0.574749231338501,0.0,128.0
kv_historical_key_trace_ng0,1600,16,1.0028239488601685,0.5925925970077515,0.0,128.0
kv_historical_key_trace_ng0,1616,16,0.992909848690033,0.5924961566925049,0.0,128.0
kv_historical_key_trace_ng0,1632,16,0.9940844774246216,0.5964506268501282,0.0,128.0
kv_historical_key_trace_ng0,1648,16,0.9934656023979187,0.602623462677002,0.0,128.0
kv_historical_key_trace_ng0,1664,16,0.9368712306022644,0.6281828880310059,0.0,128.0
kv_historical_key_trace_ng0,1680,16,0.965600848197937,0.6116898059844971,0.0,128.0
kv_historical_key_trace_ng0,1696,16,0.9525701999664307,0.6168016791343689,0.0,128.0
kv_historical_key_trace_ng0,1712,16,0.9803565144538879,0.6073495149612427,0.0,128.0
kv_historical_key_trace_ng0,1728,16,0.9854311943054199,0.5991512537002563,0.0,128.0
kv_historical_key_trace_ng0,1744,16,0.9659910798072815,0.6122685074806213,0.0,128.0
kv_historical_key_trace_ng0,1760,16,0.956975519657135,0.6132330298423767,0.0,128.0
kv_historical_key_trace_ng0,1776,16,1.0238994359970093,0.5897954702377319,0.0,128.0
kv_historical_key_trace_ng0,1792,16,0.9899632930755615,0.5955826044082642,0.0,128.0
kv_historical_key_trace_ng0,1808,16,1.0275475978851318,0.5745563507080078,0.0,128.0
kv_historical_key_trace_ng0,1824,16,1.0098297595977783,0.5892168283462524,0.0,128.0
kv_historical_key_trace_ng0,1840,16,0.9956261515617371,0.5899884700775146,0.0,128.0
kv_historical_key_trace_ng0,1856,16,1.0218136310577393,0.5780285596847534,0.0,128.0
kv_historical_key_trace_ng0,1872,16,1.0007679462432861,0.5849729776382446,0.0,128.0
kv_historical_key_trace_ng0,1888,16,0.9815032482147217,0.5957754850387573,0.0,128.0
kv_historical_key_trace_ng0,1904,16,0.9752269387245178,0.6035879850387573,0.0,128.0
kv_historical_key_trace_ng0,1920,16,1.00480318069458,0.5857446193695068,0.0,128.0
kv_historical_key_trace_ng0,1936,16,1.0251020193099976,0.5887345671653748,0.0,128.0
kv_historical_key_trace_ng0,1952,16,1.025828242301941,0.5839120149612427,0.0,128.0
kv_historical_key_trace_ng0,1968,16,1.1057087182998657,0.5384837985038757,0.0,128.0
kv_historical_key_trace_ng0,1984,16,1.082345724105835,0.5482253432273865,0.0,128.0
kv_historical_key_trace_ng0,2000,16,1.036972999572754,0.5661651492118835,0.0,128.0
kv_historical_key_trace_ng0,2016,16,1.1065316200256348,0.5462962985038757,0.0,128.0
kv_historical_key_trace_ng0,2032,16,1.0742298364639282,0.5570023655891418,0.0,128.0
kv_historical_key_trace_ng0,2048,16,1.063686490058899,0.5609567761421204,0.0,128.0
kv_historical_key_trace_ng0,2064,16,1.0599335432052612,0.5532407760620117,0.0,128.0
kv_historical_key_trace_ng0,2080,16,1.0460706949234009,0.5549768805503845,0.0,128.0
kv_historical_key_trace_ng0,2096,16,1.0876833200454712,0.546006977558136,0.0,128.0
kv_historical_key_trace_ng0,2112,16,1.046565294265747,0.5617283582687378,0.0,128.0
kv_historical_key_trace_ng0,2128,16,1.0459074974060059,0.5517939925193787,0.0,128.0
kv_historical_key_trace_ng0,2144,16,1.0223417282104492,0.5616319179534912,0.0,128.0
kv_historical_key_trace_ng0,2160,16,1.0928692817687988,0.5438850522041321,0.0,128.0
kv_historical_key_trace_ng0,2176,16,1.143164873123169,0.524498462677002,0.0,128.0
kv_historical_key_trace_ng0,2192,16,1.1076337099075317,0.5324074029922485,0.0,128.0
kv_historical_key_trace_ng0,2208,16,1.066830039024353,0.540123462677002,0.0,128.0
kv_historical_key_trace_ng0,2224,16,1.0931471586227417,0.5271025896072388,0.0,128.0
kv_historical_key_trace_ng0,2240,16,1.0958592891693115,0.5413773059844971,0.0,128.0
kv_historical_key_trace_ng0,2256,16,1.0872111320495605,0.5370370745658875,0.0,128.0
kv_historical_key_trace_ng0,2272,16,1.0469276905059814,0.549382746219635,0.0,128.0
kv_historical_key_trace_ng0,2288,16,1.0534613132476807,0.5448495149612427,0.0,128.0
kv_historical_key_trace_ng0,2304,16,1.0677076578140259,0.5484182238578796,0.0,128.0
kv_historical_key_trace_ng0,2320,16,1.0625369548797607,0.5412808656692505,0.0,128.0
kv_historical_key_trace_ng0,2336,16,1.0140131711959839,0.5604745745658875,0.0,128.0
kv_historical_key_trace_ng0,2352,16,1.0694149732589722,0.5414737462997437,0.0,128.0
kv_historical_key_trace_ng0,2368,16,1.0452791452407837,0.5546875,0.0,128.0
kv_historical_key_trace_ng0,2384,16,1.068241834640503,0.5434027910232544,0.0,128.0
kv_historical_key_trace_ng0,2400,16,1.0572725534439087,0.5509259700775146,0.0,128.0
kv_historical_key_trace_ng0,2416,16,1.0811641216278076,0.5468750596046448,0.0,128.0
kv_historical_key_trace_ng0,2432,16,1.0596660375595093,0.5506366491317749,0.0,128.0
kv_historical_key_trace_ng0,2448,16,1.0481315851211548,0.5511188507080078,0.0,128.0
kv_historical_key_trace_ng0,2464,16,1.032340407371521,0.5552662014961243,0.0,128.0
kv_historical_key_trace_ng0,2480,16,1.0197824239730835,0.5579668283462524,0.0,128.0
kv_historical_key_trace_ng0,2496,16,1.040293574333191,0.5528549551963806,0.0,128.0
kv_historical_key_trace_ng0,2512,16,1.0308070182800293,0.5592206716537476,0.0,128.0
kv_historical_key_trace_ng0,2528,16,1.031976580619812,0.5508295297622681,0.0,128.0
kv_historical_key_trace_ng0,2544,16,1.0321701765060425,0.5597994327545166,0.0,128.0
kv_historical_key_trace_ng0,2560,16,1.027693271636963,0.5559413433074951,0.0,128.0
kv_historical_key_trace_ng0,2576,16,1.06583571434021,0.5445601940155029,0.0,128.0
kv_historical_key_trace_ng0,2592,16,1.0596293210983276,0.5392553806304932,0.0,128.0
kv_historical_key_trace_ng0,2608,16,1.0510233640670776,0.5450424551963806,0.0,128.0
kv_historical_key_trace_ng0,2624,16,1.0537058115005493,0.5470678806304932,0.0,128.0
kv_historical_key_trace_ng0,2640,16,1.044015884399414,0.5515046119689941,0.0,128.0
kv_historical_key_trace_ng0,2656,16,1.0424891710281372,0.5457175374031067,0.0,128.0
kv_historical_key_trace_ng0,2672,16,1.0525370836257935,0.5345293283462524,0.0,128.0
kv_historical_key_trace_ng0,2688,16,1.0299072265625,0.5532407760620117,0.0,128.0
kv_historical_key_trace_ng0,2704,16,1.03297758102417,0.5530478954315186,0.0,128.0
kv_historical_key_trace_ng0,2720,16,1.0290331840515137,0.5495756268501282,0.0,128.0
kv_historical_key_trace_ng0,2736,16,1.033302664756775,0.5484181642532349,0.0,128.0
kv_historical_key_trace_ng0,2752,16,1.0380361080169678,0.5465856790542603,0.0,128.0
kv_historical_key_trace_ng0,2768,16,1.0482473373413086,0.5456211566925049,0.0,128.0
kv_historical_key_trace_ng0,2784,16,1.0508766174316406,0.5453318357467651,0.0,128.0
kv_historical_key_trace_ng0,2800,16,1.0356526374816895,0.5525656342506409,0.0,128.0
kv_historical_key_trace_ng0,2816,16,1.0064963102340698,0.5639467835426331,0.0,128.0
kv_historical_key_trace_ng0,2832,16,1.0205528736114502,0.5583526492118835,0.0,128.0
kv_historical_key_trace_ng0,2848,16,1.028709053993225,0.5501543283462524,0.0,128.0
kv_historical_key_trace_ng0,2864,16,1.0264276266098022,0.5469714403152466,0.0,128.0
kv_historical_key_trace_ng0,2880,16,1.0175937414169312,0.5618248581886292,0.0,128.0
kv_historical_key_trace_ng0,2896,16,1.0420836210250854,0.5474537014961243,0.0,128.0
kv_historical_key_trace_ng0,2912,16,1.0415308475494385,0.5467785596847534,0.0,128.0
kv_historical_key_trace_ng0,2928,16,1.0114455223083496,0.5600887537002563,0.0,128.0
kv_historical_key_trace_ng0,2944,16,1.0193729400634766,0.5572916865348816,0.0,128.0
kv_historical_key_trace_ng0,2960,16,1.0240346193313599,0.5516011118888855,0.0,128.0
kv_historical_key_trace_ng0,2976,16,1.014954924583435,0.5673225522041321,0.0,128.0
kv_historical_key_trace_ng0,2992,16,1.0138869285583496,0.5622106194496155,0.0,128.0
kv_historical_key_trace_ng0,3008,16,0.9990416169166565,0.5606673955917358,0.0,128.0
kv_historical_key_trace_ng0,3024,16,1.0195101499557495,0.5599923133850098,0.0,128.0
kv_historical_key_trace_ng0,3040,16,0.9999285340309143,0.570891261100769,0.0,128.0
kv_historical_key_trace_ng0,3056,16,1.047690749168396,0.5475501418113708,0.0,128.0
kv_historical_key_trace_ng0,3072,16,1.0499812364578247,0.5493826866149902,0.0,128.0
kv_historical_key_trace_ng0,3088,16,1.0432380437850952,0.5530478358268738,0.0,128.0
kv_historical_key_trace_ng0,3104,16,1.0469141006469727,0.5521798133850098,0.0,128.0
kv_historical_key_trace_ng0,3120,16,1.0165855884552002,0.5609568357467651,0.0,128.0
kv_historical_key_trace_ng0,3136,16,0.9985241889953613,0.5665509104728699,0.0,128.0
kv_historical_key_trace_ng0,3152,16,1.0082248449325562,0.5650076866149902,0.0,128.0
kv_historical_key_trace_ng0,3168,16,1.0093128681182861,0.5587384104728699,0.0,128.0
kv_historical_key_trace_ng0,3184,16,0.995732843875885,0.5674189925193787,0.0,128.0
kv_historical_key_trace_ng0,3200,16,0.9989684224128723,0.5680941343307495,0.0,128.0
kv_historical_key_trace_ng0,3216,16,1.007399082183838,0.5597994327545166,0.0,128.0
kv_historical_key_trace_ng0,3232,16,1.0205687284469604,0.5531443357467651,0.0,128.0
kv_historical_key_trace_ng0,3248,16,1.0048218965530396,0.5587384104728699,0.0,128.0
kv_historical_key_trace_ng0,3264,16,0.9732340574264526,0.5721451044082642,0.0,128.0
kv_historical_key_trace_ng0,3280,16,0.9490472674369812,0.5845872163772583,0.0,128.0
kv_historical_key_trace_ng0,3296,16,0.9859176278114319,0.5695408582687378,0.0,128.0
kv_historical_key_trace_ng0,3312,16,0.9651347398757935,0.5756173133850098,0.0,128.0
kv_historical_key_trace_ng0,3328,16,0.9818210601806641,0.566068708896637,0.0,128.0
kv_historical_key_trace_ng0,3344,16,0.9894455075263977,0.5638503432273865,0.0,128.0
kv_historical_key_trace_ng0,3360,16,0.9836271405220032,0.5681905746459961,0.0,128.0
kv_historical_key_trace_ng0,3376,16,0.9817813634872437,0.5608603358268738,0.0,128.0
kv_historical_key_trace_ng0,3392,16,0.9592481255531311,0.5789930820465088,0.0,128.0
kv_historical_key_trace_ng0,3408,16,0.95256108045578,0.5808256268501282,0.0,128.0
kv_historical_key_trace_ng0,3424,16,0.975174069404602,0.5760995149612427,0.0,128.0
kv_historical_key_trace_ng0,3440,16,0.9930312037467957,0.5673224925994873,0.0,128.0
kv_historical_key_trace_ng0,3456,16,0.9787870645523071,0.5644290447235107,0.0,128.0
kv_historical_key_trace_ng0,3472,16,0.9352685213088989,0.5850694179534912,0.0,128.0
kv_historical_key_trace_ng0,3488,16,0.9825595617294312,0.5788966417312622,0.0,128.0
kv_historical_key_trace_ng0,3504,16,0.9719732403755188,0.5735918283462524,0.0,128.0
kv_historical_key_trace_ng0,3520,16,0.9542015790939331,0.5789930820465088,0.0,128.0
kv_historical_key_trace_ng0,3536,16,0.9612395763397217,0.5785107612609863,0.0,128.0
kv_historical_key_trace_ng0,3552,16,0.9890415072441101,0.5718557238578796,0.0,128.0
kv_historical_key_trace_ng0,3568,16,0.9496233463287354,0.5842978358268738,0.0,128.0
kv_historical_key_trace_ng0,3584,16,0.9546188712120056,0.5839120745658875,0.0,128.0
kv_historical_key_trace_ng0,3600,16,0.9329649806022644,0.5841049551963806,0.0,128.0
kv_historical_key_trace_ng0,3616,16,0.9701895713806152,0.5726273059844971,0.0,128.0
kv_historical_key_trace_ng0,3632,16,0.9568437337875366,0.5834298133850098,0.0,128.0
kv_historical_key_trace_ng0,3648,16,0.9508771896362305,0.5851659178733826,0.0,128.0
kv_historical_key_trace_ng0,3664,16,0.931469738483429,0.5861304402351379,0.0,128.0
kv_historical_key_trace_ng0,3680,16,0.9394815564155579,0.591821014881134,0.0,128.0
kv_historical_key_trace_ng0,3696,16,0.9445542693138123,0.5869020223617554,0.0,128.0
kv_historical_key_trace_ng0,3712,16,0.9206286668777466,0.5917245149612427,0.0,128.0
kv_historical_key_trace_ng0,3728,16,0.9169111251831055,0.5945216417312622,0.0,128.0
kv_historical_key_trace_ng0,3744,16,0.9245749115943909,0.6004050970077515,0.0,128.0
kv_historical_key_trace_ng0,3760,16,0.9170496463775635,0.6020447611808777,0.0,128.0
kv_historical_key_trace_ng0,3776,16,0.9395673871040344,0.5976080298423767,0.0,128.0
kv_historical_key_trace_ng0,3792,16,0.9308524131774902,0.5955825448036194,0.0,128.0
kv_historical_key_trace_ng0,3808,16,0.911299467086792,0.5936535596847534,0.0,128.0
kv_historical_key_trace_ng0,3824,16,0.9349905848503113,0.5897955298423767,0.0,128.0
kv_historical_key_trace_ng0,3840,16,0.9304608106613159,0.5923997163772583,0.0,128.0
kv_historical_key_trace_ng0,3856,16,0.9281154274940491,0.5946180820465088,0.0,128.0
kv_historical_key_trace_ng0,3872,16,0.9136536121368408,0.5961612462997437,0.0,128.0
kv_historical_key_trace_ng0,3888,16,0.9031727313995361,0.5987654328346252,0.0,128.0
kv_historical_key_trace_ng0,3904,16,0.9005280137062073,0.6055169701576233,0.0,128.0
kv_historical_key_trace_ng0,3920,16,0.8917497396469116,0.6084104776382446,0.0,128.0
kv_historical_key_trace_ng0,3936,16,0.9246537089347839,0.5944251418113708,0.0,128.0
kv_historical_key_trace_ng0,3952,16,0.8897539377212524,0.6086997985839844,0.0,128.0
kv_historical_key_trace_ng0,3968,16,0.9239763617515564,0.5972222089767456,0.0,128.0
kv_historical_key_trace_ng0,3984,16,0.9161144495010376,0.5995370149612427,0.0,128.0
kv_historical_key_trace_ng0,4000,16,0.900346040725708,0.6089891791343689,0.0,128.0
kv_historical_key_trace_ng0,4016,16,0.8932642340660095,0.6131365895271301,0.0,128.0
kv_historical_key_trace_ng0,4032,16,0.8801301121711731,0.6129436492919922,0.0,128.0
kv_historical_key_trace_ng0,4048,16,0.8891739845275879,0.6065779328346252,0.0,128.0
kv_historical_key_trace_ng0,4064,16,0.9183347225189209,0.6039737462997437,0.0,128.0
kv_historical_key_trace_ng0,4080,16,0.9049477577209473,0.6053240299224854,0.0,128.0
kv_historical_key_trace_ng0,4096,16,0.8860664367675781,0.6116898059844971,0.0,128.0
kv_historical_key_trace_ng0,4112,16,0.8771056532859802,0.6066743731498718,0.0,128.0
kv_historical_key_trace_ng0,4128,16,0.8817511200904846,0.6089892387390137,0.0,128.0
kv_historical_key_trace_ng0,4144,16,0.9147533774375916,0.6026235222816467,0.0,128.0
kv_historical_key_trace_ng0,4160,16,0.9072501063346863,0.5984760522842407,0.0,128.0
kv_historical_key_trace_ng0,4176,16,0.9076026082038879,0.5868055820465088,0.0,128.0
kv_historical_key_trace_ng0,4192,16,0.9099405407905579,0.600501537322998,0.0,128.0
kv_historical_key_trace_ng0,4208,16,0.9033750891685486,0.6008872985839844,0.0,128.0
kv_historical_key_trace_ng0,4224,16,0.8845849633216858,0.6041666269302368,0.0,128.0
kv_historical_key_trace_ng0,4240,16,0.891329824924469,0.6003086566925049,0.0,128.0
kv_historical_key_trace_ng0,4256,16,0.8855352997779846,0.6110146045684814,0.0,128.0
kv_historical_key_trace_ng0,4272,16,0.8670077323913574,0.6211419701576233,0.0,128.0
kv_historical_key_trace_ng0,4288,16,0.8927202820777893,0.5982831716537476,0.0,128.0
kv_historical_key_trace_ng0,4304,16,0.8697788715362549,0.6112076044082642,0.0,128.0
kv_historical_key_trace_ng0,4320,16,0.899078905582428,0.6033951044082642,0.0,128.0
kv_historical_key_trace_ng0,4336,16,0.8938409686088562,0.6107252836227417,0.0,128.0
kv_historical_key_trace_ng0,4352,16,0.9039352536201477,0.6042631268501282,0.0,128.0
kv_historical_key_trace_ng0,4368,16,0.8943068981170654,0.6126543283462524,0.0,128.0
kv_historical_key_trace_ng0,4384,16,0.8563145995140076,0.6158372163772583,0.0,128.0
kv_historical_key_trace_ng0,4400,16,0.8820399045944214,0.610435962677002,0.0,128.0
kv_historical_key_trace_ng0,4416,16,0.8940357565879822,0.6089892387390137,0.0,128.0
kv_historical_key_trace_ng0,4432,16,0.8946144580841064,0.6050347089767456,0.0,128.0
kv_historical_key_trace_ng0,4448,16,0.8985350728034973,0.5965471267700195,0.0,128.0
kv_historical_key_trace_ng0,4464,16,0.8664267063140869,0.6114969253540039,0.0,128.0
kv_historical_key_trace_ng0,4480,16,0.8634577989578247,0.6220099925994873,0.0,128.0
kv_historical_key_trace_ng0,4496,16,0.8558138608932495,0.6203703880310059,0.0,128.0
kv_historical_key_trace_ng0,4512,16,0.86229407787323,0.6168017387390137,0.0,128.0
kv_historical_key_trace_ng0,4528,16,0.8783815503120422,0.6105324029922485,0.0,128.0
kv_historical_key_trace_ng0,4544,16,0.8724249005317688,0.6145833730697632,0.0,128.0
kv_historical_key_trace_ng0,4560,16,0.8543190360069275,0.6124614477157593,0.0,128.0
kv_historical_key_trace_ng0,4576,16,0.8786198496818542,0.6043595671653748,0.0,128.0
kv_historical_key_trace_ng0,4592,16,0.884630024433136,0.6050347089767456,0.0,128.0
kv_historical_key_trace_ng0,4608,16,0.8690113425254822,0.6166087985038757,0.0,128.0
kv_historical_key_trace_ng0,4624,16,0.8791448473930359,0.6140046119689941,0.0,128.0
kv_historical_key_trace_ng0,4640,16,0.8749995827674866,0.6059027910232544,0.0,128.0
kv_historical_key_trace_ng0,4656,16,0.854647159576416,0.6168017387390137,0.0,128.0
kv_historical_key_trace_ng0,4672,16,0.8657264709472656,0.6122685074806213,0.0,128.0
kv_historical_key_trace_ng0,4688,16,0.8756263256072998,0.6185377836227417,0.0,128.0
kv_historical_key_trace_ng0,4704,16,0.8474493026733398,0.6231674551963806,0.0,128.0
kv_historical_key_trace_ng0,4720,16,0.8524512648582458,0.6116898059844971,0.0,128.0
kv_historical_key_trace_ng0,4736,16,0.8719310164451599,0.6126543283462524,0.0,128.0
kv_historical_key_trace_ng0,4752,16,0.8693824410438538,0.6082175970077515,0.0,128.0
kv_historical_key_trace_ng0,4768,16,0.8472328186035156,0.6235532760620117,0.0,128.0
kv_historical_key_trace_ng0,4784,16,0.8231781125068665,0.63001549243927,0.0,128.0
kv_historical_key_trace_ng0,4800,16,0.8232930302619934,0.633873462677002,0.0,128.0
kv_historical_key_trace_ng0,4816,16,0.8476279973983765,0.6261574029922485,0.0,128.0
kv_historical_key_trace_ng0,4832,16,0.8757111430168152,0.6095678806304932,0.0,128.0
kv_historical_key_trace_ng0,4848,16,0.840032696723938,0.6227816343307495,0.0,128.0
kv_historical_key_trace_ng0,4864,16,0.8755221366882324,0.6141010522842407,0.0,128.0
kv_historical_key_trace_ng0,4880,16,0.8572512865066528,0.6193094253540039,0.0,128.0
kv_historical_key_trace_ng0,4896,16,0.8399423956871033,0.618248462677002,0.0,128.0
kv_historical_key_trace_ng0,4912,16,0.8285672068595886,0.6248071193695068,0.0,128.0
kv_historical_key_trace_ng0,4928,16,0.7888380885124207,0.6474729776382446,0.0,128.0
kv_historical_key_trace_ng0,4944,16,0.831019937992096,0.6279899477958679,0.0,128.0
kv_historical_key_trace_ng0,4960,16,0.8307631015777588,0.6341627836227417,0.0,128.0
kv_historical_key_trace_ng0,4976,16,0.8380236625671387,0.625868022441864,0.0,128.0
kv_historical_key_trace_ng0,4992,16,0.838874101638794,0.6288580298423767,0.0,128.0
kv_historical_key_trace_ng0,5008,16,0.8768999576568604,0.6114004850387573,0.0,128.0
kv_historical_key_trace_ng0,5024,16,0.8628066182136536,0.6145833730697632,0.0,128.0
kv_historical_key_trace_ng0,5040,16,0.8203532099723816,0.637249231338501,0.0,128.0
kv_historical_key_trace_ng0,5056,16,0.8561490178108215,0.6197916865348816,0.0,128.0
kv_historical_key_trace_ng0,5072,16,0.8606536984443665,0.6154513955116272,0.0,128.0
kv_historical_key_trace_ng0,5088,16,0.8049005270004272,0.6389853358268738,0.0,128.0
kv_historical_key_trace_ng0,5104,16,0.7900707125663757,0.6440972089767456,0.0,128.0
kv_historical_key_trace_ng0,5120,16,0.8238804936408997,0.6316550970077515,0.0,128.0
kv_historical_key_trace_ng0,5136,16,0.8537105917930603,0.6180555820465088,0.0,128.0
kv_historical_key_trace_ng0,5152,16,0.8165396451950073,0.6383101940155029,0.0,128.0
kv_historical_key_trace_ng0,5168,16,0.8067916631698608,0.6394675970077515,0.0,128.0
kv_historical_key_trace_ng0,5184,16,0.827852189540863,0.6302083730697632,0.0,128.0
kv_historical_key_trace_ng0,5200,16,0.8346101641654968,0.6281828880310059,0.0,128.0
kv_historical_key_trace_ng0,5216,16,0.8492864966392517,0.623071014881134,0.0,128.0
kv_historical_key_trace_ng0,5232,16,0.8532519340515137,0.6119791865348816,0.0,128.0
kv_historical_key_trace_ng0,5248,16,0.7989909648895264,0.6360918283462524,0.0,128.0
kv_historical_key_trace_ng0,5264,16,0.7853500247001648,0.6457368731498718,0.0,128.0
kv_historical_key_trace_ng0,5280,16,0.791863203048706,0.6510416865348816,0.0,128.0
kv_historical_key_trace_ng0,5296,16,0.8123387098312378,0.6334877014160156,0.0,128.0
kv_historical_key_trace_ng0,5312,16,0.8145408034324646,0.6414930820465088,0.0,128.0
kv_historical_key_trace_ng0,5328,16,0.7899132966995239,0.6424576044082642,0.0,128.0
kv_historical_key_trace_ng0,5344,16,0.7993934154510498,0.6414930820465088,0.0,128.0
kv_historical_key_trace_ng0,5360,16,0.8250638246536255,0.6277006268501282,0.0,128.0
kv_historical_key_trace_ng0,5376,16,0.8302445411682129,0.6269290447235107,0.0,128.0
kv_historical_key_trace_ng0,5392,16,0.8046966195106506,0.6387923955917358,0.0,128.0
kv_historical_key_trace_ng0,5408,16,0.7985246777534485,0.6387924551963806,0.0,128.0
kv_historical_key_trace_ng0,5424,16,0.8172181248664856,0.6324266791343689,0.0,128.0
kv_historical_key_trace_ng0,5440,16,0.8111463785171509,0.6245177388191223,0.0,128.0
kv_historical_key_trace_ng0,5456,16,0.807877242565155,0.6327160596847534,0.0,128.0
kv_historical_key_trace_ng0,5472,16,0.8190683126449585,0.6268325448036194,0.0,128.0
kv_historical_key_trace_ng0,5488,16,0.811396598815918,0.6285686492919922,0.0,128.0
kv_historical_key_trace_ng0,5504,16,0.7900283336639404,0.6449652910232544,0.0,128.0
kv_historical_key_trace_ng0,5520,16,0.7992016077041626,0.6348379254341125,0.0,128.0
kv_historical_key_trace_ng0,5536,16,0.805367648601532,0.637249231338501,0.0,128.0
kv_historical_key_trace_ng0,5552,16,0.7912836074829102,0.6481481790542603,0.0,128.0
kv_historical_key_trace_ng0,5568,16,0.8143006563186646,0.6386959552764893,0.0,128.0
kv_historical_key_trace_ng0,5584,16,0.8071305751800537,0.6369599103927612,0.0,128.0
kv_historical_key_trace_ng0,5600,16,0.7913304567337036,0.6461226940155029,0.0,128.0
kv_historical_key_trace_ng0,5616,16,0.7836472988128662,0.6513310670852661,0.0,128.0
kv_historical_key_trace_ng0,5632,16,0.8018982410430908,0.6407214403152466,0.0,128.0
kv_historical_key_trace_ng0,5648,16,0.8144916296005249,0.639564037322998,0.0,128.0
kv_historical_key_trace_ng0,5664,16,0.8121294975280762,0.6353201866149902,0.0,128.0
kv_historical_key_trace_ng0,5680,16,0.8265054821968079,0.6274112462997437,0.0,128.0
kv_historical_key_trace_ng0,5696,16,0.8089891076087952,0.6351273059844971,0.0,128.0
kv_historical_key_trace_ng0,5712,16,0.8286234736442566,0.6271219253540039,0.0,128.0
kv_historical_key_trace_ng0,5728,16,0.7991469502449036,0.6405285596847534,0.0,128.0
kv_historical_key_trace_ng0,5744,16,0.8024415969848633,0.6388888955116272,0.0,128.0
kv_historical_key_trace_ng0,5760,16,0.7935250401496887,0.6458333730697632,0.0,128.0
kv_historical_key_trace_ng0,5776,16,0.795851469039917,0.6396604776382446,0.0,128.0
kv_historical_key_trace_ng0,5792,16,0.8049900531768799,0.6402391791343689,0.0,128.0
kv_historical_key_trace_ng0,5808,16,0.8203247785568237,0.6331018209457397,0.0,128.0
kv_historical_key_trace_ng0,5824,16,0.760772705078125,0.6571180820465088,0.0,128.0
kv_historical_key_trace_ng0,5840,16,0.7689332962036133,0.6512346267700195,0.0,128.0
kv_historical_key_trace_ng0,5856,16,0.7824584245681763,0.6539351940155029,0.0,128.0
kv_historical_key_trace_ng0,5872,16,0.805691659450531,0.6399498581886292,0.0,128.0
kv_historical_key_trace_ng0,5888,16,0.8288205862045288,0.6261574029922485,0.0,128.0
kv_historical_key_trace_ng0,5904,16,0.8053584694862366,0.6337770223617554,0.0,128.0
kv_historical_key_trace_ng0,5920,16,0.7833634614944458,0.6471836566925049,0.0,128.0
kv_historical_key_trace_ng0,5936,16,0.8016815185546875,0.6389853954315186,0.0,128.0
kv_historical_key_trace_ng0,5952,16,0.8323460817337036,0.6229745149612427,0.0,128.0
kv_historical_key_trace_ng0,5968,16,0.8194738030433655,0.6281828880310059,0.0,128.0
kv_historical_key_trace_ng0,5984,16,0.7829313278198242,0.6472800970077515,0.0,128.0
kv_historical_key_trace_ng0,6000,16,0.8100467324256897,0.6333912014961243,0.0,128.0
kv_read_gain_quarter_ng0,16,16,2.4618563652038574,0.08478009700775146,0.0,128.0
kv_read_gain_quarter_ng0,32,16,2.432250738143921,0.10561342537403107,0.0,128.0
kv_read_gain_quarter_ng0,48,16,2.3809990882873535,0.15596064925193787,0.0,128.0
kv_read_gain_quarter_ng0,64,16,2.317113161087036,0.19000771641731262,0.0,128.0
kv_read_gain_quarter_ng0,80,16,2.225090503692627,0.2165316343307495,0.0,128.0
kv_read_gain_quarter_ng0,96,16,2.133739471435547,0.3076774477958679,0.0,128.0
kv_read_gain_quarter_ng0,112,16,2.0398590564727783,0.34047067165374756,0.0,128.0
kv_read_gain_quarter_ng0,128,16,1.9519116878509521,0.38599538803100586,0.0,128.0
kv_read_gain_quarter_ng0,144,16,1.87540864944458,0.39342206716537476,0.0,128.0
kv_read_gain_quarter_ng0,160,16,1.8067271709442139,0.39564043283462524,0.0,128.0
kv_read_gain_quarter_ng0,176,16,1.748418927192688,0.3932291865348816,0.0,128.0
kv_read_gain_quarter_ng0,192,16,1.6966397762298584,0.3989197611808777,0.0,128.0
kv_read_gain_quarter_ng0,208,16,1.6641931533813477,0.4009452164173126,0.0,128.0
kv_read_gain_quarter_ng0,224,16,1.6409724950790405,0.40605708956718445,0.0,128.0
kv_read_gain_quarter_ng0,240,16,1.604833722114563,0.4253472089767456,0.0,128.0
kv_read_gain_quarter_ng0,256,16,1.598656177520752,0.41560572385787964,0.0,128.0
kv_read_gain_quarter_ng0,272,16,1.5761775970458984,0.42467206716537476,0.0,128.0
kv_read_gain_quarter_ng0,288,16,1.5629056692123413,0.4340277910232544,0.0,128.0
kv_read_gain_quarter_ng0,304,16,1.5182768106460571,0.4493634104728699,0.0,128.0
kv_read_gain_quarter_ng0,320,16,1.482764720916748,0.45775464177131653,0.0,128.0
kv_read_gain_quarter_ng0,336,16,1.4575201272964478,0.461901992559433,0.0,128.0
kv_read_gain_quarter_ng0,352,16,1.4285739660263062,0.4647955298423767,0.0,128.0
kv_read_gain_quarter_ng0,368,16,1.3958817720413208,0.46971452236175537,0.0,128.0
kv_read_gain_quarter_ng0,384,16,1.3839643001556396,0.4726080298423767,0.0,128.0
kv_read_gain_quarter_ng0,400,16,1.3620835542678833,0.47752702236175537,0.0,128.0
kv_read_gain_quarter_ng0,416,16,1.3630874156951904,0.46817129850387573,0.0,128.0
kv_read_gain_quarter_ng0,432,16,1.362934947013855,0.4716435372829437,0.0,128.0
kv_read_gain_quarter_ng0,448,16,1.343388319015503,0.47849154472351074,0.0,128.0
kv_read_gain_quarter_ng0,464,16,1.3350807428359985,0.4791666865348816,0.0,128.0
kv_read_gain_quarter_ng0,480,16,1.345856785774231,0.4696180522441864,0.0,128.0
kv_read_gain_quarter_ng0,496,16,1.333276629447937,0.4773341417312622,0.0,128.0
kv_read_gain_quarter_ng0,512,16,1.3334853649139404,0.47453704476356506,0.0,128.0
kv_read_gain_quarter_ng0,528,16,1.3284529447555542,0.46894294023513794,0.0,128.0
kv_read_gain_quarter_ng0,544,16,1.3234848976135254,0.4753086566925049,0.0,128.0
kv_read_gain_quarter_ng0,560,16,1.3101959228515625,0.47935956716537476,0.0,128.0
kv_read_gain_quarter_ng0,576,16,1.3244800567626953,0.4747299551963806,0.0,128.0
kv_read_gain_quarter_ng0,592,16,1.2994319200515747,0.4782986044883728,0.0,128.0
kv_read_gain_quarter_ng0,608,16,1.3059728145599365,0.47897374629974365,0.0,128.0
kv_read_gain_quarter_ng0,624,16,1.3059053421020508,0.4765625,0.0,128.0
kv_read_gain_quarter_ng0,640,16,1.303788661956787,0.47752702236175537,0.0,128.0
kv_read_gain_quarter_ng0,656,16,1.2901326417922974,0.48495370149612427,0.0,128.0
kv_read_gain_quarter_ng0,672,16,1.2915618419647217,0.48148149251937866,0.0,128.0
kv_read_gain_quarter_ng0,688,16,1.2854692935943604,0.48321759700775146,0.0,128.0
kv_read_gain_quarter_ng0,704,16,1.2973377704620361,0.48234954476356506,0.0,128.0
kv_read_gain_quarter_ng0,720,16,1.2977066040039062,0.47935956716537476,0.0,128.0
kv_read_gain_quarter_ng0,736,16,1.2952165603637695,0.48196375370025635,0.0,128.0
kv_read_gain_quarter_ng0,752,16,1.2778655290603638,0.48717206716537476,0.0,128.0
kv_read_gain_quarter_ng0,768,16,1.2890669107437134,0.48553240299224854,0.0,128.0
kv_read_gain_quarter_ng0,784,16,1.295751929283142,0.48206019401550293,0.0,128.0
kv_read_gain_quarter_ng0,800,16,1.3039685487747192,0.47762346267700195,0.0,128.0
kv_read_gain_quarter_ng0,816,16,1.2964099645614624,0.4821566343307495,0.0,128.0
kv_read_gain_quarter_ng0,832,16,1.2949162721633911,0.4778163433074951,0.0,128.0
kv_read_gain_quarter_ng0,848,16,1.3069902658462524,0.4779128134250641,0.0,128.0
kv_read_gain_quarter_ng0,864,16,1.291850209236145,0.4827353358268738,0.0,128.0
kv_read_gain_quarter_ng0,880,16,1.2955209016799927,0.47974538803100586,0.0,128.0
kv_read_gain_quarter_ng0,896,16,1.2969210147857666,0.47800928354263306,0.0,128.0
kv_read_gain_quarter_ng0,912,16,1.303526759147644,0.4729938507080078,0.0,128.0
kv_read_gain_quarter_ng0,928,16,1.2939212322235107,0.4760802388191223,0.0,128.0
kv_read_gain_quarter_ng0,944,16,1.3024725914001465,0.47453704476356506,0.0,128.0
kv_read_gain_quarter_ng0,960,16,1.3003623485565186,0.4766589403152466,0.0,128.0
kv_read_gain_quarter_ng0,976,16,1.308559536933899,0.4727044999599457,0.0,128.0
kv_read_gain_quarter_ng0,992,16,1.3085830211639404,0.4727044701576233,0.0,128.0
kv_read_gain_quarter_ng0,1008,16,1.3148918151855469,0.47762346267700195,0.0,128.0
kv_read_gain_quarter_ng0,1024,16,1.3075233697891235,0.47501930594444275,0.0,128.0
kv_read_gain_quarter_ng0,1040,16,1.3189948797225952,0.4692322611808777,0.0,128.0
kv_read_gain_quarter_ng0,1056,16,1.3120555877685547,0.47164350748062134,0.0,128.0
kv_read_gain_quarter_ng0,1072,16,1.329931378364563,0.46595293283462524,0.0,128.0
kv_read_gain_quarter_ng0,1088,16,1.3081703186035156,0.4803240895271301,0.0,128.0
kv_read_gain_quarter_ng0,1104,16,1.31377375125885,0.48157793283462524,0.0,128.0
kv_read_gain_quarter_ng0,1120,16,1.3221710920333862,0.4739583432674408,0.0,128.0
kv_read_gain_quarter_ng0,1136,16,1.3253004550933838,0.46595293283462524,0.0,128.0
kv_read_gain_quarter_ng0,1152,16,1.3344275951385498,0.4707754850387573,0.0,128.0
kv_read_gain_quarter_ng0,1168,16,1.3298410177230835,0.4661458432674408,0.0,128.0
kv_read_gain_quarter_ng0,1184,16,1.3162627220153809,0.473090261220932,0.0,128.0
kv_read_gain_quarter_ng0,1200,16,1.3132566213607788,0.46807485818862915,0.0,128.0
kv_read_gain_quarter_ng0,1216,16,1.3130847215652466,0.4717399775981903,0.0,128.0
kv_read_gain_quarter_ng0,1232,16,1.3084063529968262,0.4739583432674408,0.0,128.0
kv_read_gain_quarter_ng0,1248,16,1.2852251529693604,0.4808063507080078,0.0,128.0
kv_read_gain_quarter_ng0,1264,16,1.2922091484069824,0.47945600748062134,0.0,128.0
kv_read_gain_quarter_ng0,1280,16,1.3111835718154907,0.47202932834625244,0.0,128.0
kv_read_gain_quarter_ng0,1296,16,1.281698226928711,0.4783950448036194,0.0,128.0
kv_read_gain_quarter_ng0,1312,16,1.2724123001098633,0.4856288731098175,0.0,128.0
kv_read_gain_quarter_ng0,1328,16,1.2840054035186768,0.4738618731498718,0.0,128.0
kv_read_gain_quarter_ng0,1344,16,1.2923654317855835,0.4761767089366913,0.0,128.0
kv_read_gain_quarter_ng0,1360,16,1.2687716484069824,0.48456791043281555,0.0,128.0
kv_read_gain_quarter_ng0,1376,16,1.266980767250061,0.4894869029521942,0.0,128.0
kv_read_gain_quarter_ng0,1392,16,1.2506266832351685,0.4969136118888855,0.0,128.0
kv_read_gain_quarter_ng0,1408,16,1.2660733461380005,0.4921875,0.0,128.0
kv_read_gain_quarter_ng0,1424,16,1.2653164863586426,0.4803240895271301,0.0,128.0
kv_read_gain_quarter_ng0,1440,16,1.260938286781311,0.486882746219635,0.0,128.0
kv_read_gain_quarter_ng0,1456,16,1.259007215499878,0.49016207456588745,0.0,128.0
kv_read_gain_quarter_ng0,1472,16,1.265822410583496,0.4865933656692505,0.0,128.0
kv_read_gain_quarter_ng0,1488,16,1.243192195892334,0.4951775074005127,0.0,128.0
kv_read_gain_quarter_ng0,1504,16,1.2459955215454102,0.4918017089366913,0.0,128.0
kv_read_gain_quarter_ng0,1520,16,1.2415417432785034,0.4929591119289398,0.0,128.0
kv_read_gain_quarter_ng0,1536,16,1.229345679283142,0.4944058656692505,0.0,128.0
kv_read_gain_quarter_ng0,1552,16,1.2247395515441895,0.5003857612609863,0.0,128.0
kv_read_gain_quarter_ng0,1568,16,1.197598934173584,0.5112847685813904,0.0,128.0
kv_read_gain_quarter_ng0,1584,16,1.2103627920150757,0.49990352988243103,0.0,128.0
kv_read_gain_quarter_ng0,1600,16,1.190139651298523,0.5071372985839844,0.0,128.0
kv_read_gain_quarter_ng0,1616,16,1.2036242485046387,0.5099344253540039,0.0,128.0
kv_read_gain_quarter_ng0,1632,16,1.186401128768921,0.5126350522041321,0.0,128.0
kv_read_gain_quarter_ng0,1648,16,1.1935325860977173,0.5066551566123962,0.0,128.0
kv_read_gain_quarter_ng0,1664,16,1.1660525798797607,0.5269097089767456,0.0,128.0
kv_read_gain_quarter_ng0,1680,16,1.1800822019577026,0.5140818357467651,0.0,128.0
kv_read_gain_quarter_ng0,1696,16,1.1602528095245361,0.5185185670852661,0.0,128.0
kv_read_gain_quarter_ng0,1712,16,1.1459978818893433,0.5322145223617554,0.0,128.0
kv_read_gain_quarter_ng0,1728,16,1.1424636840820312,0.5341435074806213,0.0,128.0
kv_read_gain_quarter_ng0,1744,16,1.1538423299789429,0.5276813507080078,0.0,128.0
kv_read_gain_quarter_ng0,1760,16,1.1383335590362549,0.5221836566925049,0.0,128.0
kv_read_gain_quarter_ng0,1776,16,1.1547634601593018,0.5197723507881165,0.0,128.0
kv_read_gain_quarter_ng0,1792,16,1.1424627304077148,0.5321180820465088,0.0,128.0
kv_read_gain_quarter_ng0,1808,16,1.1259913444519043,0.5339506268501282,0.0,128.0
kv_read_gain_quarter_ng0,1824,16,1.1063218116760254,0.5450423955917358,0.0,128.0
kv_read_gain_quarter_ng0,1840,16,1.0968687534332275,0.5483217835426331,0.0,128.0
kv_read_gain_quarter_ng0,1856,16,1.0982110500335693,0.5441743731498718,0.0,128.0
kv_read_gain_quarter_ng0,1872,16,1.099305510520935,0.5516010522842407,0.0,128.0
kv_read_gain_quarter_ng0,1888,16,1.0956741571426392,0.5547839403152466,0.0,128.0
kv_read_gain_quarter_ng0,1904,16,1.0837204456329346,0.5520833730697632,0.0,128.0
kv_read_gain_quarter_ng0,1920,16,1.1042553186416626,0.5515046119689941,0.0,128.0
kv_read_gain_quarter_ng0,1936,16,1.091477870941162,0.5529513955116272,0.0,128.0
kv_read_gain_quarter_ng0,1952,16,1.0898340940475464,0.5524691343307495,0.0,128.0
kv_read_gain_quarter_ng0,1968,16,1.0747077465057373,0.563560962677002,0.0,128.0
kv_read_gain_quarter_ng0,1984,16,1.094451665878296,0.5568094253540039,0.0,128.0
kv_read_gain_quarter_ng0,2000,16,1.0195423364639282,0.5814043283462524,0.0,128.0
kv_read_gain_quarter_ng0,2016,16,1.0677809715270996,0.5629822611808777,0.0,128.0
kv_read_gain_quarter_ng0,2032,16,1.0377862453460693,0.5793789029121399,0.0,128.0
kv_read_gain_quarter_ng0,2048,16,1.0782266855239868,0.560763955116272,0.0,128.0
kv_read_gain_quarter_ng0,2064,16,1.0306061506271362,0.578125,0.0,128.0
kv_read_gain_quarter_ng0,2080,16,1.0305248498916626,0.5871913433074951,0.0,128.0
kv_read_gain_quarter_ng0,2096,16,1.0330605506896973,0.5783179402351379,0.0,128.0
kv_read_gain_quarter_ng0,2112,16,1.0153307914733887,0.5916281342506409,0.0,128.0
kv_read_gain_quarter_ng0,2128,16,0.9890593886375427,0.596257746219635,0.0,128.0
kv_read_gain_quarter_ng0,2144,16,0.9928825497627258,0.6009837985038757,0.0,128.0
kv_read_gain_quarter_ng0,2160,16,1.0274826288223267,0.590374231338501,0.0,128.0
kv_read_gain_quarter_ng0,2176,16,0.997408926486969,0.5978009104728699,0.0,128.0
kv_read_gain_quarter_ng0,2192,16,1.0334059000015259,0.5852623581886292,0.0,128.0
kv_read_gain_quarter_ng0,2208,16,1.00369131565094,0.5895061492919922,0.0,128.0
kv_read_gain_quarter_ng0,2224,16,1.0053826570510864,0.5973186492919922,0.0,128.0
kv_read_gain_quarter_ng0,2240,16,1.0147652626037598,0.5916280746459961,0.0,128.0
kv_read_gain_quarter_ng0,2256,16,0.988977313041687,0.5974150896072388,0.0,128.0
kv_read_gain_quarter_ng0,2272,16,0.9652089476585388,0.6126543283462524,0.0,128.0
kv_read_gain_quarter_ng0,2288,16,0.9787592887878418,0.6020447015762329,0.0,128.0
kv_read_gain_quarter_ng0,2304,16,1.0060087442398071,0.5977044701576233,0.0,128.0
kv_read_gain_quarter_ng0,2320,16,0.9995179176330566,0.5912423133850098,0.0,128.0
kv_read_gain_quarter_ng0,2336,16,0.9717164039611816,0.6130400896072388,0.0,128.0
kv_read_gain_quarter_ng0,2352,16,1.0250741243362427,0.5917245149612427,0.0,128.0
kv_read_gain_quarter_ng0,2368,16,0.9772704839706421,0.6129436492919922,0.0,128.0
kv_read_gain_quarter_ng0,2384,16,0.9617052674293518,0.6119791865348816,0.0,128.0
kv_read_gain_quarter_ng0,2400,16,0.9991792440414429,0.5984760522842407,0.0,128.0
kv_read_gain_quarter_ng0,2416,16,1.134401798248291,0.5494791269302368,0.0,128.0
kv_read_gain_quarter_ng0,2432,16,1.0505032539367676,0.5748456716537476,0.0,128.0
kv_read_gain_quarter_ng0,2448,16,1.0157968997955322,0.5888310670852661,0.0,128.0
kv_read_gain_quarter_ng0,2464,16,1.0069661140441895,0.5969328880310059,0.0,128.0
kv_read_gain_quarter_ng0,2480,16,1.0050008296966553,0.5989583730697632,0.0,128.0
kv_read_gain_quarter_ng0,2496,16,0.9939035177230835,0.604263186454773,0.0,128.0
kv_read_gain_quarter_ng0,2512,16,1.0189881324768066,0.5837191343307495,0.0,128.0
kv_read_gain_quarter_ng0,2528,16,1.0148714780807495,0.5867091417312622,0.0,128.0
kv_read_gain_quarter_ng0,2544,16,1.0482546091079712,0.5776427388191223,0.0,128.0
kv_read_gain_quarter_ng0,2560,16,1.022186040878296,0.5879629850387573,0.0,128.0
kv_read_gain_quarter_ng0,2576,16,1.054335355758667,0.5727238059043884,0.0,128.0
kv_read_gain_quarter_ng0,2592,16,1.0807278156280518,0.5603780746459961,0.0,128.0
kv_read_gain_quarter_ng0,2608,16,1.098558783531189,0.5541087985038757,0.0,128.0
kv_read_gain_quarter_ng0,2624,16,1.0527483224868774,0.5704089403152466,0.0,128.0
kv_read_gain_quarter_ng0,2640,16,1.084595799446106,0.5533372163772583,0.0,128.0
kv_read_gain_quarter_ng0,2656,16,1.0667717456817627,0.5609568357467651,0.0,128.0
kv_read_gain_quarter_ng0,2672,16,1.0516002178192139,0.5643326044082642,0.0,128.0
kv_read_gain_quarter_ng0,2688,16,1.0226558446884155,0.5792824029922485,0.0,128.0
kv_read_gain_quarter_ng0,2704,16,1.044137716293335,0.5662615895271301,0.0,128.0
kv_read_gain_quarter_ng0,2720,16,1.0560081005096436,0.5666474103927612,0.0,128.0
kv_read_gain_quarter_ng0,2736,16,1.0279626846313477,0.5734953880310059,0.0,128.0
kv_read_gain_quarter_ng0,2752,16,1.0714185237884521,0.5631752014160156,0.0,128.0
kv_read_gain_quarter_ng0,2768,16,1.0574438571929932,0.5585455894470215,0.0,128.0
kv_read_gain_quarter_ng0,2784,16,1.033582329750061,0.5681906342506409,0.0,128.0
kv_read_gain_quarter_ng0,2800,16,1.0457665920257568,0.5763888955116272,0.0,128.0
kv_read_gain_quarter_ng0,2816,16,1.067704439163208,0.5562306642532349,0.0,128.0
kv_read_gain_quarter_ng0,2832,16,1.0599833726882935,0.5671296119689941,0.0,128.0
kv_read_gain_quarter_ng0,2848,16,1.0347262620925903,0.5737847089767456,0.0,128.0
kv_read_gain_quarter_ng0,2864,16,1.0488041639328003,0.5637539029121399,0.0,128.0
kv_read_gain_quarter_ng0,2880,16,1.0305558443069458,0.5756173133850098,0.0,128.0
kv_read_gain_quarter_ng0,2896,16,1.0386145114898682,0.5652970671653748,0.0,128.0
kv_read_gain_quarter_ng0,2912,16,1.0444856882095337,0.5674189329147339,0.0,128.0
kv_read_gain_quarter_ng0,2928,16,1.036620020866394,0.5788965821266174,0.0,128.0
kv_read_gain_quarter_ng0,2944,16,1.0453394651412964,0.5623071193695068,0.0,128.0
kv_read_gain_quarter_ng0,2960,16,1.067994475364685,0.5522762537002563,0.0,128.0
kv_read_gain_quarter_ng0,2976,16,1.0198500156402588,0.576196014881134,0.0,128.0
kv_read_gain_quarter_ng0,2992,16,1.0006932020187378,0.5831403732299805,0.0,128.0
