all_accuracy,amplitude_minus,amplitude_plus,clean_memory_cosine,condition,exact,fixed_point_fraction,flip,hidden_accuracy,hidden_accuracy_se,hidden_mse,lambda_minus,lambda_plus,matrix_rms,memory_rms,minus_norm,missing,mode,orthogonal_memory_rms,patterns,plus_norm,read_gain,read_memory_change_rms,recall_steps,rule,seed,skew_rms,stage,symmetric_norm_fraction,two_cycle_fraction,unresolved_hidden_fraction
,,,,canonical_hopfield,1.0,1.0,,1.0,0.0,,,,,,,,,,2,,,,,hebb,,,fixed_activity,,0.0,0.0
,1.0,1.0,1.0,static,1.0,1.0,,1.0,0.0,,0.1,0.1,0.043374658588747755,,7720.660574309929,,,5.6399359157042824e-18,2,7720.660574309929,,,,hebb,,0.0,fixed_activity,1.0,0.0,0.0
,1.0,1.0,0.0,static,0.0,1.0,,0.0,0.0,,0.1,0.1,0.0,,7720.660574309929,,,0.0,2,7720.660574309929,,,,balanced_stdp,,0.0,fixed_activity,0.0,0.0,1.0
,1.0,1.0,0.0,static,0.0,1.0,,0.0,0.0,,0.9,0.9,0.0,,4072.197986954886,,,0.0,2,4072.197986954886,,,,balanced_stdp,,0.0,fixed_activity,0.0,0.0,1.0
,1.5,0.5,-1.0,static,0.1171875,0.4375,,0.3822979047177238,0.03225788288335527,,0.1,0.1,0.04036252952008472,,7720.660574309929,,,6.519314965693737e-18,2,7720.660574309929,,,,general_stdp,,0.0,fixed_activity,1.0,0.5625,0.0
,1.0,1.0,0.0,static,0.0,1.0,,0.0,0.0,,0.1,0.1,0.0,,7720.660574309929,,,0.0,2,7720.660574309929,,,,general_stdp,,0.0,fixed_activity,0.0,0.0,1.0
,0.5,1.5,1.0,static,1.0,1.0,,1.0,0.0,,0.1,0.1,0.04036252952008472,,7720.660574309929,,,6.519314965693737e-18,2,7720.660574309929,,,,general_stdp,,0.0,fixed_activity,1.0,0.0,0.0
,1.5,0.5,-1.0,static,0.1171875,0.4375,,0.3822979047177238,0.03225788288335527,,0.9,0.9,0.021288879348874495,,4072.197986954886,,,3.498416294979128e-18,2,4072.197986954886,,,,general_stdp,,0.0,fixed_activity,1.0,0.5625,0.0
,1.0,1.0,0.0,static,0.0,1.0,,0.0,0.0,,0.9,0.9,0.0,,4072.197986954886,,,0.0,2,4072.197986954886,,,,general_stdp,,0.0,fixed_activity,0.0,0.0,1.0
,0.5,1.5,1.0,static,1.0,1.0,,1.0,0.0,,0.9,0.9,0.021288879348874495,,4072.197986954886,,,3.498416294979128e-18,2,4072.197986954886,,,,general_stdp,,0.0,fixed_activity,1.0,0.0,0.0
,1.5,0.5,-1.0,static,0.1171875,0.4375,,0.3822979047177238,0.03225788288335527,,0.9,0.1,0.011752054263269389,,4072.197986954886,,,2.0954328293471676e-18,2,7720.660574309929,,,,general_stdp,,0.0,fixed_activity,1.0,0.5625,0.0
,1.0,1.0,1.0,static,1.0,1.0,,1.0,0.0,,0.9,0.1,0.019073650171210224,,4072.197986954886,,,2.0150014779491126e-18,2,7720.660574309929,,,,general_stdp,,0.0,fixed_activity,1.0,0.0,0.0
,0.5,1.5,1.0,static,1.0,1.0,,1.0,0.0,,0.9,0.1,0.04989935460568983,,4072.197986954886,,,1.1039180193734793e-17,2,7720.660574309929,,,,general_stdp,,0.0,fixed_activity,1.0,0.0,0.0
,1.5,0.5,-1.0,static,0.1171875,0.4375,,0.3822979047177238,0.03225788288335527,,0.1,0.9,0.04989935460568983,,7720.660574309929,,,1.1039180193734793e-17,2,4072.197986954886,,,,general_stdp,,0.0,fixed_activity,1.0,0.5625,0.0
,1.0,1.0,-1.0,static,0.1171875,0.4375,,0.3822979047177238,0.03225788288335527,,0.1,0.9,0.019073650171210224,,7720.660574309929,,,2.0150014779491126e-18,2,4072.197986954886,,,,general_stdp,,0.0,fixed_activity,1.0,0.5625,0.0
,0.5,1.5,1.0,static,1.0,1.0,,1.0,0.0,,0.1,0.9,0.011752054263269389,,7720.660574309929,,,2.0954328293471676e-18,2,4072.197986954886,,,,general_stdp,,0.0,fixed_activity,1.0,0.0,0.0
,1.0,1.0,0.9947855803432638,settling,1.0,1.0,,1.0,0.0,,0.1,0.1,0.03692058992018901,,6870.213387394026,,,0.003769233685368265,2,6870.213387394026,,,,hebb,,0.0,fixed_activity,1.0,0.0,0.0
,1.0,1.0,-7.335697221825471e-19,settling,0.015625,0.3984375,,0.37813936270665177,0.02111505241497253,,0.1,0.1,0.0024195457814159146,,6870.213387394026,,,0.0024195457814159146,2,6870.213387394026,,,,balanced_stdp,,0.0024195457814159146,fixed_activity,0.0,0.0,0.0
,1.0,1.0,8.983267576866447e-20,settling,0.015625,0.3984375,,0.37813936270665177,0.02111505241497253,,0.9,0.9,0.0035432289922110523,,3504.4171404929034,,,0.0035432289922110523,2,3504.4171404929034,,,,balanced_stdp,,0.0035432289922110523,fixed_activity,0.0,0.0,0.0
,1.5,0.5,-0.9931824045016935,settling,0.109375,0.2890625,,0.45580547149063744,0.03062533299249957,,0.1,0.1,0.035039517593607954,,6870.213387394026,,,0.004082470403022605,2,6870.213387394026,,,,general_stdp,,0.0024195457814159146,fixed_activity,0.9977577294365805,0.7109375,0.0
,1.0,1.0,-7.335697221825471e-19,settling,0.015625,0.3984375,,0.37813936270665177,0.02111505241497253,,0.1,0.1,0.0024195457814159146,,6870.213387394026,,,0.0024195457814159146,2,6870.213387394026,,,,general_stdp,,0.0024195457814159146,fixed_activity,0.0,0.0,0.0
,0.5,1.5,0.9931824045016936,settling,1.0,1.0,,1.0,0.0,,0.1,0.1,0.035039517593607954,,6870.213387394026,,,0.004082470403022605,2,6870.213387394026,,,,general_stdp,,0.0024195457814159146,fixed_activity,0.9977577294365805,0.0,0.0
,1.5,0.5,-0.9737639858697292,settling,0.09375,0.28125,,0.44325161318648887,0.03051113760963792,,0.9,0.9,0.018350746634234246,,3504.4171404929034,,,0.004169094515613699,2,3504.4171404929034,,,,general_stdp,,0.0035432289922110523,fixed_activity,0.9822612706065798,0.6796875,0.0
,1.0,1.0,8.983267576866447e-20,settling,0.015625,0.3984375,,0.37813936270665177,0.02111505241497253,,0.9,0.9,0.0035432289922110523,,3504.4171404929034,,,0.0035432289922110523,2,3504.4171404929034,,,,general_stdp,,0.0035432289922110523,fixed_activity,0.0,0.0,0.0
,0.5,1.5,0.9737639858697292,settling,1.0,1.0,,1.0,0.0,,0.9,0.9,0.018350746634234246,,3504.4171404929034,,,0.004169094515613699,2,3504.4171404929034,,,,general_stdp,,0.0035432289922110523,fixed_activity,0.9822612706065798,0.0,0.0
,1.5,0.5,-0.9309813513286449,settling,0.0546875,0.3125,,0.40534580514112006,0.02930505848022793,,0.9,0.1,0.010100796516988756,,3504.4171404929034,,,0.003679059702464788,2,6870.213387394026,,,,general_stdp,,0.003262308189512268,fixed_activity,0.9491586248244901,0.6484375,0.0
,1.0,1.0,0.9824843749945413,settling,1.0,1.0,,1.0,0.0,,0.9,0.1,0.0172322793541739,,3504.4171404929034,,,0.0032094015957102187,2,6870.213387394026,,,,general_stdp,,0.0029813873868134834,fixed_activity,0.9858651760184263,0.0,0.0
,0.5,1.5,0.9941311857302099,settling,1.0,1.0,,1.0,0.0,,0.9,0.1,0.04352140022390975,,3504.4171404929034,,,0.0047070496249229255,2,6870.213387394026,,,,general_stdp,,0.002700466584114699,fixed_activity,0.9981909477833049,0.0,0.0
,1.5,0.5,-0.9941311857302098,settling,0.109375,0.2890625,,0.455804868452411,0.030555751726667944,,0.1,0.9,0.04352140022390975,,6870.213387394026,,,0.0047070496249229255,2,3504.4171404929034,,,,general_stdp,,0.002700466584114699,fixed_activity,0.9981909477833047,0.7109375,0.0
,1.0,1.0,-0.9824843749945413,settling,0.1171875,0.3046875,,0.4487418746933429,0.03144350975457541,,0.1,0.9,0.0172322793541739,,6870.213387394026,,,0.0032094015957102187,2,3504.4171404929034,,,,general_stdp,,0.0029813873868134834,fixed_activity,0.9858651760184263,0.6875,0.0
,0.5,1.5,0.9309813513286449,settling,1.0,1.0,,1.0,0.0,,0.1,0.9,0.010100796516988756,,6870.213387394026,,,0.003679059702464788,2,3504.4171404929034,,,,general_stdp,,0.003262308189512268,fixed_activity,0.9491586248244901,0.0,0.0
,1.0,1.0,0.9704870358987614,noisy_settling,1.0,1.0,,1.0,0.0,,0.1,0.1,0.03788474162018801,,7601.87131406736,,,0.00912051156190727,2,7601.871314067361,,,,hebb,,0.0,fixed_activity,1.0,0.0,0.0
,1.0,1.0,-3.3661004463206717e-19,noisy_settling,0.0,0.2421875,,0.3992466866544726,0.017753971606091053,,0.1,0.1,0.0033367214816740136,,7601.87131406736,,,0.0033367214816740136,2,7601.871314067361,,,,balanced_stdp,,0.0033367214816740136,fixed_activity,0.0,0.0,0.0
,1.0,1.0,-6.029193386305647e-19,noisy_settling,0.0,0.3046875,,0.3776504657998949,0.016441831917193128,,0.9,0.9,0.0051615674629660446,,3765.461106000346,,,0.0051615674629660446,2,3765.4611060003463,,,,balanced_stdp,,0.0051615674629660446,fixed_activity,0.0,0.0,0.0
,1.5,0.5,-0.9665841982040655,noisy_settling,0.09375,0.2890625,,0.44216871671339064,0.030070327592917178,,0.1,0.1,0.03605684088232028,,7601.87131406736,,,0.009225803679466314,2,7601.871314067361,,,,general_stdp,,0.0033367214816740136,fixed_activity,0.9959885831223869,0.703125,0.0
,1.0,1.0,-3.3661004463206717e-19,noisy_settling,0.0,0.2421875,,0.3992466866544726,0.017753971606091053,,0.1,0.1,0.0033367214816740136,,7601.87131406736,,,0.0033367214816740136,2,7601.871314067361,,,,general_stdp,,0.0033367214816740136,fixed_activity,0.0,0.0,0.0
,0.5,1.5,0.9665841982040657,noisy_settling,1.0,1.0,,1.0,0.0,,0.1,0.1,0.03605684088232028,,7601.87131406736,,,0.009225803679466314,2,7601.871314067361,,,,general_stdp,,0.0033367214816740136,fixed_activity,0.9959885831223869,0.0,0.0
,1.5,0.5,-0.9328709893732136,noisy_settling,0.078125,0.2578125,,0.4263976013465057,0.028846846640919625,,0.9,0.9,0.019183388953191754,,3765.461106000346,,,0.006897341224989093,2,3765.4611060003463,,,,general_stdp,,0.0051615674629660446,fixed_activity,0.96527019425353,0.6953125,0.0
,1.0,1.0,-6.029193386305647e-19,noisy_settling,0.0,0.3046875,,0.3776504657998949,0.016441831917193128,,0.9,0.9,0.0051615674629660446,,3765.461106000346,,,0.0051615674629660446,2,3765.4611060003463,,,,general_stdp,,0.0051615674629660446,fixed_activity,0.0,0.0,0.0
,0.5,1.5,0.9328709893732134,noisy_settling,1.0,1.0,,1.0,0.0,,0.9,0.9,0.019183388953191754,,3765.461106000346,,,0.006897341224989093,2,3765.4611060003463,,,,general_stdp,,0.0051615674629660446,fixed_activity,0.96527019425353,0.0,0.0
,1.5,0.5,-0.8676689746647752,noisy_settling,0.0390625,0.375,,0.3333493955815211,0.027068787436539548,,0.9,0.1,0.01085490106640005,,3765.461106000346,,,0.005386995651800251,2,7601.871314067361,,,,general_stdp,,0.004625231488253072,fixed_activity,0.908957495721592,0.6015625,0.0
,1.0,1.0,0.9444920947022009,noisy_settling,0.9921875,1.0,,0.9995888157894737,0.00041118421052631604,,0.9,0.1,0.017950673392769026,,3765.461106000346,,,0.005889463430498568,2,7601.871314067361,,,,general_stdp,,0.004130183708211163,fixed_activity,0.9751041278330869,0.0,0.0
,0.5,1.5,0.9676044989025356,noisy_settling,1.0,1.0,,1.0,0.0,,0.9,0.1,0.044780327211523446,,3765.461106000346,,,0.011285659037534427,2,7601.871314067361,,,,general_stdp,,0.003693065407718266,fixed_activity,0.9968223506923966,0.0,0.0
,1.5,0.5,-0.9676044989025356,noisy_settling,0.1015625,0.2734375,,0.45311876845956767,0.02991240833054861,,0.1,0.9,0.044780327211523446,,7601.87131406736,,,0.011285659037534427,2,3765.4611060003463,,,,general_stdp,,0.003693065407718266,fixed_activity,0.9968223506923966,0.7265625,0.0
,1.0,1.0,-0.9444920947022007,noisy_settling,0.0859375,0.2578125,,0.4447690487563262,0.02947075548894299,,0.1,0.9,0.017950673392769026,,7601.87131406736,,,0.005889463430498568,2,3765.4611060003463,,,,general_stdp,,0.004130183708211163,fixed_activity,0.9751041278330869,0.71875,0.0
,0.5,1.5,0.8676689746647752,noisy_settling,0.96875,1.0,,0.9971422697368421,0.001776725210235389,,0.1,0.9,0.01085490106640005,,7601.87131406736,,,0.005386995651800252,2,3765.4611060003463,,,,general_stdp,,0.004625231488253072,fixed_activity,0.908957495721592,0.0,0.0
,1.0,1.0,0.6745088920623092,shared_background,0.6640625,1.0,,0.9241984678601842,0.010697840032967306,,0.1,0.1,0.0541696670635392,,10076.133608657185,,,0.03975560296233775,2,10076.133608657185,,,,hebb,,0.0,fixed_activity,1.0,0.0,0.0
,1.0,1.0,-6.389917308451761e-19,shared_background,0.0,0.2734375,,0.4005223059091214,0.01751501220552734,,0.1,0.1,0.0031952067196319204,,10076.133608657185,,,0.0031952067196319204,2,10076.133608657185,,,,balanced_stdp,,0.0031952067196319204,fixed_activity,0.0,0.0,0.0
,1.0,1.0,5.150274746822311e-19,shared_background,0.0,0.2734375,,0.4005223059091214,0.01751501220552734,,0.9,0.9,0.004679121664927602,,5204.817907228925,,,0.004679121664927602,2,5204.817907228925,,,,balanced_stdp,,0.004679121664927602,fixed_activity,0.0,0.0,0.0
,1.5,0.5,-0.6763137592904926,shared_background,0.046875,0.25,,0.4064726998792401,0.027365091770179862,,0.1,0.1,0.051187421883924174,,10076.133608657185,,,0.037477456295800154,2,10076.133608657185,,,,general_stdp,,0.0031952067196319204,fixed_activity,0.9981094993105855,0.75,0.0
,1.0,1.0,-6.389917308451761e-19,shared_background,0.0,0.2734375,,0.4005223059091214,0.01751501220552734,,0.1,0.1,0.0031952067196319204,,10076.133608657185,,,0.0031952067196319204,2,10076.133608657185,,,,general_stdp,,0.0031952067196319204,fixed_activity,0.0,0.0,0.0
,0.5,1.5,0.6763137592904926,shared_background,0.71875,1.0,,0.9300326892964277,0.011539388722351782,,0.1,0.1,0.051187421883924174,,10076.133608657185,,,0.037477456295800154,2,10076.133608657185,,,,general_stdp,,0.0031952067196319204,fixed_activity,0.9981094993105855,0.0,0.0
,1.5,0.5,-0.6571087152989312,shared_background,0.0078125,0.2265625,,0.3683103298262088,0.02304463220431569,,0.9,0.9,0.02701656324075286,,5204.817907228925,,,0.02022515731860394,2,5204.817907228925,,,,general_stdp,,0.004679121664927602,fixed_activity,0.985316166730223,0.7578125,0.0
,1.0,1.0,5.150274746822311e-19,shared_background,0.0,0.2734375,,0.4005223059091214,0.01751501220552734,,0.9,0.9,0.004679121664927602,,5204.817907228925,,,0.004679121664927602,2,5204.817907228925,,,,general_stdp,,0.004679121664927602,fixed_activity,0.0,0.0,0.0
,0.5,1.5,0.6571087152989312,shared_background,0.734375,0.9921875,,0.9336151745195379,0.011416987490022769,,0.9,0.9,0.02701656324075286,,5204.817907228925,,,0.02022515731860394,2,5204.817907228925,,,,general_stdp,,0.004679121664927602,fixed_activity,0.9853161667302232,0.0078125,0.0
,1.5,0.5,-0.6202648538541097,shared_background,0.0,0.359375,,0.327763718352135,0.01951460708787697,,0.9,0.1,0.015023289287226986,,5204.817907228925,,,0.011689629463581442,2,10076.133608657185,,,,general_stdp,,0.004308142928603681,fixed_activity,0.9590622162808213,0.59375,0.0
,1.0,1.0,0.678861057907862,shared_background,0.7265625,0.9921875,,0.9330142129810763,0.011212159140608068,,0.9,0.1,0.024812247347184083,,5204.817907228925,,,0.018116080025247193,2,10076.133608657185,,,,general_stdp,,0.0039371641922797615,fixed_activity,0.9877679086947675,0.0078125,0.0
,0.5,1.5,0.6786108860832736,shared_background,0.7109375,1.0,,0.9272753363552513,0.011735514693601765,,0.9,0.1,0.06343296785529756,,5204.817907228925,,,0.04631608976413614,2,10076.133608657185,,,,general_stdp,,0.0035661854559558407,fixed_activity,0.9984677937739826,0.0,0.0
,1.5,0.5,-0.6786108860832736,shared_background,0.0546875,0.25,,0.4101682275694829,0.027916407550075944,,0.1,0.9,0.06343296785529755,,10076.133608657185,,,0.04631608976413614,2,5204.817907228925,,,,general_stdp,,0.0035661854559558407,fixed_activity,0.9984677937739825,0.75,0.0
,1.0,1.0,-0.678861057907862,shared_background,0.015625,0.2421875,,0.3753204951008744,0.026010840471150362,,0.1,0.9,0.024812247347184083,,10076.133608657185,,,0.018116080025247193,2,5204.817907228925,,,,general_stdp,,0.0039371641922797615,fixed_activity,0.9877679086947675,0.7578125,0.0
,0.5,1.5,0.6202648538541098,shared_background,0.703125,0.984375,,0.9277129755832833,0.01183179995208168,,0.1,0.9,0.015023289287226986,,10076.133608657185,,,0.011689629463581442,2,5204.817907228925,,,,general_stdp,,0.004308142928603681,fixed_activity,0.9590622162808213,0.015625,0.0
,,,,canonical_hopfield,0.9765625,1.0,,0.995873818277311,0.0024312930383351655,,,,,,,,,,4,,,,,hebb,,,fixed_activity,,0.0,0.0
,1.0,1.0,1.0,static,0.9765625,1.0,,0.995873818277311,0.0024312930383351655,,0.1,0.1,0.06160331263986009,,11288.959387356424,,,8.497510178583846e-18,4,11288.959387356424,,,,hebb,,0.0,fixed_activity,1.0,0.0,0.0
,1.0,1.0,0.0,static,0.0,1.0,,0.0,0.0,,0.1,0.1,0.0,,11288.959387356424,,,0.0,4,11288.959387356424,,,,balanced_stdp,,0.0,fixed_activity,0.0,0.0,1.0
,1.0,1.0,0.0,static,0.0,1.0,,0.0,0.0,,0.9,0.9,0.0,,5954.267416569748,,,0.0,4,5954.267416569748,,,,balanced_stdp,,0.0,fixed_activity,0.0,0.0,1.0
,1.5,0.5,-1.0,static,0.0078125,0.2421875,,0.3757383365594351,0.02404188630957673,,0.1,0.1,0.05732530481764758,,11288.959387356424,,,7.60793054322397e-18,4,11288.959387356424,,,,general_stdp,,0.0,fixed_activity,1.0,0.7578125,0.0
,1.0,1.0,0.0,static,0.0,1.0,,0.0,0.0,,0.1,0.1,0.0,,11288.959387356424,,,0.0,4,11288.959387356424,,,,general_stdp,,0.0,fixed_activity,0.0,0.0,1.0
,0.5,1.5,1.0,static,0.9765625,1.0,,0.995873818277311,0.0024312930383351655,,0.1,0.1,0.05732530481764758,,11288.959387356424,,,7.60793054322397e-18,4,11288.959387356424,,,,general_stdp,,0.0,fixed_activity,1.0,0.0,0.0
,1.5,0.5,-1.0,static,0.0078125,0.2421875,,0.3757383365594351,0.02404188630957673,,0.9,0.9,0.030235753616310805,,5954.267416569748,,,4.525935382772522e-18,4,5954.267416569748,,,,general_stdp,,0.0,fixed_activity,1.0,0.7578125,0.0
,1.0,1.0,0.0,static,0.0,1.0,,0.0,0.0,,0.9,0.9,0.0,,5954.267416569748,,,0.0,4,5954.267416569748,,,,general_stdp,,0.0,fixed_activity,0.0,0.0,1.0
,0.5,1.5,1.0,static,0.9765625,1.0,,0.995873818277311,0.0024312930383351655,,0.9,0.9,0.030235753616310805,,5954.267416569748,,,4.525935382772522e-18,4,5954.267416569748,,,,general_stdp,,0.0,fixed_activity,1.0,0.0,0.0
,1.5,0.5,-1.0,static,0.0078125,0.2421875,,0.3757383365594351,0.02404188630957673,,0.9,0.1,0.016690978015642427,,5954.267416569748,,,2.8059950282567385e-18,4,11288.959387356424,,,,general_stdp,,0.0,fixed_activity,1.0,0.7578125,0.0
,1.0,1.0,1.0,static,0.9765625,1.0,,0.995873818277311,0.0024312930383351655,,0.9,0.1,0.027089551201336774,,5954.267416569748,,,3.745502688971767e-18,4,11288.959387356424,,,,general_stdp,,0.0,fixed_activity,1.0,0.0,0.0
,0.5,1.5,1.0,static,0.9765625,1.0,,0.995873818277311,0.0024312930383351655,,0.9,0.1,0.07087008041831597,,5954.267416569748,,,1.2675431664065341e-17,4,11288.959387356424,,,,general_stdp,,0.0,fixed_activity,1.0,0.0,0.0
,1.5,0.5,-1.0,static,0.0078125,0.2421875,,0.3757383365594351,0.02404188630957673,,0.1,0.9,0.07087008041831597,,11288.959387356424,,,1.2675431664065341e-17,4,5954.267416569748,,,,general_stdp,,0.0,fixed_activity,1.0,0.7578125,0.0
,1.0,1.0,-1.0,static,0.0078125,0.2421875,,0.3757383365594351,0.02404188630957673,,0.1,0.9,0.027089551201336774,,11288.959387356424,,,3.745502688971767e-18,4,5954.267416569748,,,,general_stdp,,0.0,fixed_activity,1.0,0.7578125,0.0
,0.5,1.5,1.0,static,0.9765625,1.0,,0.995873818277311,0.0024312930383351655,,0.1,0.9,0.016690978015642427,,11288.959387356424,,,2.8059950282567385e-18,4,5954.267416569748,,,,general_stdp,,0.0,fixed_activity,1.0,0.0,0.0
,1.0,1.0,0.9945863532394223,settling,0.96875,1.0,,0.9953529849439776,0.002479639055456151,,0.1,0.1,0.052560063979642246,,10063.740052361865,,,0.00545798095140194,4,10063.740052361865,,,,hebb,,0.0,fixed_activity,1.0,0.0,0.0
,1.0,1.0,2.2151221247497385e-19,settling,0.0,0.234375,,0.40826519094671665,0.01749534561525134,,0.1,0.1,0.0034684810418952093,,10063.740052361865,,,0.0034684810418952093,4,10063.740052361865,,,,balanced_stdp,,0.0034684810418952093,fixed_activity,0.0,0.0,0.0
,1.0,1.0,8.397397238413894e-19,settling,0.0,0.234375,,0.40826519094671665,0.01749534561525134,,0.9,0.9,0.00507930979482671,,5134.771570726299,,,0.00507930979482671,4,5134.771570726299,,,,balanced_stdp,,0.00507930979482671,fixed_activity,0.0,0.0,0.0
,1.5,0.5,-0.9930071424270859,settling,0.0,0.2109375,,0.40147674895758045,0.02307716075119867,,0.1,0.1,0.04987656110987337,,10063.740052361865,,,0.005881804803869552,4,10063.740052361865,,,,general_stdp,,0.0034684810418952093,fixed_activity,0.9978604012019905,0.7890625,0.0
,1.0,1.0,2.2151221247497385e-19,settling,0.0,0.234375,,0.40826519094671665,0.01749534561525134,,0.1,0.1,0.0034684810418952093,,10063.740052361865,,,0.0034684810418952093,4,10063.740052361865,,,,general_stdp,,0.0034684810418952093,fixed_activity,0.0,0.0,0.0
,0.5,1.5,0.9930071424270859,settling,0.9609375,1.0,,0.9917159051120448,0.0037833316940251746,,0.1,0.1,0.04987656110987337,,10063.740052361865,,,0.005881804803869552,4,10063.740052361865,,,,general_stdp,,0.0034684810418952093,fixed_activity,0.9978604012019906,0.0,0.0
,1.5,0.5,-0.9733869393421573,settling,0.0,0.1953125,,0.3899886692711528,0.02251796184402626,,0.9,0.9,0.02614350949471759,,5134.771570726299,,,0.005983771776390525,4,5134.771570726299,,,,general_stdp,,0.00507930979482671,fixed_activity,0.9830507826933801,0.796875,0.0
,1.0,1.0,8.397397238413894e-19,settling,0.0,0.234375,,0.40826519094671665,0.01749534561525134,,0.9,0.9,0.00507930979482671,,5134.771570726299,,,0.00507930979482671,4,5134.771570726299,,,,general_stdp,,0.00507930979482671,fixed_activity,0.0,0.0,0.0
,0.5,1.5,0.9733869393421573,settling,0.96875,1.0,,0.9901960784313726,0.005147112275453892,,0.9,0.9,0.02614350949471759,,5134.771570726299,,,0.0059837717763905245,4,5134.771570726299,,,,general_stdp,,0.00507930979482671,fixed_activity,0.9830507826933801,0.0,0.0
,1.5,0.5,-0.9304155449133604,settling,0.0,0.2421875,,0.3720009054614439,0.021695631126663308,,0.9,0.1,0.014410865225357596,,5134.771570726299,,,0.00527510164294815,4,10063.740052361865,,,,general_stdp,,0.004676602606593835,fixed_activity,0.9512753441225454,0.75,0.0
,1.0,1.0,0.9821423311236661,settling,0.9765625,1.0,,0.9933254551820729,0.004273114198103384,,0.9,0.1,0.024516579527069957,,5134.771570726299,,,0.004608564552368338,4,10063.740052361865,,,,general_stdp,,0.004273895418360959,fixed_activity,0.986497347023074,0.0,0.0
,0.5,1.5,0.9939670015857093,settling,0.96875,1.0,,0.9935760241596638,0.0033229105811826616,,0.9,0.1,0.061941126049800406,,5134.771570726299,,,0.006786784539233484,4,10063.740052361865,,,,general_stdp,,0.003871188230128084,fixed_activity,0.9982738273615683,0.0,0.0
,1.5,0.5,-0.9939670015857092,settling,0.0,0.203125,,0.40487084617980273,0.0231399712071853,,0.1,0.9,0.061941126049800406,,10063.740052361865,,,0.006786784539233484,4,5134.771570726299,,,,general_stdp,,0.003871188230128084,fixed_activity,0.9982738273615681,0.796875,0.0
,1.0,1.0,-0.9821423311236661,settling,0.0,0.203125,,0.40146089305592497,0.02268321898087914,,0.1,0.9,0.024516579527069957,,10063.740052361865,,,0.004608564552368337,4,5134.771570726299,,,,general_stdp,,0.004273895418360959,fixed_activity,0.986497347023074,0.796875,0.0
,0.5,1.5,0.9304155449133603,settling,0.9140625,0.9921875,,0.982210553692631,0.006073508953052414,,0.1,0.9,0.014410865225357596,,10063.740052361865,,,0.00527510164294815,4,5134.771570726299,,,,general_stdp,,0.004676602606593835,fixed_activity,0.9512753441225454,0.0078125,0.0
,1.0,1.0,0.9698930525307262,noisy_settling,0.921875,1.0,,0.9873219784708755,0.005074597933645584,,0.1,0.1,0.05376561186220723,,11062.425148279264,,,0.013075678144857888,4,11062.425148279264,,,,hebb,,0.0,fixed_activity,1.0,0.0,0.0
,1.0,1.0,-1.0394046305238982e-18,noisy_settling,0.0,0.1875,,0.4395341167555999,0.016333295572092208,,0.1,0.1,0.004706384605179151,,11062.425148279264,,,0.004706384605179151,4,11062.425148279264,,,,balanced_stdp,,0.004706384605179151,fixed_activity,0.0,0.0,0.0
,1.0,1.0,-5.216588324573226e-19,noisy_settling,0.0078125,0.1875,,0.4380199386996625,0.015791275588933198,,0.9,0.9,0.007237646654522029,,5478.544060253884,,,0.007237646654522029,4,5478.544060253884,,,,balanced_stdp,,0.007237646654522029,fixed_activity,0.0,0.0,0.0
,1.5,0.5,-0.9661001225224932,noisy_settling,0.0078125,0.1640625,,0.4275265992580476,0.022636904259840013,,0.1,0.1,0.051137552227768585,,11062.425148279264,,,0.013182988523992162,4,11062.425148279264,,,,general_stdp,,0.00470638460517915,fixed_activity,0.9962794033904434,0.8359375,0.0
,1.0,1.0,-1.0394046305238982e-18,noisy_settling,0.0,0.1875,,0.4395341167555999,0.016333295572092208,,0.1,0.1,0.004706384605179151,,11062.425148279264,,,0.004706384605179151,4,11062.425148279264,,,,general_stdp,,0.004706384605179151,fixed_activity,0.0,0.0,0.0
,0.5,1.5,0.9661001225224932,noisy_settling,0.90625,0.9921875,,0.9853611941571501,0.005335819977931201,,0.1,0.1,0.051137552227768585,,11062.425148279264,,,0.013182988523992162,4,11062.425148279264,,,,general_stdp,,0.00470638460517915,fixed_activity,0.9962794033904434,0.0078125,0.0
,1.5,0.5,-0.9331909324996336,noisy_settling,0.0,0.1875,,0.39489837680621104,0.02162272612290921,,0.9,0.9,0.027198157101442424,,5478.544060253884,,,0.009757637699574663,4,5478.544060253884,,,,general_stdp,,0.007237646654522029,fixed_activity,0.9678600566806292,0.8046875,0.0
,1.0,1.0,-5.216588324573226e-19,noisy_settling,0.0078125,0.1875,,0.4380199386996625,0.015791275588933198,,0.9,0.9,0.007237646654522029,,5478.544060253884,,,0.007237646654522029,4,5478.544060253884,,,,general_stdp,,0.007237646654522029,fixed_activity,0.0,0.0,0.0
,0.5,1.5,0.9331909324996336,noisy_settling,0.84375,0.984375,,0.9737842918565031,0.006734244924024807,,0.9,0.9,0.027198157101442428,,5478.544060253884,,,0.009757637699574663,4,5478.544060253884,,,,general_stdp,,0.007237646654522029,fixed_activity,0.9678600566806292,0.015625,0.0
,1.5,0.5,-0.8693888612807503,noisy_settling,0.0,0.296875,,0.3390051209312166,0.0198430733254118,,0.9,0.1,0.015380345082358587,,5478.544060253884,,,0.007588993846447842,4,11062.425148279264,,,,general_stdp,,0.0064887052780064035,fixed_activity,0.9145126918418308,0.6328125,0.0
,1.0,1.0,0.9443810176490035,noisy_settling,0.859375,1.0,,0.9801052962197868,0.0053146140930047945,,0.9,0.1,0.025432137501395755,,5478.544060253884,,,0.008350359657904129,4,11062.425148279264,,,,general_stdp,,0.0057997965229157076,fixed_activity,0.977107956978274,0.0,0.0
,0.5,1.5,0.9671179847478366,noisy_settling,0.9140625,0.9921875,,0.9864772655857215,0.0052405184867307195,,0.9,0.1,0.06350215918127694,,5478.544060253884,,,0.01612769118821072,4,11062.425148279264,,,,general_stdp,,0.0051948589646789115,fixed_activity,0.9970693778503421,0.0078125,0.0
,1.5,0.5,-0.9671179847478366,noisy_settling,0.0078125,0.1796875,,0.42298893172181923,0.022777104438202897,,0.1,0.9,0.06350215918127694,,11062.425148279264,,,0.01612769118821072,4,5478.544060253884,,,,general_stdp,,0.0051948589646789115,fixed_activity,0.997069377850342,0.8203125,0.0
,1.0,1.0,-0.9443810176490035,noisy_settling,0.0,0.1875,,0.4027928237845638,0.02191418821776852,,0.1,0.9,0.025432137501395755,,11062.425148279264,,,0.008350359657904129,4,5478.544060253884,,,,general_stdp,,0.0057997965229157076,fixed_activity,0.977107956978274,0.796875,0.0
,0.5,1.5,0.8693888612807503,noisy_settling,0.6953125,0.96875,,0.9481177080533094,0.009126415127755536,,0.1,0.9,0.015380345082358585,,11062.425148279264,,,0.007588993846447842,4,5478.544060253884,,,,general_stdp,,0.0064887052780064035,fixed_activity,0.9145126918418308,0.0234375,0.0
,1.0,1.0,0.6335708187845405,shared_background,0.265625,0.9765625,,0.7953941827006843,0.015048986596622195,,0.1,0.1,0.08179610173200953,,15444.450425655343,,,0.06338816808523015,4,15444.450425655343,,,,hebb,,0.0,fixed_activity,1.0,0.0234375,0.0
,1.0,1.0,-5.285372957798518e-20,shared_background,0.0,0.1484375,,0.43303075702891874,0.013776080582267371,,0.1,0.1,0.0044904887367337,,15444.450425655343,,,0.0044904887367337,4,15444.450425655343,,,,balanced_stdp,,0.0044904887367337,fixed_activity,0.0,0.0,0.0
,1.0,1.0,7.647744493827811e-19,shared_background,0.0,0.1484375,,0.43303075702891874,0.013776080582267371,,0.9,0.9,0.0065759573567072726,,7989.178582739822,,,0.0065759573567072726,4,7989.178582739822,,,,balanced_stdp,,0.0065759573567072726,fixed_activity,0.0,0.0,0.0
,1.5,0.5,-0.636528196785056,shared_background,0.0,0.125,,0.4103727816059714,0.019041901168347523,,0.1,0.1,0.07712878197775404,,15444.450425655343,,,0.059578550338790136,4,15444.450425655343,,,,general_stdp,,0.0044904887367337,fixed_activity,0.9984388637495489,0.875,0.0
,1.0,1.0,-5.285372957798518e-20,shared_background,0.0,0.1484375,,0.43303075702891874,0.013776080582267371,,0.1,0.1,0.0044904887367337,,15444.450425655343,,,0.0044904887367337,4,15444.450425655343,,,,general_stdp,,0.0044904887367337,fixed_activity,0.0,0.0,0.0
,0.5,1.5,0.636528196785056,shared_background,0.3046875,0.9921875,,0.8109872732562845,0.014770072210870542,,0.1,0.1,0.07712878197775404,,15444.450425655343,,,0.059578550338790136,4,15444.450425655343,,,,general_stdp,,0.0044904887367337,fixed_activity,0.998438863749549,0.0078125,0.0
,1.5,0.5,-0.619286535893342,shared_background,0.0,0.1328125,,0.3880885452535511,0.01790073664517071,,0.9,0.9,0.04069963260055043,,7989.178582739822,,,0.03198660819620306,4,7989.178582739822,,,,general_stdp,,0.0065759573567072726,fixed_activity,0.9878520508494898,0.8671875,0.0
,1.0,1.0,7.647744493827811e-19,shared_background,0.0,0.1484375,,0.43303075702891874,0.013776080582267371,,0.9,0.9,0.0065759573567072726,,7989.178582739822,,,0.0065759573567072726,4,7989.178582739822,,,,general_stdp,,0.0065759573567072726,fixed_activity,0.0,0.0,0.0
,0.5,1.5,0.619286535893342,shared_background,0.296875,0.96875,,0.8075453956196023,0.01559437538826568,,0.9,0.9,0.04069963260055043,,7989.178582739822,,,0.03198660819620306,4,7989.178582739822,,,,general_stdp,,0.0065759573567072726,fixed_activity,0.9878520508494898,0.03125,0.0
,1.5,0.5,-0.5864737272143737,shared_background,0.0,0.171875,,0.367834519590639,0.016022292329911675,,0.9,0.1,0.022606002850173064,,7989.178582739822,,,0.01830964411755582,4,15444.450425655343,,,,general_stdp,,0.006054590201713879,fixed_activity,0.9659584864926878,0.8046875,0.0
,1.0,1.0,0.6403412108896518,shared_background,0.3046875,0.953125,,0.8185433446895811,0.014643939733536693,,0.9,0.1,0.03727112667038068,,7989.178582739822,,,0.028668616423833605,4,15444.450425655343,,,,general_stdp,,0.005533223046720486,fixed_activity,0.989840817797789,0.046875,0.0
,0.5,1.5,0.6387401989595562,shared_background,0.3046875,0.984375,,0.8120978737464806,0.014672111607908612,,0.9,0.1,0.0955532693583011,,7989.178582739822,,,0.07363954284183184,4,15444.450425655343,,,,general_stdp,,0.005011855891727094,fixed_activity,0.9987342618131485,0.015625,0.0
,1.5,0.5,-0.6387401989595562,shared_background,0.0,0.140625,,0.40399877366946346,0.019300226161255558,,0.1,0.9,0.0955532693583011,,15444.450425655343,,,0.07363954284183184,4,7989.178582739822,,,,general_stdp,,0.005011855891727094,fixed_activity,0.9987342618131485,0.859375,0.0
,1.0,1.0,-0.6403412108896518,shared_background,0.0,0.1328125,,0.37827455043961666,0.01867385431731259,,0.1,0.9,0.03727112667038068,,15444.450425655343,,,0.028668616423833605,4,7989.178582739822,,,,general_stdp,,0.005533223046720486,fixed_activity,0.989840817797789,0.8671875,0.0
,0.5,1.5,0.5864737272143737,shared_background,0.234375,0.96875,,0.7922326752852947,0.0153187421395751,,0.1,0.9,0.022606002850173064,,15444.450425655343,,,0.01830964411755582,4,7989.178582739822,,,,general_stdp,,0.006054590201713879,fixed_activity,0.9659584864926878,0.0234375,0.0
,,,,canonical_hopfield,0.6875,0.984375,,0.9541440664759647,0.007694905778080726,,,,,,,,,,8,,,,,hebb,,,fixed_activity,,0.015625,0.0
,1.0,1.0,1.0,static,0.6875,0.984375,,0.9541440664759647,0.007694905778080726,,0.1,0.1,0.0869116622079021,,16818.3560271743,,,1.2469179352762401e-17,8,16818.3560271743,,,,hebb,,0.0,fixed_activity,1.0,0.015625,0.0
,1.0,1.0,0.0,static,0.0,1.0,,0.0,0.0,,0.1,0.1,0.0,,16818.3560271743,,,0.0,8,16818.3560271743,,,,balanced_stdp,,0.0,fixed_activity,0.0,0.0,1.0
,1.0,1.0,0.0,static,0.0,1.0,,0.0,0.0,,0.9,0.9,0.0,,8870.701528524478,,,0.0,8,8870.701528524478,,,,balanced_stdp,,0.0,fixed_activity,0.0,0.0,1.0
,1.5,0.5,-1.0,static,0.0,0.140625,,0.4254055935303517,0.01786632897902851,,0.1,0.1,0.08087613011013113,,16818.3560271743,,,1.089127361362544e-17,8,16818.3560271743,,,,general_stdp,,0.0,fixed_activity,1.0,0.8515625,0.0
,1.0,1.0,0.0,static,0.0,1.0,,0.0,0.0,,0.1,0.1,0.0,,16818.3560271743,,,0.0,8,16818.3560271743,,,,general_stdp,,0.0,fixed_activity,0.0,0.0,1.0
,0.5,1.5,1.0,static,0.6875,0.984375,,0.9541440664759647,0.007694905778080726,,0.1,0.1,0.08087613011013113,,16818.3560271743,,,1.089127361362544e-17,8,16818.3560271743,,,,general_stdp,,0.0,fixed_activity,1.0,0.015625,0.0
,1.5,0.5,-1.0,static,0.0,0.140625,,0.4254055935303517,0.01786632897902851,,0.9,0.9,0.04265743987283291,,8870.701528524478,,,5.1525097032736435e-18,8,8870.701528524478,,,,general_stdp,,0.0,fixed_activity,1.0,0.8515625,0.0
,1.0,1.0,0.0,static,0.0,1.0,,0.0,0.0,,0.9,0.9,0.0,,8870.701528524478,,,0.0,8,8870.701528524478,,,,general_stdp,,0.0,fixed_activity,0.0,0.0,1.0
,0.5,1.5,1.0,static,0.6875,0.984375,,0.9541440664759647,0.007694905778080726,,0.9,0.9,0.04265743987283291,,8870.701528524478,,,5.1525097032736435e-18,8,8870.701528524478,,,,general_stdp,,0.0,fixed_activity,1.0,0.015625,0.0
,1.5,0.5,-1.0,static,0.0,0.140625,,0.4254055935303517,0.01786632897902851,,0.9,0.1,0.023548094754183808,,8870.701528524478,,,4.5360484719136095e-18,8,16818.3560271743,,,,general_stdp,,0.0,fixed_activity,1.0,0.8515625,0.0
,1.0,1.0,1.0,static,0.6875,0.984375,,0.9541440664759647,0.007694905778080726,,0.9,0.1,0.03821869023729821,,8870.701528524478,,,6.129771383376783e-18,8,16818.3560271743,,,,general_stdp,,0.0,fixed_activity,1.0,0.015625,0.0
,0.5,1.5,1.0,static,0.6875,0.984375,,0.9541440664759647,0.007694905778080726,,0.9,0.1,0.09998547522878022,,8870.701528524478,,,1.4588605556301985e-17,8,16818.3560271743,,,,general_stdp,,0.0,fixed_activity,1.0,0.015625,0.0
,1.5,0.5,-1.0,static,0.0,0.140625,,0.4254055935303517,0.01786632897902851,,0.1,0.9,0.09998547522878022,,16818.3560271743,,,1.4588605556301985e-17,8,8870.701528524478,,,,general_stdp,,0.0,fixed_activity,1.0,0.8515625,0.0
,1.0,1.0,-1.0,static,0.0,0.140625,,0.4254055935303517,0.01786632897902851,,0.1,0.9,0.03821869023729821,,16818.3560271743,,,6.129771383376783e-18,8,8870.701528524478,,,,general_stdp,,0.0,fixed_activity,1.0,0.8515625,0.0
,0.5,1.5,1.0,static,0.6875,0.984375,,0.9541440664759647,0.007694905778080726,,0.1,0.9,0.023548094754183808,,16818.3560271743,,,4.5360484719136095e-18,8,8870.701528524478,,,,general_stdp,,0.0,fixed_activity,1.0,0.015625,0.0
,1.0,1.0,0.9944875818521004,settling,0.6796875,0.96875,,0.9462306715928765,0.009549188852964914,,0.1,0.1,0.074198363975854,,14988.504445840317,,,0.007770322854294925,8,14988.504445840317,,,,hebb,,0.0,fixed_activity,1.0,0.03125,0.0
,1.0,1.0,3.658975351481553e-19,settling,0.0,0.140625,,0.49604947476494743,0.013127980280908195,,0.1,0.1,0.004887965855966124,,14988.504445840317,,,0.004887965855966124,8,14988.504445840317,,,,balanced_stdp,,0.004887965855966124,fixed_activity,0.0,0.0,0.0
,1.0,1.0,6.409637430735154e-19,settling,0.0,0.140625,,0.49604947476494743,0.013127980280908195,,0.9,0.9,0.007158030431505916,,7642.381291798057,,,0.007158030431505916,8,7642.381291798057,,,,balanced_stdp,,0.007158030431505916,fixed_activity,0.0,0.0,0.0
,1.5,0.5,-0.9929231113767529,settling,0.0,0.140625,,0.43861082342875346,0.018570490894964306,,0.1,0.1,0.07040175460422926,,14988.504445840317,,,0.008347634184684021,8,14988.504445840317,,,,general_stdp,,0.004887965855966124,fixed_activity,0.9980927531286623,0.8515625,0.0
,1.0,1.0,3.658975351481553e-19,settling,0.0,0.140625,,0.49604947476494743,0.013127980280908195,,0.1,0.1,0.004887965855966124,,14988.504445840317,,,0.004887965855966124,8,14988.504445840317,,,,general_stdp,,0.004887965855966124,fixed_activity,0.0,0.0,0.0
,0.5,1.5,0.9929231113767529,settling,0.6875,0.9765625,,0.9480584910620103,0.009543037461944744,,0.1,0.1,0.07040175460422926,,14988.504445840317,,,0.008347634184684021,8,14988.504445840317,,,,general_stdp,,0.004887965855966124,fixed_activity,0.9980927531286623,0.0234375,0.0
,1.5,0.5,-0.9732875601066777,settling,0.0,0.125,,0.4291495832571926,0.018759451569213575,,0.9,0.9,0.03690175792218221,,7642.381291798057,,,0.00845810026573543,8,7642.381291798057,,,,general_stdp,,0.007158030431505917,fixed_activity,0.9848095942988883,0.875,0.0
,1.0,1.0,6.409637430735154e-19,settling,0.0,0.140625,,0.49604947476494743,0.013127980280908195,,0.9,0.9,0.007158030431505916,,7642.381291798057,,,0.007158030431505916,8,7642.381291798057,,,,general_stdp,,0.007158030431505916,fixed_activity,0.0,0.0,0.0
,0.5,1.5,0.9732875601066777,settling,0.640625,0.9765625,,0.9419429590219184,0.00924759815583676,,0.9,0.9,0.03690175792218221,,7642.381291798057,,,0.00845810026573543,8,7642.381291798057,,,,general_stdp,,0.007158030431505917,fixed_activity,0.9848095942988883,0.0234375,0.0
,1.5,0.5,-0.9302952112741425,settling,0.0,0.1640625,,0.41488851376682745,0.017260948863797813,,0.9,0.1,0.020340268718244913,,7642.381291798057,,,0.007449649688705021,8,14988.504445840317,,,,general_stdp,,0.006590514287620968,fixed_activity,0.9558592055340438,0.8203125,0.0
,1.0,1.0,0.9821306559394369,settling,0.6328125,0.9765625,,0.9396436963892338,0.009493328216160498,,0.9,0.1,0.03460256149234648,,7642.381291798057,,,0.006502520983380339,8,14988.504445840317,,,,general_stdp,,0.00602299814373602,fixed_activity,0.9879720781561241,0.0234375,0.0
,0.5,1.5,0.993892569867739,settling,0.6796875,0.9765625,,0.9471877480279547,0.009547791479206518,,0.9,0.1,0.0874304234401154,,7642.381291798057,,,0.009633386601319238,8,14988.504445840317,,,,general_stdp,,0.0054554819998510725,fixed_activity,0.9984622546551911,0.0234375,0.0
,1.5,0.5,-0.993892569867739,settling,0.0,0.140625,,0.4386323171488492,0.018619660628357647,,0.1,0.9,0.0874304234401154,,14988.504445840317,,,0.009633386601319238,8,7642.381291798057,,,,general_stdp,,0.0054554819998510725,fixed_activity,0.9984622546551911,0.84375,0.0
,1.0,1.0,-0.9821306559394369,settling,0.0,0.125,,0.43592990559116235,0.01842396143385595,,0.1,0.9,0.03460256149234648,,14988.504445840317,,,0.006502520983380339,8,7642.381291798057,,,,general_stdp,,0.00602299814373602,fixed_activity,0.9879720781561241,0.8671875,0.0
,0.5,1.5,0.9302952112741425,settling,0.5625,0.9765625,,0.9217376788091403,0.01081779927989634,,0.1,0.9,0.020340268718244913,,14988.504445840317,,,0.007449649688705021,8,7642.381291798057,,,,general_stdp,,0.006590514287620968,fixed_activity,0.9558592055340438,0.0234375,0.0
,1.0,1.0,0.9694859383080724,noisy_settling,0.5703125,0.9765625,,0.9323549784986149,0.009597434266029742,,0.1,0.1,0.07578630787575824,,16393.680364937987,,,0.01854350165084115,8,16393.680364937987,,,,hebb,,0.0,fixed_activity,1.0,0.0234375,0.0
,1.0,1.0,-2.547528303117535e-19,noisy_settling,0.0,0.078125,,0.49491226911015757,0.013087025537626409,,0.1,0.1,0.006657966259105249,,16393.680364937987,,,0.006657966259105249,8,16393.680364937987,,,,balanced_stdp,,0.006657966259105249,fixed_activity,0.0,0.0,0.0
,1.0,1.0,-2.7862833560991605e-19,noisy_settling,0.0078125,0.078125,,0.467927531066983,0.014629437386329337,,0.9,0.9,0.010196688013706457,,8112.547155961076,,,0.010196688013706457,8,8112.547155961076,,,,balanced_stdp,,0.010196688013706457,fixed_activity,0.0,0.0,0.0
,1.5,0.5,-0.965575088472203,noisy_settling,0.0,0.15625,,0.4397702689749299,0.018334627493614045,,0.1,0.1,0.07208015042141894,,16393.680364937987,,,0.01871414768575373,8,16393.680364937987,,,,general_stdp,,0.006657966259105249,fixed_activity,0.9966732240590839,0.84375,0.0
,1.0,1.0,-2.547528303117535e-19,noisy_settling,0.0,0.078125,,0.49491226911015757,0.013087025537626409,,0.1,0.1,0.006657966259105249,,16393.680364937987,,,0.006657966259105249,8,16393.680364937987,,,,general_stdp,,0.006657966259105249,fixed_activity,0.0,0.0,0.0
,0.5,1.5,0.965575088472203,noisy_settling,0.5390625,0.9609375,,0.9342259834785956,0.009129680747849896,,0.1,0.1,0.07208015042141894,,16393.680364937987,,,0.01871414768575373,8,16393.680364937987,,,,general_stdp,,0.006657966259105249,fixed_activity,0.9966732240590839,0.0390625,0.0
,1.5,0.5,-0.9326771830713912,noisy_settling,0.0,0.15625,,0.4277852952337158,0.01770083435787442,,0.9,0.9,0.03834749923645855,,8112.547155961076,,,0.01380919473363192,8,8112.547155961076,,,,general_stdp,,0.010196688013706457,fixed_activity,0.9711207990313202,0.84375,0.0
,1.0,1.0,-2.7862833560991605e-19,noisy_settling,0.0078125,0.078125,,0.467927531066983,0.014629437386329337,,0.9,0.9,0.010196688013706457,,8112.547155961076,,,0.010196688013706457,8,8112.547155961076,,,,general_stdp,,0.010196688013706457,fixed_activity,0.0,0.0,0.0
,0.5,1.5,0.9326771830713912,noisy_settling,0.5390625,0.9453125,,0.9279494217405402,0.009662735776496493,,0.9,0.9,0.03834749923645855,,8112.547155961076,,,0.01380919473363192,8,8112.547155961076,,,,general_stdp,,0.010196688013706457,fixed_activity,0.9711207990313201,0.0546875,0.0
,1.5,0.5,-0.8687608861844073,noisy_settling,0.0,0.1953125,,0.39181554881414593,0.017319653741019507,,0.9,0.1,0.021698610897907252,,8112.547155961076,,,0.010732253630936148,8,16393.680364937987,,,,general_stdp,,0.009147623008717114,fixed_activity,0.9212624383601434,0.71875,0.0
,1.0,1.0,0.9439362101693622,noisy_settling,0.5234375,0.9609375,,0.9305705698280801,0.009462221072801357,,0.9,0.1,0.035835801837276075,,8112.547155961076,,,0.011809371998741549,8,16393.680364937987,,,,general_stdp,,0.008183756564456154,fixed_activity,0.9797513566660847,0.03125,0.0
,0.5,1.5,0.9666297920148564,noisy_settling,0.5390625,0.9765625,,0.9350091914986458,0.009104229955211781,,0.9,0.1,0.08950044908646762,,8112.547155961076,,,0.022884450931508753,8,16393.680364937987,,,,general_stdp,,0.007338735643070286,fixed_activity,0.9973925121028833,0.0234375,0.0
,1.5,0.5,-0.9666297920148564,noisy_settling,0.0,0.15625,,0.440054980943925,0.01827275703367353,,0.1,0.9,0.08950044908646762,,16393.680364937987,,,0.022884450931508753,8,8112.547155961076,,,,general_stdp,,0.007338735643070286,fixed_activity,0.9973925121028833,0.84375,0.0
,1.0,1.0,-0.9439362101693621,noisy_settling,0.0,0.15625,,0.4278658285070944,0.017813091984884056,,0.1,0.9,0.035835801837276075,,16393.680364937987,,,0.011809371998741549,8,8112.547155961076,,,,general_stdp,,0.008183756564456154,fixed_activity,0.9797513566660847,0.828125,0.0
,0.5,1.5,0.8687608861844073,noisy_settling,0.40625,0.9609375,,0.9041458307881489,0.010685940045659982,,0.1,0.9,0.021698610897907252,,16393.680364937987,,,0.010732253630936148,8,8112.547155961076,,,,general_stdp,,0.009147623008717114,fixed_activity,0.9212624383601434,0.03125,0.0
,1.0,1.0,0.559759939886862,shared_background,0.0546875,0.96875,,0.6623298981827426,0.01565807569822902,,0.1,0.1,0.13399407835148128,,25705.653139757822,,,0.11131820776119664,8,25705.653139757822,,,,hebb,,0.0,fixed_activity,1.0,0.03125,0.0
,1.0,1.0,5.904955730935566e-19,shared_background,0.0,0.109375,,0.48572465499165873,0.013025107603918475,,0.1,0.1,0.0064020816720636396,,25705.653139757822,,,0.0064020816720636396,8,25705.653139757822,,,,balanced_stdp,,0.0064020816720636396,fixed_activity,0.0,0.0,0.0
,1.0,1.0,-2.9582063135255887e-19,shared_background,0.0,0.109375,,0.48572465499165873,0.013025107603918475,,0.9,0.9,0.00937533051252464,,13336.083065775938,,,0.00937533051252464,8,13336.08306577594,,,,balanced_stdp,,0.00937533051252464,fixed_activity,0.0,0.0,0.0
,1.5,0.5,-0.5639671272187984,shared_background,0.0,0.0625,,0.4577625116246198,0.015146576030033741,,0.1,0.1,0.12597776818197248,,25705.653139757822,,,0.1043078287194772,8,25705.653139757822,,,,general_stdp,,0.0064020816720636396,fixed_activity,0.9988639200534153,0.9375,0.0
,1.0,1.0,5.904955730935566e-19,shared_background,0.0,0.109375,,0.48572465499165873,0.013025107603918475,,0.1,0.1,0.0064020816720636396,,25705.653139757822,,,0.0064020816720636396,8,25705.653139757822,,,,general_stdp,,0.0064020816720636396,fixed_activity,0.0,0.0,0.0
,0.5,1.5,0.5639671272187984,shared_background,0.0703125,0.9765625,,0.6611052082229882,0.01553533053994003,,0.1,0.1,0.12597776818197248,,25705.653139757822,,,0.10430782871947719,8,25705.653139757822,,,,general_stdp,,0.0064020816720636396,fixed_activity,0.9988639200534154,0.0234375,0.0
,1.5,0.5,-0.5490719530665753,shared_background,0.0,0.0703125,,0.4568856276619193,0.01478332239739256,,0.9,0.9,0.06646398409031257,,13336.083065775938,,,0.055667701596477735,8,13336.08306577594,,,,general_stdp,,0.00937533051252464,fixed_activity,0.9911459311445944,0.921875,0.0
,1.0,1.0,-2.9582063135255887e-19,shared_background,0.0,0.109375,,0.48572465499165873,0.013025107603918475,,0.9,0.9,0.00937533051252464,,13336.083065775938,,,0.00937533051252464,8,13336.08306577594,,,,general_stdp,,0.00937533051252464,fixed_activity,0.0,0.0,0.0
,0.5,1.5,0.5490719530665753,shared_background,0.0546875,0.96875,,0.6576144856914135,0.014733491399626228,,0.9,0.9,0.06646398409031255,,13336.083065775938,,,0.055667701596477735,8,13336.08306577594,,,,general_stdp,,0.00937533051252464,fixed_activity,0.9911459311445943,0.03125,0.0
,1.5,0.5,-0.521312709626748,shared_background,0.0,0.0625,,0.44274474581441736,0.01499123053495028,,0.9,0.1,0.036856839168133065,,13336.083065775938,,,0.03149259937326162,8,25705.653139757822,,,,general_stdp,,0.00863201830240939,fixed_activity,0.9750668657576764,0.921875,0.0
,1.0,1.0,0.5700218531162482,shared_background,0.078125,0.9609375,,0.6721915379498704,0.014866651823107958,,0.9,0.1,0.06056344101992655,,13336.083065775938,,,0.049893484025664986,8,25705.653139757822,,,,general_stdp,,0.007888706092294138,fixed_activity,0.9925522645195173,0.0390625,0.0
,0.5,1.5,0.5661470592201157,shared_background,0.0703125,0.96875,,0.660974999889655,0.015559139330980784,,0.9,0.1,0.15599572315322477,,13336.083065775938,,,0.12893645464446554,8,25705.653139757822,,,,general_stdp,,0.00714539388217889,fixed_activity,0.9990783768250822,0.03125,0.0
,1.5,0.5,-0.5661470592201157,shared_background,0.0,0.0625,,0.45308896251747693,0.015093956735898882,,0.1,0.9,0.15599572315322477,,25705.653139757822,,,0.12893645464446554,8,13336.08306577594,,,,general_stdp,,0.00714539388217889,fixed_activity,0.9990783768250822,0.9375,0.0
,1.0,1.0,-0.5700218531162481,shared_background,0.0,0.0625,,0.4502563419552583,0.014846999602047764,,0.1,0.9,0.06056344101992655,,25705.653139757822,,,0.049893484025664986,8,13336.08306577594,,,,general_stdp,,0.007888706092294138,fixed_activity,0.9925522645195173,0.9375,0.0
,0.5,1.5,0.521312709626748,shared_background,0.0546875,0.9609375,,0.654459596889877,0.014763018463486167,,0.1,0.9,0.036856839168133065,,25705.653139757822,,,0.03149259937326162,8,13336.08306577594,,,,general_stdp,,0.00863201830240939,fixed_activity,0.9750668657576764,0.0390625,0.0
,,,,canonical_hopfield,0.1015625,0.921875,,0.7977087394460269,0.012264872913543017,,,,,,,,,,16,,,,,hebb,,,fixed_activity,,0.078125,0.0004725897920604915
,1.0,1.0,1.0,static,0.1015625,0.921875,,0.7977087394460269,0.012264872913543017,,0.1,0.1,0.12313573141821262,,26145.329786209037,,,1.7837864867643216e-17,16,26145.329786209037,,,,hebb,,0.0,fixed_activity,1.0,0.078125,0.0004725897920604915
,1.0,1.0,0.0,static,0.0,1.0,,0.0,0.0,,0.1,0.1,0.0,,26145.329786209037,,,0.0,16,26145.329786209037,,,,balanced_stdp,,0.0,fixed_activity,0.0,0.0,1.0
,1.0,1.0,0.0,static,0.0,1.0,,0.0,0.0,,0.9,0.9,0.0,,13790.135999235823,,,0.0,16,13790.135999235823,,,,balanced_stdp,,0.0,fixed_activity,0.0,0.0,1.0
,1.5,0.5,-1.0,static,0.0,0.265625,,0.36577330117708984,0.014436230716352012,,0.1,0.1,0.11458463895861452,,26145.329786209037,,,1.4254268477934596e-17,16,26145.329786209037,,,,general_stdp,,0.0,fixed_activity,1.0,0.734375,0.0004725897920604915
,1.0,1.0,0.0,static,0.0,1.0,,0.0,0.0,,0.1,0.1,0.0,,26145.329786209037,,,0.0,16,26145.329786209037,,,,general_stdp,,0.0,fixed_activity,0.0,0.0,1.0
,0.5,1.5,1.0,static,0.1015625,0.921875,,0.7977087394460269,0.012264872913543017,,0.1,0.1,0.11458463895861452,,26145.329786209037,,,1.4254268477934596e-17,16,26145.329786209037,,,,general_stdp,,0.0,fixed_activity,1.0,0.078125,0.0004725897920604915
,1.5,0.5,-1.0,static,0.0,0.265625,,0.36577330117708984,0.014436230716352012,,0.9,0.9,0.06043671154976633,,13790.135999235823,,,8.73113952833701e-18,16,13790.135999235823,,,,general_stdp,,0.0,fixed_activity,1.0,0.734375,0.0004725897920604915
,1.0,1.0,0.0,static,0.0,1.0,,0.0,0.0,,0.9,0.9,0.0,,13790.135999235823,,,0.0,16,13790.135999235823,,,,general_stdp,,0.0,fixed_activity,0.0,0.0,1.0
,0.5,1.5,1.0,static,0.1015625,0.921875,,0.7977087394460269,0.012264872913543017,,0.9,0.9,0.06043671154976633,,13790.135999235823,,,8.73113952833701e-18,16,13790.135999235823,,,,general_stdp,,0.0,fixed_activity,1.0,0.078125,0.0004725897920604915
,1.5,0.5,-1.0,static,0.0,0.265625,,0.36577330117708984,0.014436230716352012,,0.9,0.1,0.033362747845342246,,13790.135999235823,,,7.10732021121869e-18,16,26145.329786209037,,,,general_stdp,,0.0,fixed_activity,1.0,0.734375,0.0004725897920604915
,1.0,1.0,1.0,static,0.1015625,0.921875,,0.7977087394460269,0.012264872913543017,,0.9,0.1,0.05414792740884818,,13790.135999235823,,,8.760155611220964e-18,16,26145.329786209037,,,,general_stdp,,0.0,fixed_activity,1.0,0.078125,0.0004725897920604915
,0.5,1.5,1.0,static,0.1015625,0.921875,,0.7977087394460269,0.012264872913543017,,0.9,0.1,0.14165860266303862,,13790.135999235823,,,2.4499567275745384e-17,16,26145.329786209037,,,,general_stdp,,0.0,fixed_activity,1.0,0.078125,0.0004725897920604915
,1.5,0.5,-1.0,static,0.0,0.265625,,0.36577330117708984,0.014436230716352012,,0.1,0.9,0.14165860266303862,,26145.329786209037,,,2.4499567275745384e-17,16,13790.135999235823,,,,general_stdp,,0.0,fixed_activity,1.0,0.734375,0.0004725897920604915
,1.0,1.0,-1.0,static,0.0,0.265625,,0.36577330117708984,0.014436230716352012,,0.1,0.9,0.05414792740884818,,26145.329786209037,,,8.760155611220964e-18,16,13790.135999235823,,,,general_stdp,,0.0,fixed_activity,1.0,0.734375,0.0004725897920604915
,0.5,1.5,1.0,static,0.1015625,0.921875,,0.7977087394460269,0.012264872913543017,,0.1,0.9,0.033362747845342246,,26145.329786209037,,,7.10732021121869e-18,16,13790.135999235823,,,,general_stdp,,0.0,fixed_activity,1.0,0.078125,0.0004725897920604915
,1.0,1.0,0.9944107008232441,settling,0.09375,0.8671875,,0.7798212632424157,0.013471876568233693,,0.1,0.1,0.10495767468136138,,23255.78315714343,,,0.011066915799470134,16,23255.78315714343,,,,hebb,,0.0,fixed_activity,1.0,0.1328125,0.0
,1.0,1.0,3.7049239369850104e-19,settling,0.0,0.0859375,,0.4812695324301419,0.01203568002282032,,0.1,0.1,0.006955767161252209,,23255.78315714343,,,0.006955767161252209,16,23255.78315714343,,,,balanced_stdp,,0.006955767161252209,fixed_activity,0.0,0.0,0.0
,1.0,1.0,1.915294284969578e-19,settling,0.0,0.0859375,,0.4812695324301419,0.01203568002282032,,0.9,0.9,0.010186158103772547,,11841.003735919541,,,0.010186158103772547,16,11841.003735919541,,,,balanced_stdp,,0.010186158103772547,fixed_activity,0.0,0.0,0.0
,1.5,0.5,-0.9928327685141649,settling,0.0,0.2109375,,0.37468356555476345,0.014008350892434181,,0.1,0.1,0.09961454177190658,,23255.78315714343,,,0.011888185954398415,16,23255.78315714343,,,,general_stdp,,0.006955767161252209,fixed_activity,0.9984073971056797,0.7890625,0.0
,1.0,1.0,3.7049239369850104e-19,settling,0.0,0.0859375,,0.4812695324301419,0.01203568002282032,,0.1,0.1,0.006955767161252209,,23255.78315714343,,,0.006955767161252209,16,23255.78315714343,,,,general_stdp,,0.006955767161252209,fixed_activity,0.0,0.0,0.0
,0.5,1.5,0.992832768514165,settling,0.1015625,0.8828125,,0.7833913687927387,0.013462154284153302,,0.1,0.1,0.09961454177190658,,23255.78315714343,,,0.011888185954398415,16,23255.78315714343,,,,general_stdp,,0.006955767161252209,fixed_activity,0.9984073971056797,0.1171875,0.0
,1.5,0.5,-0.9729674693058761,settling,0.0,0.21875,,0.3599997574647832,0.012965033963524452,,0.9,0.9,0.052217812928456224,,11841.003735919541,,,0.012043131154042508,16,11841.003735919541,,,,general_stdp,,0.010186158103772547,fixed_activity,0.9872095544809996,0.765625,0.0
,1.0,1.0,1.915294284969578e-19,settling,0.0,0.0859375,,0.4812695324301419,0.01203568002282032,,0.9,0.9,0.010186158103772547,,11841.003735919541,,,0.010186158103772547,16,11841.003735919541,,,,general_stdp,,0.010186158103772547,fixed_activity,0.0,0.0,0.0
,0.5,1.5,0.972967469305876,settling,0.078125,0.875,,0.776251131732764,0.01401268869266619,,0.9,0.9,0.05221781292845623,,11841.003735919541,,,0.012043131154042507,16,11841.003735919541,,,,general_stdp,,0.010186158103772547,fixed_activity,0.9872095544809996,0.125,0.0
,1.5,0.5,-0.929467661035914,settling,0.0,0.1796875,,0.35482418472403354,0.013751745703758235,,0.9,0.1,0.0287899843982567,,11841.003735919541,,,0.01060862896791956,16,23255.78315714343,,,,general_stdp,,0.009378560368142462,fixed_activity,0.9622138102291252,0.7734375,0.0
,1.0,1.0,0.9819368842313515,settling,0.0859375,0.8515625,,0.7813567847280747,0.01306204491210901,,0.9,0.1,0.048975173575289445,,11841.003735919541,,,0.009254621329246307,16,23255.78315714343,,,,general_stdp,,0.008570962632512377,fixed_activity,0.9899799023875098,0.1484375,0.0
,0.5,1.5,0.9938154193508978,settling,0.1015625,0.8828125,,0.7836840160051324,0.01326320552396415,,0.9,0.1,0.12371192251603498,,11841.003735919541,,,0.013718221580620416,16,23255.78315714343,,,,general_stdp,,0.007763364896882293,fixed_activity,0.9987173488971489,0.1171875,0.0
,1.5,0.5,-0.9938154193508978,settling,0.0,0.2265625,,0.37435211307245475,0.013854352581804985,,0.1,0.9,0.123711922516035,,23255.78315714343,,,0.013718221580620416,16,11841.003735919541,,,,general_stdp,,0.007763364896882293,fixed_activity,0.9987173488971489,0.7734375,0.0
,1.0,1.0,-0.9819368842313515,settling,0.0,0.1953125,,0.3759379074063556,0.01364282470777856,,0.1,0.9,0.048975173575289445,,23255.78315714343,,,0.009254621329246307,16,11841.003735919541,,,,general_stdp,,0.008570962632512377,fixed_activity,0.9899799023875098,0.78125,0.0
,0.5,1.5,0.9294676610359143,settling,0.0546875,0.84375,,0.7643239637712312,0.013279244317769598,,0.1,0.9,0.0287899843982567,,23255.78315714343,,,0.01060862896791956,16,11841.003735919541,,,,general_stdp,,0.009378560368142462,fixed_activity,0.9622138102291252,0.1484375,0.0
,1.0,1.0,0.9693784704063004,noisy_settling,0.09375,0.8359375,,0.7760574038096827,0.013247165069824558,,0.1,0.1,0.10791298248122139,,25437.547825143844,,,0.026463399950405444,16,25437.547825143844,,,,hebb,,0.0,fixed_activity,1.0,0.1640625,0.0
,1.0,1.0,-3.491549166281418e-19,noisy_settling,0.0,0.0703125,,0.4774975559715893,0.012128883841268732,,0.1,0.1,0.009486359325370808,,25437.547825143844,,,0.009486359325370808,16,25437.547825143844,,,,balanced_stdp,,0.009486359325370808,fixed_activity,0.0,0.0,0.0
,1.0,1.0,5.026231499896951e-19,noisy_settling,0.0,0.0703125,,0.48431834884503483,0.012468316357885242,,0.9,0.9,0.014442957106520316,,12562.88320136821,,,0.014442957106520316,16,12562.88320136821,,,,balanced_stdp,,0.014442957106520316,fixed_activity,0.0,0.0,0.0
,1.5,0.5,-0.9654710791779153,noisy_settling,0.0,0.2109375,,0.3716609061336018,0.01494280117236027,,0.1,0.1,0.10266161823932114,,25437.547825143844,,,0.026705232243053302,16,25437.547825143844,,,,general_stdp,,0.009486359325370808,fixed_activity,0.9972728509346753,0.78125,0.0
,1.0,1.0,-3.491549166281418e-19,noisy_settling,0.0,0.0703125,,0.4774975559715893,0.012128883841268732,,0.1,0.1,0.009486359325370808,,25437.547825143844,,,0.009486359325370808,16,25437.547825143844,,,,general_stdp,,0.009486359325370808,fixed_activity,0.0,0.0,0.0
,0.5,1.5,0.9654710791779153,noisy_settling,0.09375,0.8671875,,0.7750771121749982,0.013465703400017688,,0.1,0.1,0.10266161823932113,,25437.547825143844,,,0.026705232243053302,16,25437.547825143844,,,,general_stdp,,0.009486359325370808,fixed_activity,0.9972728509346754,0.1328125,0.0
,1.5,0.5,-0.9328832138369023,noisy_settling,0.0,0.2421875,,0.36604004354165515,0.013639721876696995,,0.9,0.9,0.054588973394647876,,12562.88320136821,,,0.0196331914099001,16,12562.88320136821,,,,general_stdp,,0.014442957106520316,fixed_activity,0.9760848871983812,0.75,0.0
,1.0,1.0,5.026231499896951e-19,noisy_settling,0.0,0.0703125,,0.48431834884503483,0.012468316357885242,,0.9,0.9,0.014442957106520316,,12562.88320136821,,,0.014442957106520316,16,12562.88320136821,,,,general_stdp,,0.014442957106520316,fixed_activity,0.0,0.0,0.0
,0.5,1.5,0.9328832138369022,noisy_settling,0.078125,0.8359375,,0.7717916185267397,0.012502573067853103,,0.9,0.9,0.054588973394647876,,12562.88320136821,,,0.0196331914099001,16,12562.88320136821,,,,general_stdp,,0.014442957106520316,fixed_activity,0.9760848871983813,0.15625,0.0
,1.5,0.5,-0.8691866426353347,noisy_settling,0.0,0.2734375,,0.3598430770888501,0.013076323002339714,,0.9,0.1,0.030870121083644154,,12562.88320136821,,,0.0152484777227235,16,25437.547825143844,,,,general_stdp,,0.012971642374566985,fixed_activity,0.932100467951785,0.6171875,0.0
,1.0,1.0,0.9440595026778151,noisy_settling,0.0859375,0.8046875,,0.7713562735074584,0.01283912004684121,,0.9,0.1,0.05103804512079414,,12562.88320136821,,,0.01680613920728788,16,25437.547825143844,,,,general_stdp,,0.01162111605696707,fixed_activity,0.983655614199535,0.1953125,0.0
,0.5,1.5,0.9665486927366636,noisy_settling,0.1015625,0.859375,,0.7784126089285242,0.013320611739367655,,0.9,0.1,0.12747462515059238,,12562.88320136821,,,0.032647243626250835,16,25437.547825143844,,,,general_stdp,,0.010438367091087275,fixed_activity,0.9978758614252277,0.140625,0.0
,1.5,0.5,-0.9665486927366634,noisy_settling,0.0,0.1875,,0.38027860362090554,0.014879403894970625,,0.1,0.9,0.12747462515059238,,25437.547825143844,,,0.032647243626250835,16,12562.88320136821,,,,general_stdp,,0.010438367091087275,fixed_activity,0.9978758614252277,0.8046875,0.0
,1.0,1.0,-0.944059502677815,noisy_settling,0.0,0.234375,,0.3713713668836356,0.014903112261464166,,0.1,0.9,0.05103804512079414,,25437.547825143844,,,0.01680613920728788,16,12562.88320136821,,,,general_stdp,,0.01162111605696707,fixed_activity,0.983655614199535,0.7578125,0.0
,0.5,1.5,0.8691866426353347,noisy_settling,0.0390625,0.8125,,0.7371591175679252,0.01285357060987734,,0.1,0.9,0.030870121083644154,,25437.547825143844,,,0.0152484777227235,16,12562.88320136821,,,,general_stdp,,0.012971642374566985,fixed_activity,0.932100467951785,0.15625,0.0
,1.0,1.0,0.46291937245935194,shared_background,0.0,0.984375,,0.5229871742972982,0.011756885413872084,,0.1,0.1,0.22541963880028776,,44127.47364322019,,,0.20002790083675265,16,44127.47364322019,,,,hebb,,0.0,fixed_activity,1.0,0.015625,0.0
,1.0,1.0,3.2464906012376324e-19,shared_background,0.0,0.03125,,0.49015806050201716,0.011571384007138322,,0.1,0.1,0.009109580653207876,,44127.47364322019,,,0.009109580653207876,16,44127.47364322019,,,,balanced_stdp,,0.009109580653207876,fixed_activity,0.0,0.0,0.0
,1.0,1.0,-6.160972650271837e-19,shared_background,0.0,0.03125,,0.49015806050201716,0.011571384007138322,,0.9,0.9,0.013340243662776405,,22944.47405797954,,,0.013340243662776405,16,22944.47405797954,,,,balanced_stdp,,0.013340243662776405,fixed_activity,0.0,0.0,0.0
,1.5,0.5,-0.46805557567388634,shared_background,0.0,0.078125,,0.45497068403392804,0.014270631146527313,,0.1,0.1,0.21129555849172255,,44127.47364322019,,,0.18694099810001422,16,44127.47364322019,,,,general_stdp,,0.009109580653207876,fixed_activity,0.9992317002279852,0.921875,0.0
,1.0,1.0,3.2464906012376324e-19,shared_background,0.0,0.03125,,0.49015806050201716,0.011571384007138322,,0.1,0.1,0.009109580653207876,,44127.47364322019,,,0.009109580653207876,16,44127.47364322019,,,,general_stdp,,0.009109580653207876,fixed_activity,0.0,0.0,0.0
,0.5,1.5,0.4680555756738863,shared_background,0.0,0.9765625,,0.5259798080274634,0.011622201352316314,,0.1,0.1,0.21129555849172255,,44127.47364322019,,,0.18694099810001422,16,44127.47364322019,,,,general_stdp,,0.009109580653207876,fixed_activity,0.9992317002279852,0.0234375,0.0
,1.5,0.5,-0.4554838671649012,shared_background,0.0,0.0546875,,0.46728320874879653,0.013176023695983143,,0.9,0.9,0.11148653229330324,,22944.47405797954,,,0.09934460322315418,16,22944.47405797954,,,,general_stdp,,0.013340243662776405,fixed_activity,0.9940028558575535,0.9453125,0.0
,1.0,1.0,-6.160972650271837e-19,shared_background,0.0,0.03125,,0.49015806050201716,0.011571384007138322,,0.9,0.9,0.013340243662776405,,22944.47405797954,,,0.013340243662776405,16,22944.47405797954,,,,general_stdp,,0.013340243662776405,fixed_activity,0.0,0.0,0.0
,0.5,1.5,0.4554838671649012,shared_background,0.0,0.9921875,,0.5268125501893585,0.011625843082382679,,0.9,0.9,0.11148653229330324,,22944.47405797954,,,0.09934460322315418,16,22944.47405797954,,,,general_stdp,,0.013340243662776405,fixed_activity,0.9940028558575535,0.0078125,0.0
,1.5,0.5,-0.43261311387801504,shared_background,0.0,0.0859375,,0.4601910998114984,0.012786137720152208,,0.9,0.1,0.061763023423333736,,22944.47405797954,,,0.055716426588852314,16,44127.47364322019,,,,general_stdp,,0.012282577910384274,fixed_activity,0.9830344190854603,0.9140625,0.0
,1.0,1.0,0.4757744456372744,shared_background,0.0,0.9765625,,0.5300826416430436,0.01148671705804018,,0.9,0.1,0.1010794766415891,,22944.47405797954,,,0.08901574006150346,16,44127.47364322019,,,,general_stdp,,0.01122491215799214,fixed_activity,0.9949327301251055,0.0234375,0.0
,0.5,1.5,0.4701462900085483,shared_background,0.0,0.9765625,,0.5255202492039339,0.01159355389745449,,0.9,0.1,0.26151533384380177,,22944.47405797954,,,0.23108864060337442,16,44127.47364322019,,,,general_stdp,,0.010167246405600008,fixed_activity,0.9993764684400872,0.0234375,0.0
,1.5,0.5,-0.4701462900085483,shared_background,0.0,0.078125,,0.452310844679526,0.014540755456194187,,0.1,0.9,0.26151533384380177,,44127.47364322019,,,0.23108864060337442,16,22944.47405797954,,,,general_stdp,,0.010167246405600008,fixed_activity,0.9993764684400873,0.921875,0.0
,1.0,1.0,-0.47577444563727433,shared_background,0.0,0.0625,,0.45775329001046783,0.013591609541420205,,0.1,0.9,0.1010794766415891,,44127.47364322019,,,0.08901574006150346,16,22944.47405797954,,,,general_stdp,,0.01122491215799214,fixed_activity,0.9949327301251054,0.9375,0.0
,0.5,1.5,0.43261311387801504,shared_background,0.0,1.0,,0.5314657799387327,0.011831747455031415,,0.1,0.9,0.061763023423333736,,44127.47364322019,,,0.055716426588852314,16,22944.47405797954,,,,general_stdp,,0.012282577910384274,fixed_activity,0.9830344190854603,0.0,0.0
0.9267578125,1.0,1.0,,,0.140625,,,0.9627277255058289,0.003162137931212783,0.22592496871948242,0.10000000149011612,0.10000000149011612,,0.5062915682792664,,0.25,frozen,,2,,,0.0,4,hebb,0,,learned,,,
0.3692626953125,1.0,1.0,,,0.0,,,0.4976910948753357,0.007591975387185812,1.5263869762420654,0.10000000149011612,0.10000000149011612,,0.5062915682792664,,0.25,zero,,2,,,0.0,4,hebb,0,,learned,,,
0.46734619140625,1.0,1.0,,,0.0,,,0.4990360140800476,0.007621180731803179,1.54939866065979,0.10000000149011612,0.10000000149011612,,0.5062915682792664,,0.25,shuffled,,2,,,0.0,4,hebb,0,,learned,,,
0.9058837890625,1.0,1.0,,,0.08984375,,,0.9391471147537231,0.00313023803755641,0.2817009389400482,0.10000000149011612,0.10000000149011612,,0.5097407102584839,,0.5,frozen,,2,,,0.0,4,hebb,0,,learned,,,
0.40380859375,1.0,1.0,,,0.0,,,0.4998072385787964,0.005551971960812807,1.5108165740966797,0.10000000149011612,0.10000000149011612,,0.5097407102584839,,0.5,zero,,2,,,0.0,4,hebb,0,,learned,,,
0.478759765625,1.0,1.0,,,0.0,,,0.4995405972003937,0.005399327725172043,1.5539969205856323,0.10000000149011612,0.10000000149011612,,0.5097407102584839,,0.5,shuffled,,2,,,0.0,4,hebb,0,,learned,,,
0.87506103515625,1.0,1.0,,,0.056640625,,,0.9028611183166504,0.004241600167006254,0.3730924427509308,0.10000000149011612,0.10000000149011612,,0.5078022480010986,,0.75,frozen,,2,,,0.0,4,hebb,0,,learned,,,
0.44488525390625,1.0,1.0,,,0.0,,,0.5041224360466003,0.004600131418555975,1.512201189994812,0.10000000149011612,0.10000000149011612,,0.5078022480010986,,0.75,zero,,2,,,0.0,4,hebb,0,,learned,,,
0.4969482421875,1.0,1.0,,,0.0,,,0.5013464689254761,0.00460690725594759,1.5395050048828125,0.10000000149011612,0.10000000149011612,,0.5078022480010986,,0.75,shuffled,,2,,,0.0,4,hebb,0,,learned,,,
0.893798828125,1.0,1.0,,,0.05078125,,,0.9259752035140991,0.004729893058538437,0.30099382996559143,0.10000000149011612,0.10000000149011612,,0.44474244117736816,,0.25,frozen,,4,,,0.0,4,hebb,0,,learned,,,
0.361328125,1.0,1.0,,,0.0,,,0.49224498867988586,0.007836153730750084,1.5105071067810059,0.10000000149011612,0.10000000149011612,,0.44474244117736816,,0.25,zero,,4,,,0.0,4,hebb,0,,learned,,,
0.47869873046875,1.0,1.0,,,0.0,,,0.48817217350006104,0.008115763776004314,1.5427974462509155,0.10000000149011612,0.10000000149011612,,0.44474244117736816,,0.25,shuffled,,4,,,0.0,4,hebb,0,,learned,,,
0.86279296875,1.0,1.0,,,0.03515625,,,0.8914155960083008,0.004507520701736212,0.3872500956058502,0.10000000149011612,0.10000000149011612,,0.44416555762290955,,0.5,frozen,,4,,,0.0,4,hebb,0,,learned,,,
0.86322021484375,1.0,1.0,,,0.033203125,,,0.8914316296577454,0.004465705249458551,0.390198677778244,0.10000000149011612,0.10000000149011612,,0.44416555762290955,,0.5,frozen,,4,,,0.0,8,hebb,0,,learned,,,
0.86322021484375,1.0,1.0,,,0.033203125,,,0.8913386464118958,0.004473573062568903,0.3904179632663727,0.10000000149011612,0.10000000149011612,,0.44416555762290955,,0.5,frozen,,4,,,0.0,16,hebb,0,,learned,,,
0.39739990234375,1.0,1.0,,,0.0,,,0.491375207901001,0.005466068629175425,1.5678210258483887,0.10000000149011612,0.10000000149011612,,0.44416555762290955,,0.5,zero,,4,,,0.0,4,hebb,0,,learned,,,
0.4927978515625,1.0,1.0,,,0.0,,,0.49555739760398865,0.0059082177467644215,1.5564414262771606,0.10000000149011612,0.10000000149011612,,0.44416555762290955,,0.5,shuffled,,4,,,0.0,4,hebb,0,,learned,,,
0.79541015625,1.0,1.0,,,0.001953125,,,0.650549054145813,0.005955634173005819,0.9088099002838135,0.10000000149011612,0.10000000149011612,,0.44416555762290955,,0.5,online,,4,,,0.2342258244752884,4,hebb,0,,learned,,,
0.706787109375,1.0,1.0,,,0.0,,,0.8146567344665527,0.004602828994393349,0.5733753442764282,0.10000000149011612,0.10000000149011612,,0.44416555762290955,,0.5,read_gain_control,,4,,0.25,0.0,4,hebb,0,,learned,,,
0.79266357421875,1.0,1.0,,,0.025390625,,,0.7928628921508789,0.006274184212088585,0.6624743342399597,0.10000000149011612,0.10000000149011612,,0.44416555762290955,,0.5,read_gain_control,,4,,4.0,0.0,4,hebb,0,,learned,,,
0.72906494140625,1.0,1.0,,,0.001953125,,,0.7187591791152954,0.00668319221585989,0.85807204246521,0.10000000149011612,0.10000000149011612,,0.44416555762290955,,0.5,read_gain_control,,4,,16.0,0.0,4,hebb,0,,learned,,,
0.806396484375,1.0,1.0,,,0.00390625,,,0.8257185220718384,0.004946790635585785,0.5381624698638916,0.10000000149011612,0.10000000149011612,,0.44343674182891846,,0.75,frozen,,4,,,0.0,4,hebb,0,,learned,,,
0.44384765625,1.0,1.0,,,0.0,,,0.49950042366981506,0.004422545433044434,1.5351109504699707,0.10000000149011612,0.10000000149011612,,0.44343674182891846,,0.75,zero,,4,,,0.0,4,hebb,0,,learned,,,
0.49859619140625,1.0,1.0,,,0.0,,,0.4993465542793274,0.004360832739621401,1.5479792356491089,0.10000000149011612,0.10000000149011612,,0.44343674182891846,,0.75,shuffled,,4,,,0.0,4,hebb,0,,learned,,,
0.8377685546875,1.0,1.0,,,0.009765625,,,0.8679239153862,0.005647897720336914,0.4422834813594818,0.10000000149011612,0.10000000149011612,,0.39733657240867615,,0.25,frozen,,8,,,0.0,4,hebb,0,,learned,,,
0.36871337890625,1.0,1.0,,,0.0,,,0.5098844170570374,0.007656308822333813,1.5119874477386475,0.10000000149011612,0.10000000149011612,,0.39733657240867615,,0.25,zero,,8,,,0.0,4,hebb,0,,learned,,,
0.50286865234375,1.0,1.0,,,0.0,,,0.5082398056983948,0.008029636926949024,1.5047636032104492,0.10000000149011612,0.10000000149011612,,0.39733657240867615,,0.25,shuffled,,8,,,0.0,4,hebb,0,,learned,,,
0.7991943359375,1.0,1.0,,,0.001953125,,,0.8065726161003113,0.005272619891911745,0.5884183645248413,0.10000000149011612,0.10000000149011612,,0.3974287509918213,,0.5,frozen,,8,,,0.0,4,hebb,0,,learned,,,
0.39886474609375,1.0,1.0,,,0.0,,,0.498776912689209,0.0057440586388111115,1.5318248271942139,0.10000000149011612,0.10000000149011612,,0.3974287509918213,,0.5,zero,,8,,,0.0,4,hebb,0,,learned,,,
0.50592041015625,1.0,1.0,,,0.0,,,0.4902254343032837,0.005806628614664078,1.5080924034118652,0.10000000149011612,0.10000000149011612,,0.3974287509918213,,0.5,shuffled,,8,,,0.0,4,hebb,0,,learned,,,
0.7376708984375,1.0,1.0,,,0.0,,,0.7380315065383911,0.004456037655472755,0.7359208464622498,0.10000000149011612,0.10000000149011612,,0.3972338140010834,,0.75,frozen,,8,,,0.0,4,hebb,0,,learned,,,
0.45001220703125,1.0,1.0,,,0.0,,,0.5046945810317993,0.004570366814732552,1.5263272523880005,0.10000000149011612,0.10000000149011612,,0.3972338140010834,,0.75,zero,,8,,,0.0,4,hebb,0,,learned,,,
0.51220703125,1.0,1.0,,,0.0,,,0.49719616770744324,0.004590301774442196,1.4852701425552368,0.10000000149011612,0.10000000149011612,,0.3972338140010834,,0.75,shuffled,,8,,,0.0,4,hebb,0,,learned,,,
0.77569580078125,1.0,1.0,,,0.001953125,,,0.7740564346313477,0.0068995715118944645,0.6483476161956787,0.10000000149011612,0.10000000149011612,,0.3630971312522888,,0.25,frozen,,16,,,0.0,4,hebb,0,,learned,,,
0.3743896484375,1.0,1.0,,,0.0,,,0.5061522126197815,0.007656710222363472,1.5071526765823364,0.10000000149011612,0.10000000149011612,,0.3630971312522888,,0.25,zero,,16,,,0.0,4,hebb,0,,learned,,,
0.54144287109375,1.0,1.0,,,0.0,,,0.4855741262435913,0.008203904144465923,1.4622036218643188,0.10000000149011612,0.10000000149011612,,0.3630971312522888,,0.25,shuffled,,16,,,0.0,4,hebb,0,,learned,,,
0.73406982421875,1.0,1.0,,,0.0,,,0.7253717184066772,0.004932614043354988,0.755186915397644,0.10000000149011612,0.10000000149011612,,0.36556580662727356,,0.5,frozen,,16,,,0.0,4,hebb,0,,learned,,,
0.39617919921875,1.0,1.0,,,0.0,,,0.4845268726348877,0.005633693654090166,1.5760263204574585,0.10000000149011612,0.10000000149011612,,0.36556580662727356,,0.5,zero,,16,,,0.0,4,hebb,0,,learned,,,
0.53564453125,1.0,1.0,,,0.0,,,0.4971873164176941,0.005737717729061842,1.4163764715194702,0.10000000149011612,0.10000000149011612,,0.36556580662727356,,0.5,shuffled,,16,,,0.0,4,hebb,0,,learned,,,
0.69183349609375,1.0,1.0,,,0.0,,,0.6716485619544983,0.004688618704676628,0.8789022564888,0.10000000149011612,0.10000000149011612,,0.36412474513053894,,0.75,frozen,,16,,,0.0,4,hebb,0,,learned,,,
0.44189453125,1.0,1.0,,,0.0,,,0.4944532513618469,0.004592823330312967,1.5330281257629395,0.10000000149011612,0.10000000149011612,,0.36412474513053894,,0.75,zero,,16,,,0.0,4,hebb,0,,learned,,,
0.536376953125,1.0,1.0,,,0.0,,,0.5009881854057312,0.004717304836958647,1.3785440921783447,0.10000000149011612,0.10000000149011612,,0.36412474513053894,,0.75,shuffled,,16,,,0.0,4,hebb,0,,learned,,,
0.801513671875,1.0,1.0,,,0.017578125,,0.1,0.8369136452674866,0.0056746057234704494,0.5257638096809387,0.10000000149011612,0.10000000149011612,,0.4412478804588318,,0.5,frozen,,4,,,0.0,4,hebb,0,,learned,,,
0.7498779296875,1.0,1.0,,,0.0,,,0.7421624064445496,0.0067479172721505165,0.6262468099594116,0.10000000149011612,0.10000000149011612,,0.25071269273757935,,0.25,frozen,,2,,,0.0,4,balanced_stdp,0,,learned,,,
0.63763427734375,1.0,1.0,,,0.0,,,0.5029377937316895,0.007850997149944305,1.3022818565368652,0.10000000149011612,0.10000000149011612,,0.25071269273757935,,0.25,zero,,2,,,0.0,4,balanced_stdp,0,,learned,,,
0.5098876953125,1.0,1.0,,,0.0,,,0.49009400606155396,0.007809726055711508,1.3055779933929443,0.10000000149011612,0.10000000149011612,,0.25071269273757935,,0.25,shuffled,,2,,,0.0,4,balanced_stdp,0,,learned,,,
0.7496337890625,1.0,1.0,,,0.0,,,0.7507594227790833,0.004435730166733265,0.616161584854126,0.10000000149011612,0.10000000149011612,,0.25346747040748596,,0.5,frozen,,2,,,0.0,4,balanced_stdp,0,,learned,,,
0.605712890625,1.0,1.0,,,0.0,,,0.5060890913009644,0.005933175329118967,1.3224525451660156,0.10000000149011612,0.10000000149011612,,0.25346747040748596,,0.5,zero,,2,,,0.0,4,balanced_stdp,0,,learned,,,
0.50543212890625,1.0,1.0,,,0.0,,,0.49509841203689575,0.005804038606584072,1.317102313041687,0.10000000149011612,0.10000000149011612,,0.25346747040748596,,0.5,shuffled,,2,,,0.0,4,balanced_stdp,0,,learned,,,
0.74652099609375,1.0,1.0,,,0.0,,,0.7498446106910706,0.00397307937964797,0.613728404045105,0.10000000149011612,0.10000000149011612,,0.25569021701812744,,0.75,frozen,,2,,,0.0,4,balanced_stdp,0,,learned,,,
0.5665283203125,1.0,1.0,,,0.0,,,0.49807044863700867,0.00479025999084115,1.346693754196167,0.10000000149011612,0.10000000149011612,,0.25569021701812744,,0.75,zero,,2,,,0.0,4,balanced_stdp,0,,learned,,,
0.50830078125,1.0,1.0,,,0.0,,,0.5007082223892212,0.00455164909362793,1.3090952634811401,0.10000000149011612,0.10000000149011612,,0.25569021701812744,,0.75,shuffled,,2,,,0.0,4,balanced_stdp,0,,learned,,,
0.68560791015625,1.0,1.0,,,0.0,,,0.6853280067443848,0.007098423782736063,0.7952673435211182,0.10000000149011612,0.10000000149011612,,0.2212434858083725,,0.25,frozen,,4,,,0.0,4,balanced_stdp,0,,learned,,,
0.6331787109375,1.0,1.0,,,0.0,,,0.49360519647598267,0.007756050210446119,1.3510793447494507,0.10000000149011612,0.10000000149011612,,0.2212434858083725,,0.25,zero,,4,,,0.0,4,balanced_stdp,0,,learned,,,
0.50921630859375,1.0,1.0,,,0.0,,,0.4880353510379791,0.00791628286242485,1.2395877838134766,0.10000000149011612,0.10000000149011612,,0.2212434858083725,,0.25,shuffled,,4,,,0.0,4,balanced_stdp,0,,learned,,,
0.677734375,1.0,1.0,,,0.0,,,0.6736946702003479,0.005147306248545647,0.8163967728614807,0.10000000149011612,0.10000000149011612,,0.2192200869321823,,0.5,frozen,,4,,,0.0,4,balanced_stdp,0,,learned,,,
0.677734375,1.0,1.0,,,0.0,,,0.6736946702003479,0.005147306248545647,0.816391110420227,0.10000000149011612,0.10000000149011612,,0.2192200869321823,,0.5,frozen,,4,,,0.0,8,balanced_stdp,0,,learned,,,
0.677734375,1.0,1.0,,,0.0,,,0.6736946702003479,0.005147306248545647,0.816391110420227,0.10000000149011612,0.10000000149011612,,0.2192200869321823,,0.5,frozen,,4,,,0.0,16,balanced_stdp,0,,learned,,,
0.602783203125,1.0,1.0,,,0.0,,,0.4960162043571472,0.0056373500265181065,1.3481029272079468,0.10000000149011612,0.10000000149011612,,0.2192200869321823,,0.5,zero,,4,,,0.0,4,balanced_stdp,0,,learned,,,
0.5123291015625,1.0,1.0,,,0.0,,,0.5059990882873535,0.005600906442850828,1.1923407316207886,0.10000000149011612,0.10000000149011612,,0.2192200869321823,,0.5,shuffled,,4,,,0.0,4,balanced_stdp,0,,learned,,,
0.76300048828125,1.0,1.0,,,0.0,,,0.6571683883666992,0.005457324907183647,0.8519724011421204,0.10000000149011612,0.10000000149011612,,0.2192200869321823,,0.5,online,,4,,,0.14308184385299683,4,balanced_stdp,0,,learned,,,
0.7001953125,1.0,1.0,,,0.0,,,0.6723923683166504,0.005313349422067404,0.8370427489280701,0.10000000149011612,0.10000000149011612,,0.2192200869321823,,0.5,read_gain_control,,4,,0.25,0.0,4,balanced_stdp,0,,learned,,,
0.6728515625,1.0,1.0,,,0.0,,,0.6764537692070007,0.005114373750984669,0.8146175742149353,0.10000000149011612,0.10000000149011612,,0.2192200869321823,,0.5,read_gain_control,,4,,4.0,0.0,4,balanced_stdp,0,,learned,,,
0.67120361328125,1.0,1.0,,,0.0,,,0.6766825914382935,0.00514253880828619,0.8143748641014099,0.10000000149011612,0.10000000149011612,,0.2192200869321823,,0.5,read_gain_control,,4,,16.0,0.0,4,balanced_stdp,0,,learned,,,
0.67919921875,1.0,1.0,,,0.0,,,0.6796602010726929,0.0041159107349812984,0.8070218563079834,0.10000000149011612,0.10000000149011612,,0.21989640593528748,,0.75,frozen,,4,,,0.0,4,balanced_stdp,0,,learned,,,
0.5582275390625,1.0,1.0,,,0.0,,,0.4849512279033661,0.004423673264682293,1.379477858543396,0.10000000149011612,0.10000000149011612,,0.21989640593528748,,0.75,zero,,4,,,0.0,4,balanced_stdp,0,,learned,,,
0.50189208984375,1.0,1.0,,,0.0,,,0.4995996654033661,0.004986554849892855,1.2132569551467896,0.10000000149011612,0.10000000149011612,,0.21989640593528748,,0.75,shuffled,,4,,,0.0,4,balanced_stdp,0,,learned,,,
0.63458251953125,1.0,1.0,,,0.0,,,0.6186726689338684,0.00783353392034769,0.915123462677002,0.10000000149011612,0.10000000149011612,,0.19152985513210297,,0.25,frozen,,8,,,0.0,4,balanced_stdp,0,,learned,,,
0.6368408203125,1.0,1.0,,,0.0,,,0.4973798990249634,0.007878837175667286,1.332682490348816,0.10000000149011612,0.10000000149011612,,0.19152985513210297,,0.25,zero,,8,,,0.0,4,balanced_stdp,0,,learned,,,
0.50579833984375,1.0,1.0,,,0.0,,,0.49826815724372864,0.007602074649184942,1.1297744512557983,0.10000000149011612,0.10000000149011612,,0.19152985513210297,,0.25,shuffled,,8,,,0.0,4,balanced_stdp,0,,learned,,,
0.62884521484375,1.0,1.0,,,0.0,,,0.6188272833824158,0.005602553021162748,0.9145552515983582,0.10000000149011612,0.10000000149011612,,0.19104604423046112,,0.5,frozen,,8,,,0.0,4,balanced_stdp,0,,learned,,,
0.60009765625,1.0,1.0,,,0.0,,,0.49357062578201294,0.005648865830153227,1.3403847217559814,0.10000000149011612,0.10000000149011612,,0.19104604423046112,,0.5,zero,,8,,,0.0,4,balanced_stdp,0,,learned,,,
0.5072021484375,1.0,1.0,,,0.0,,,0.5004732608795166,0.005852154456079006,1.1181362867355347,0.10000000149011612,0.10000000149011612,,0.19104604423046112,,0.5,shuffled,,8,,,0.0,4,balanced_stdp,0,,learned,,,
0.623779296875,1.0,1.0,,,0.0,,,0.6224359273910522,0.004490927327424288,0.9147201776504517,0.10000000149011612,0.10000000149011612,,0.1905956268310547,,0.75,frozen,,8,,,0.0,4,balanced_stdp,0,,learned,,,
0.5714111328125,1.0,1.0,,,0.0,,,0.502665102481842,0.0043150088749825954,1.3450745344161987,0.10000000149011612,0.10000000149011612,,0.1905956268310547,,0.75,zero,,8,,,0.0,4,balanced_stdp,0,,learned,,,
0.4979248046875,1.0,1.0,,,0.0,,,0.4921494722366333,0.004498916678130627,1.1295684576034546,0.10000000149011612,0.10000000149011612,,0.1905956268310547,,0.75,shuffled,,8,,,0.0,4,balanced_stdp,0,,learned,,,
0.60205078125,1.0,1.0,,,0.0,,,0.5787539482116699,0.007950535975396633,0.9644574522972107,0.10000000149011612,0.10000000149011612,,0.16976958513259888,,0.25,frozen,,16,,,0.0,4,balanced_stdp,0,,learned,,,
0.63970947265625,1.0,1.0,,,0.0,,,0.5149720907211304,0.008028832264244556,1.2952054738998413,0.10000000149011612,0.10000000149011612,,0.16976958513259888,,0.25,zero,,16,,,0.0,4,balanced_stdp,0,,learned,,,
0.51904296875,1.0,1.0,,,0.0,,,0.49362948536872864,0.0075160181149840355,1.0799922943115234,0.10000000149011612,0.10000000149011612,,0.16976958513259888,,0.25,shuffled,,16,,,0.0,4,balanced_stdp,0,,learned,,,
0.590576171875,1.0,1.0,,,0.0,,,0.5771243572235107,0.005733521655201912,0.9651578068733215,0.10000000149011612,0.10000000149011612,,0.1705339401960373,,0.5,frozen,,16,,,0.0,4,balanced_stdp,0,,learned,,,
0.60211181640625,1.0,1.0,,,0.0,,,0.4941907525062561,0.005399793852120638,1.3604177236557007,0.10000000149011612,0.10000000149011612,,0.1705339401960373,,0.5,zero,,16,,,0.0,4,balanced_stdp,0,,learned,,,
0.50982666015625,1.0,1.0,,,0.0,,,0.4946986734867096,0.00567966653034091,1.0753328800201416,0.10000000149011612,0.10000000149011612,,0.1705339401960373,,0.5,shuffled,,16,,,0.0,4,balanced_stdp,0,,learned,,,
0.58984375,1.0,1.0,,,0.0,,,0.5865498185157776,0.004717717412859201,0.9578807353973389,0.10000000149011612,0.10000000149011612,,0.17025814950466156,,0.75,frozen,,16,,,0.0,4,balanced_stdp,0,,learned,,,
0.57196044921875,1.0,1.0,,,0.0,,,0.5010776519775391,0.004759674426168203,1.3379100561141968,0.10000000149011612,0.10000000149011612,,0.17025814950466156,,0.75,zero,,16,,,0.0,4,balanced_stdp,0,,learned,,,
0.50872802734375,1.0,1.0,,,0.0,,,0.5010833740234375,0.004827659111469984,1.0741055011749268,0.10000000149011612,0.10000000149011612,,0.17025814950466156,,0.75,shuffled,,16,,,0.0,4,balanced_stdp,0,,learned,,,
0.6773681640625,1.0,1.0,,,0.0,,0.1,0.6748455166816711,0.005576838739216328,0.8161126375198364,0.10000000149011612,0.10000000149011612,,0.2201697677373886,,0.5,frozen,,4,,,0.0,4,balanced_stdp,0,,learned,,,
0.9373779296875,1.2290143966674805,0.7709856629371643,,,0.224609375,,,0.9384365081787109,0.004202730488032103,0.29524704813957214,0.0959332287311554,0.093660369515419,,0.39379358291625977,,0.25,frozen,,2,,,0.0,4,general_stdp,0,,learned,,,
0.58306884765625,1.2290143966674805,0.7709856629371643,,,0.0,,,0.511552631855011,0.00789223238825798,1.414409875869751,0.0959332287311554,0.093660369515419,,0.39379358291625977,,0.25,zero,,2,,,0.0,4,general_stdp,0,,learned,,,
0.58331298828125,1.2290143966674805,0.7709856629371643,,,0.0,,,0.49590709805488586,0.00775870680809021,1.5709267854690552,0.0959332287311554,0.093660369515419,,0.39379358291625977,,0.25,shuffled,,2,,,0.0,4,general_stdp,0,,learned,,,
0.92938232421875,1.2290143966674805,0.7709856629371643,,,0.1875,,,0.9217222929000854,0.0040891533717513084,0.3252693712711334,0.0959332287311554,0.093660369515419,,0.3941637873649597,,0.5,frozen,,2,,,0.0,4,general_stdp,0,,learned,,,
0.57147216796875,1.2290143966674805,0.7709856629371643,,,0.0,,,0.5080222487449646,0.005669235717505217,1.413975477218628,0.0959332287311554,0.093660369515419,,0.3941637873649597,,0.5,zero,,2,,,0.0,4,general_stdp,0,,learned,,,
0.562744140625,1.2290143966674805,0.7709856629371643,,,0.0,,,0.49986106157302856,0.005486289504915476,1.5626333951950073,0.0959332287311554,0.093660369515419,,0.3941637873649597,,0.5,shuffled,,2,,,0.0,4,general_stdp,0,,learned,,,
0.8958740234375,1.2290143966674805,0.7709856629371643,,,0.142578125,,,0.8899005651473999,0.005291935056447983,0.39508506655693054,0.0959332287311554,0.093660369515419,,0.39764875173568726,,0.75,frozen,,2,,,0.0,4,general_stdp,0,,learned,,,
0.551513671875,1.2290143966674805,0.7709856629371643,,,0.0,,,0.5018309950828552,0.004718103911727667,1.4007660150527954,0.0959332287311554,0.093660369515419,,0.39764875173568726,,0.75,zero,,2,,,0.0,4,general_stdp,0,,learned,,,
0.54046630859375,1.2290143966674805,0.7709856629371643,,,0.0,,,0.5001787543296814,0.004573175683617592,1.5642375946044922,0.0959332287311554,0.093660369515419,,0.39764875173568726,,0.75,shuffled,,2,,,0.0,4,general_stdp,0,,learned,,,
0.90447998046875,1.2290143966674805,0.7709856629371643,,,0.07421875,,,0.885278582572937,0.005612235516309738,0.4133829176425934,0.0959332287311554,0.093660369515419,,0.3201209306716919,,0.25,frozen,,4,,,0.0,4,general_stdp,0,,learned,,,
0.57550048828125,1.2290143966674805,0.7709856629371643,,,0.0,,,0.48882389068603516,0.007744824513792992,1.435684323310852,0.0959332287311554,0.093660369515419,,0.3201209306716919,,0.25,zero,,4,,,0.0,4,general_stdp,0,,learned,,,
0.60333251953125,1.2290143966674805,0.7709856629371643,,,0.0,,,0.49348461627960205,0.007965330965816975,1.5575554370880127,0.0959332287311554,0.093660369515419,,0.3201209306716919,,0.25,shuffled,,4,,,0.0,4,general_stdp,0,,learned,,,
0.88360595703125,1.2290143966674805,0.7709856629371643,,,0.060546875,,,0.8605940937995911,0.00487942062318325,0.4571346938610077,0.0959332287311554,0.093660369515419,,0.32079967856407166,,0.5,frozen,,4,,,0.0,4,general_stdp,0,,learned,,,
0.8785400390625,1.2290143966674805,0.7709856629371643,,,0.05078125,,,0.8549955487251282,0.00503014400601387,0.4681311845779419,0.0959332287311554,0.093660369515419,,0.32079967856407166,,0.5,frozen,,4,,,0.0,8,general_stdp,0,,learned,,,
0.87725830078125,1.2290143966674805,0.7709856629371643,,,0.05078125,,,0.8535916805267334,0.005116654559969902,0.47235459089279175,0.0959332287311554,0.093660369515419,,0.32079967856407166,,0.5,frozen,,4,,,0.0,16,general_stdp,0,,learned,,,
0.5631103515625,1.2290143966674805,0.7709856629371643,,,0.0,,,0.4952649474143982,0.005545866675674915,1.4406596422195435,0.0959332287311554,0.093660369515419,,0.32079967856407166,,0.5,zero,,4,,,0.0,4,general_stdp,0,,learned,,,
0.579345703125,1.2290143966674805,0.7709856629371643,,,0.0,,,0.5005450248718262,0.0057507227174937725,1.5529561042785645,0.0959332287311554,0.093660369515419,,0.32079967856407166,,0.5,shuffled,,4,,,0.0,4,general_stdp,0,,learned,,,
0.86358642578125,1.2290143966674805,0.7709856629371643,,,0.009765625,,,0.7623456716537476,0.005327022168785334,0.6739389896392822,0.0959332287311554,0.093660369515419,,0.32079967856407166,,0.5,online,,4,,,0.18496502935886383,4,general_stdp,0,,learned,,,
0.822265625,1.2290143966674805,0.7709856629371643,,,0.0,,,0.7814362049102783,0.004869802389293909,0.6315210461616516,0.0959332287311554,0.093660369515419,,0.32079967856407166,,0.5,read_gain_control,,4,,0.25,0.0,4,general_stdp,0,,learned,,,
0.85540771484375,1.2290143966674805,0.7709856629371643,,,0.048828125,,,0.8375951051712036,0.00581766152754426,0.5067856311798096,0.0959332287311554,0.093660369515419,,0.32079967856407166,,0.5,read_gain_control,,4,,4.0,0.0,4,general_stdp,0,,learned,,,
0.82489013671875,1.2290143966674805,0.7709856629371643,,,0.03515625,,,0.814344048500061,0.0062800305895507336,0.5728124380111694,0.0959332287311554,0.093660369515419,,0.32079967856407166,,0.5,read_gain_control,,4,,16.0,0.0,4,general_stdp,0,,learned,,,
0.83355712890625,1.2290143966674805,0.7709856629371643,,,0.033203125,,,0.8122187256813049,0.00523313507437706,0.5597893595695496,0.0959332287311554,0.093660369515419,,0.31909215450286865,,0.75,frozen,,4,,,0.0,4,general_stdp,0,,learned,,,
0.54022216796875,1.2290143966674805,0.7709856629371643,,,0.0,,,0.48880836367607117,0.004613117314875126,1.4436306953430176,0.0959332287311554,0.093660369515419,,0.31909215450286865,,0.75,zero,,4,,,0.0,4,general_stdp,0,,learned,,,
0.55413818359375,1.2290143966674805,0.7709856629371643,,,0.0,,,0.5011284947395325,0.004385790321975946,1.571905255317688,0.0959332287311554,0.093660369515419,,0.31909215450286865,,0.75,shuffled,,4,,,0.0,4,general_stdp,0,,learned,,,
0.8526611328125,1.2290143966674805,0.7709856629371643,,,0.013671875,,,0.801024317741394,0.006761517375707626,0.5840176343917847,0.0959332287311554,0.093660369515419,,0.26349321007728577,,0.25,frozen,,8,,,0.0,4,general_stdp,0,,learned,,,
0.58074951171875,1.2290143966674805,0.7709856629371643,,,0.0,,,0.5005053281784058,0.007841483689844608,1.4345552921295166,0.0959332287311554,0.093660369515419,,0.26349321007728577,,0.25,zero,,8,,,0.0,4,general_stdp,0,,learned,,,
0.6282958984375,1.2290143966674805,0.7709856629371643,,,0.0,,,0.495880126953125,0.008193030953407288,1.4954819679260254,0.0959332287311554,0.093660369515419,,0.26349321007728577,,0.25,shuffled,,8,,,0.0,4,general_stdp,0,,learned,,,
0.8282470703125,1.2290143966674805,0.7709856629371643,,,0.005859375,,,0.7769544124603271,0.005197380669414997,0.64277583360672,0.0959332287311554,0.093660369515419,,0.26278194785118103,,0.5,frozen,,8,,,0.0,4,general_stdp,0,,learned,,,
0.56488037109375,1.2290143966674805,0.7709856629371643,,,0.0,,,0.4894580543041229,0.005693480838090181,1.4430710077285767,0.0959332287311554,0.093660369515419,,0.26278194785118103,,0.5,zero,,8,,,0.0,4,general_stdp,0,,learned,,,
0.60784912109375,1.2290143966674805,0.7709856629371643,,,0.0,,,0.505346953868866,0.005760709289461374,1.485242486000061,0.0959332287311554,0.093660369515419,,0.26278194785118103,,0.5,shuffled,,8,,,0.0,4,general_stdp,0,,learned,,,
0.77044677734375,1.2290143966674805,0.7709856629371643,,,0.0,,,0.732994556427002,0.005422984715551138,0.7475854158401489,0.0959332287311554,0.093660369515419,,0.262988418340683,,0.75,frozen,,8,,,0.0,4,general_stdp,0,,learned,,,
0.55377197265625,1.2290143966674805,0.7709856629371643,,,0.0,,,0.5027629137039185,0.004531718324869871,1.394806981086731,0.0959332287311554,0.093660369515419,,0.262988418340683,,0.75,zero,,8,,,0.0,4,general_stdp,0,,learned,,,
0.56866455078125,1.2290143966674805,0.7709856629371643,,,0.0,,,0.5013082027435303,0.0045059300027787685,1.5180044174194336,0.0959332287311554,0.093660369515419,,0.262988418340683,,0.75,shuffled,,8,,,0.0,4,general_stdp,0,,learned,,,
0.8118896484375,1.2290143966674805,0.7709856629371643,,,0.0,,,0.7159043550491333,0.007666214369237423,0.7623060345649719,0.0959332287311554,0.093660369515419,,0.22034892439842224,,0.25,frozen,,16,,,0.0,4,general_stdp,0,,learned,,,
0.58404541015625,1.2290143966674805,0.7709856629371643,,,0.0,,,0.5158177614212036,0.008152361959218979,1.4036492109298706,0.0959332287311554,0.093660369515419,,0.22034892439842224,,0.25,zero,,16,,,0.0,4,general_stdp,0,,learned,,,
0.65838623046875,1.2290143966674805,0.7709856629371643,,,0.0,,,0.4961094856262207,0.0079698096960783,1.4484317302703857,0.0959332287311554,0.093660369515419,,0.22034892439842224,,0.25,shuffled,,16,,,0.0,4,general_stdp,0,,learned,,,
0.7705078125,1.2290143966674805,0.7709856629371643,,,0.0,,,0.6904513835906982,0.005765806417912245,0.836856484413147,0.0959332287311554,0.093660369515419,,0.2212209850549698,,0.5,frozen,,16,,,0.0,4,general_stdp,0,,learned,,,
0.568359375,1.2290143966674805,0.7709856629371643,,,0.0,,,0.4928343892097473,0.005706951953470707,1.4497756958007812,0.0959332287311554,0.093660369515419,,0.2212209850549698,,0.5,zero,,16,,,0.0,4,general_stdp,0,,learned,,,
0.62567138671875,1.2290143966674805,0.7709856629371643,,,0.0,,,0.5053712725639343,0.00569623289629817,1.4338126182556152,0.0959332287311554,0.093660369515419,,0.2212209850549698,,0.5,shuffled,,16,,,0.0,4,general_stdp,0,,learned,,,
0.72113037109375,1.2290143966674805,0.7709856629371643,,,0.0,,,0.6642199158668518,0.004997562617063522,0.9179196357727051,0.0959332287311554,0.093660369515419,,0.2200496792793274,,0.75,frozen,,16,,,0.0,4,general_stdp,0,,learned,,,
0.55120849609375,1.2290143966674805,0.7709856629371643,,,0.0,,,0.5031517148017883,0.004475443158298731,1.389572262763977,0.0959332287311554,0.093660369515419,,0.2200496792793274,,0.75,zero,,16,,,0.0,4,general_stdp,0,,learned,,,
0.58367919921875,1.2290143966674805,0.7709856629371643,,,0.0,,,0.5036290884017944,0.004768856335431337,1.4473203420639038,0.0959332287311554,0.093660369515419,,0.2200496792793274,,0.75,shuffled,,16,,,0.0,4,general_stdp,0,,learned,,,
0.8416748046875,1.2290143966674805,0.7709856629371643,,,0.025390625,,0.1,0.8189271092414856,0.005596726201474667,0.54313063621521,0.0959332287311554,0.093660369515419,,0.31970006227493286,,0.5,frozen,,4,,,0.0,4,general_stdp,0,,learned,,,
0.91943359375,1.0,1.0,,,0.13671875,,,0.9515285491943359,0.0035501013044267893,0.2546892464160919,0.10000000149011612,0.10000000149011612,,0.4907528758049011,,0.25,frozen,,2,,,0.0,4,hebb,1,,learned,,,
0.382568359375,1.0,1.0,,,0.0,,,0.48646435141563416,0.0077717420645058155,1.499598503112793,0.10000000149011612,0.10000000149011612,,0.4907528758049011,,0.25,zero,,2,,,0.0,4,hebb,1,,learned,,,
0.47149658203125,1.0,1.0,,,0.0,,,0.5026218891143799,0.007882203906774521,1.525015950202942,0.10000000149011612,0.10000000149011612,,0.4907528758049011,,0.25,shuffled,,2,,,0.0,4,hebb,1,,learned,,,
0.90399169921875,1.0,1.0,,,0.08203125,,,0.9321748614311218,0.003147975541651249,0.3015945851802826,0.10000000149011612,0.10000000149011612,,0.49015021324157715,,0.5,frozen,,2,,,0.0,4,hebb,1,,learned,,,
0.4146728515625,1.0,1.0,,,0.0,,,0.5020653009414673,0.005270789377391338,1.447188377380371,0.10000000149011612,0.10000000149011612,,0.49015021324157715,,0.5,zero,,2,,,0.0,4,hebb,1,,learned,,,
0.48480224609375,1.0,1.0,,,0.0,,,0.5050835013389587,0.0054146661423146725,1.5316352844238281,0.10000000149011612,0.10000000149011612,,0.49015021324157715,,0.5,shuffled,,2,,,0.0,4,hebb,1,,learned,,,
0.87237548828125,1.0,1.0,,,0.0546875,,,0.8908612132072449,0.0041895280592143536,0.39516228437423706,0.10000000149011612,0.10000000149011612,,0.4876289367675781,,0.75,frozen,,2,,,0.0,4,hebb,1,,learned,,,
0.4561767578125,1.0,1.0,,,0.0,,,0.5070803165435791,0.00449030939489603,1.4199172258377075,0.10000000149011612,0.10000000149011612,,0.4876289367675781,,0.75,zero,,2,,,0.0,4,hebb,1,,learned,,,
0.5001220703125,1.0,1.0,,,0.0,,,0.5037627816200256,0.004560656379908323,1.5037593841552734,0.10000000149011612,0.10000000149011612,,0.4876289367675781,,0.75,shuffled,,2,,,0.0,4,hebb,1,,learned,,,
0.89111328125,1.0,1.0,,,0.0703125,,,0.9297782182693481,0.004233734216541052,0.3101588487625122,0.10000000149011612,0.10000000149011612,,0.42567500472068787,,0.25,frozen,,4,,,0.0,4,hebb,1,,learned,,,
0.38043212890625,1.0,1.0,,,0.0,,,0.4960283637046814,0.008125399239361286,1.4772752523422241,0.10000000149011612,0.10000000149011612,,0.42567500472068787,,0.25,zero,,4,,,0.0,4,hebb,1,,learned,,,
0.48486328125,1.0,1.0,,,0.0,,,0.495191752910614,0.007796183228492737,1.531569480895996,0.10000000149011612,0.10000000149011612,,0.42567500472068787,,0.25,shuffled,,4,,,0.0,4,hebb,1,,learned,,,
0.85418701171875,1.0,1.0,,,0.015625,,,0.8816422820091248,0.004348415415734053,0.4184739887714386,0.10000000149011612,0.10000000149011612,,0.4260392189025879,,0.5,frozen,,4,,,0.0,4,hebb,1,,learned,,,
0.85394287109375,1.0,1.0,,,0.017578125,,,0.8812931776046753,0.004355106968432665,0.41911375522613525,0.10000000149011612,0.10000000149011612,,0.4260392189025879,,0.5,frozen,,4,,,0.0,8,hebb,1,,learned,,,
0.85369873046875,1.0,1.0,,,0.017578125,,,0.8807685375213623,0.004374559968709946,0.4192303717136383,0.10000000149011612,0.10000000149011612,,0.4260392189025879,,0.5,frozen,,4,,,0.0,16,hebb,1,,learned,,,
0.4210205078125,1.0,1.0,,,0.0,,,0.5085034370422363,0.005818693432956934,1.4332376718521118,0.10000000149011612,0.10000000149011612,,0.4260392189025879,,0.5,zero,,4,,,0.0,4,hebb,1,,learned,,,
0.49578857421875,1.0,1.0,,,0.0,,,0.4993124008178711,0.0056198518723249435,1.4944489002227783,0.10000000149011612,0.10000000149011612,,0.4260392189025879,,0.5,shuffled,,4,,,0.0,4,hebb,1,,learned,,,
0.79876708984375,1.0,1.0,,,0.0,,,0.6478763818740845,0.005903532262891531,0.8992565870285034,0.10000000149011612,0.10000000149011612,,0.4260392189025879,,0.5,online,,4,,,0.23513749241828918,4,hebb,1,,learned,,,
0.70904541015625,1.0,1.0,,,0.0,,,0.8038257360458374,0.004534968174993992,0.5787919759750366,0.10000000149011612,0.10000000149011612,,0.4260392189025879,,0.5,read_gain_control,,4,,0.25,0.0,4,hebb,1,,learned,,,
0.7994384765625,1.0,1.0,,,0.013671875,,,0.7988149523735046,0.006013344042003155,0.6460326313972473,0.10000000149011612,0.10000000149011612,,0.4260392189025879,,0.5,read_gain_control,,4,,4.0,0.0,4,hebb,1,,learned,,,
0.748779296875,1.0,1.0,,,0.00390625,,,0.7411050796508789,0.006612745113670826,0.8019299507141113,0.10000000149011612,0.10000000149011612,,0.4260392189025879,,0.5,read_gain_control,,4,,16.0,0.0,4,hebb,1,,learned,,,
0.80084228515625,1.0,1.0,,,0.009765625,,,0.8155270218849182,0.004958535544574261,0.5593413710594177,0.10000000149011612,0.10000000149011612,,0.4253959655761719,,0.75,frozen,,4,,,0.0,4,hebb,1,,learned,,,
0.45550537109375,1.0,1.0,,,0.0,,,0.5012638568878174,0.004494052845984697,1.4129794836044312,0.10000000149011612,0.10000000149011612,,0.4253959655761719,,0.75,zero,,4,,,0.0,4,hebb,1,,learned,,,
0.5029296875,1.0,1.0,,,0.0,,,0.5049102306365967,0.00468868063762784,1.4558672904968262,0.10000000149011612,0.10000000149011612,,0.4253959655761719,,0.75,shuffled,,4,,,0.0,4,hebb,1,,learned,,,
0.82763671875,1.0,1.0,,,0.005859375,,,0.8391183018684387,0.00589371332898736,0.5038087964057922,0.10000000149011612,0.10000000149011612,,0.3795212507247925,,0.25,frozen,,8,,,0.0,4,hebb,1,,learned,,,
0.380126953125,1.0,1.0,,,0.0,,,0.4960304796695709,0.007723540533334017,1.5079262256622314,0.10000000149011612,0.10000000149011612,,0.3795212507247925,,0.25,zero,,8,,,0.0,4,hebb,1,,learned,,,
0.50750732421875,1.0,1.0,,,0.0,,,0.49550414085388184,0.007956822402775288,1.4935237169265747,0.10000000149011612,0.10000000149011612,,0.3795212507247925,,0.25,shuffled,,8,,,0.0,4,hebb,1,,learned,,,
0.78973388671875,1.0,1.0,,,0.001953125,,,0.7962711453437805,0.005105206742882729,0.583731472492218,0.10000000149011612,0.10000000149011612,,0.37841901183128357,,0.5,frozen,,8,,,0.0,4,hebb,1,,learned,,,
0.41473388671875,1.0,1.0,,,0.0,,,0.49643072485923767,0.005669362377375364,1.4805660247802734,0.10000000149011612,0.10000000149011612,,0.37841901183128357,,0.5,zero,,8,,,0.0,4,hebb,1,,learned,,,
0.51519775390625,1.0,1.0,,,0.0,,,0.49643945693969727,0.00560096837580204,1.4373706579208374,0.10000000149011612,0.10000000149011612,,0.37841901183128357,,0.5,shuffled,,8,,,0.0,4,hebb,1,,learned,,,
0.7421875,1.0,1.0,,,0.0,,,0.7404935956001282,0.004666467197239399,0.7161828875541687,0.10000000149011612,0.10000000149011612,,0.37915095686912537,,0.75,frozen,,8,,,0.0,4,hebb,1,,learned,,,
0.45245361328125,1.0,1.0,,,0.0,,,0.5017012357711792,0.004648305010050535,1.416864275932312,0.10000000149011612,0.10000000149011612,,0.37915095686912537,,0.75,zero,,8,,,0.0,4,hebb,1,,learned,,,
0.51873779296875,1.0,1.0,,,0.0,,,0.5059744119644165,0.004691235721111298,1.388527512550354,0.10000000149011612,0.10000000149011612,,0.37915095686912537,,0.75,shuffled,,8,,,0.0,4,hebb,1,,learned,,,
0.76763916015625,1.0,1.0,,,0.0,,,0.757868230342865,0.007327771279960871,0.6732320785522461,0.10000000149011612,0.10000000149011612,,0.34487202763557434,,0.25,frozen,,16,,,0.0,4,hebb,1,,learned,,,
0.37445068359375,1.0,1.0,,,0.0,,,0.4878387153148651,0.008000369183719158,1.4908618927001953,0.10000000149011612,0.10000000149011612,,0.34487202763557434,,0.25,zero,,16,,,0.0,4,hebb,1,,learned,,,
0.54180908203125,1.0,1.0,,,0.0,,,0.5004020929336548,0.00793108344078064,1.4343256950378418,0.10000000149011612,0.10000000149011612,,0.34487202763557434,,0.25,shuffled,,16,,,0.0,4,hebb,1,,learned,,,
0.7369384765625,1.0,1.0,,,0.0,,,0.7227187752723694,0.005251371767371893,0.7666740417480469,0.10000000149011612,0.10000000149011612,,0.34476587176322937,,0.5,frozen,,16,,,0.0,4,hebb,1,,learned,,,
0.41619873046875,1.0,1.0,,,0.0,,,0.5026618838310242,0.005707654636353254,1.4569058418273926,0.10000000149011612,0.10000000149011612,,0.34476587176322937,,0.5,zero,,16,,,0.0,4,hebb,1,,learned,,,
0.543212890625,1.0,1.0,,,0.0,,,0.5087243914604187,0.005791206378489733,1.3340044021606445,0.10000000149011612,0.10000000149011612,,0.34476587176322937,,0.5,shuffled,,16,,,0.0,4,hebb,1,,learned,,,
0.68511962890625,1.0,1.0,,,0.0,,,0.6636166572570801,0.004610296338796616,0.8895185589790344,0.10000000149011612,0.10000000149011612,,0.34617748856544495,,0.75,frozen,,16,,,0.0,4,hebb,1,,learned,,,
0.44891357421875,1.0,1.0,,,0.0,,,0.4974706172943115,0.00457021314650774,1.4433001279830933,0.10000000149011612,0.10000000149011612,,0.34617748856544495,,0.75,zero,,16,,,0.0,4,hebb,1,,learned,,,
0.531005859375,1.0,1.0,,,0.0,,,0.4977138042449951,0.0045585911720991135,1.3089239597320557,0.10000000149011612,0.10000000149011612,,0.34617748856544495,,0.75,shuffled,,16,,,0.0,4,hebb,1,,learned,,,
0.8211669921875,1.0,1.0,,,0.017578125,,0.1,0.844059407711029,0.005482659675180912,0.5041108131408691,0.10000000149011612,0.10000000149011612,,0.42757052183151245,,0.5,frozen,,4,,,0.0,4,hebb,1,,learned,,,
0.74432373046875,1.0,1.0,,,0.0,,,0.7363860607147217,0.006493241060525179,0.6601777672767639,0.10000000149011612,0.10000000149011612,,0.26902294158935547,,0.25,frozen,,2,,,0.0,4,balanced_stdp,1,,learned,,,
0.61322021484375,1.0,1.0,,,0.0,,,0.5001463890075684,0.007775225676596165,1.3526663780212402,0.10000000149011612,0.10000000149011612,,0.26902294158935547,,0.25,zero,,2,,,0.0,4,balanced_stdp,1,,learned,,,
0.51055908203125,1.0,1.0,,,0.0,,,0.5112059712409973,0.008252743631601334,1.2608952522277832,0.10000000149011612,0.10000000149011612,,0.26902294158935547,,0.25,shuffled,,2,,,0.0,4,balanced_stdp,1,,learned,,,
0.7413330078125,1.0,1.0,,,0.0,,,0.7356989979743958,0.005105333868414164,0.666183352470398,0.10000000149011612,0.10000000149011612,,0.27098792791366577,,0.5,frozen,,2,,,0.0,4,balanced_stdp,1,,learned,,,
0.58843994140625,1.0,1.0,,,0.0,,,0.49517595767974854,0.005487099289894104,1.3519142866134644,0.10000000149011612,0.10000000149011612,,0.27098792791366577,,0.5,zero,,2,,,0.0,4,balanced_stdp,1,,learned,,,
0.506103515625,1.0,1.0,,,0.0,,,0.4992263913154602,0.005372981540858746,1.2825837135314941,0.10000000149011612,0.10000000149011612,,0.27098792791366577,,0.5,shuffled,,2,,,0.0,4,balanced_stdp,1,,learned,,,
0.7352294921875,1.0,1.0,,,0.0,,,0.7342885136604309,0.004164284560829401,0.6713592410087585,0.10000000149011612,0.10000000149011612,,0.27053502202033997,,0.75,frozen,,2,,,0.0,4,balanced_stdp,1,,learned,,,
0.56500244140625,1.0,1.0,,,0.0,,,0.5053895115852356,0.004505983553826809,1.344796061515808,0.10000000149011612,0.10000000149011612,,0.27053502202033997,,0.75,zero,,2,,,0.0,4,balanced_stdp,1,,learned,,,
0.4991455078125,1.0,1.0,,,0.0,,,0.4937461316585541,0.004609326831996441,1.2850341796875,0.10000000149011612,0.10000000149011612,,0.27053502202033997,,0.75,shuffled,,2,,,0.0,4,balanced_stdp,1,,learned,,,
0.67431640625,1.0,1.0,,,0.0,,,0.6746349334716797,0.007165240123867989,0.813001275062561,0.10000000149011612,0.10000000149011612,,0.2361653596162796,,0.25,frozen,,4,,,0.0,4,balanced_stdp,1,,learned,,,
0.6162109375,1.0,1.0,,,0.0,,,0.49483081698417664,0.0075004249811172485,1.337389349937439,0.10000000149011612,0.10000000149011612,,0.2361653596162796,,0.25,zero,,4,,,0.0,4,balanced_stdp,1,,learned,,,
0.5052490234375,1.0,1.0,,,0.0,,,0.49347805976867676,0.008195025846362114,1.2035484313964844,0.10000000149011612,0.10000000149011612,,0.2361653596162796,,0.25,shuffled,,4,,,0.0,4,balanced_stdp,1,,learned,,,
0.67669677734375,1.0,1.0,,,0.0,,,0.6656671166419983,0.004998289979994297,0.8278201818466187,0.10000000149011612,0.10000000149011612,,0.234071746468544,,0.5,frozen,,4,,,0.0,4,balanced_stdp,1,,learned,,,
0.67669677734375,1.0,1.0,,,0.0,,,0.6656671166419983,0.004998289979994297,0.8278339505195618,0.10000000149011612,0.10000000149011612,,0.234071746468544,,0.5,frozen,,4,,,0.0,8,balanced_stdp,1,,learned,,,
0.67669677734375,1.0,1.0,,,0.0,,,0.6656671166419983,0.004998289979994297,0.8278339505195618,0.10000000149011612,0.10000000149011612,,0.234071746468544,,0.5,frozen,,4,,,0.0,16,balanced_stdp,1,,learned,,,
0.59783935546875,1.0,1.0,,,0.0,,,0.5034786462783813,0.005620583426207304,1.3327691555023193,0.10000000149011612,0.10000000149011612,,0.234071746468544,,0.5,zero,,4,,,0.0,4,balanced_stdp,1,,learned,,,
0.51910400390625,1.0,1.0,,,0.0,,,0.5156946778297424,0.005751798395067453,1.180532693862915,0.10000000149011612,0.10000000149011612,,0.234071746468544,,0.5,shuffled,,4,,,0.0,4,balanced_stdp,1,,learned,,,
0.7552490234375,1.0,1.0,,,0.0,,,0.6458643674850464,0.005006930325180292,0.8722574710845947,0.10000000149011612,0.10000000149011612,,0.234071746468544,,0.5,online,,4,,,0.14209119975566864,4,balanced_stdp,1,,learned,,,
0.69085693359375,1.0,1.0,,,0.0,,,0.6617066860198975,0.004858825355768204,0.8403789401054382,0.10000000149011612,0.10000000149011612,,0.234071746468544,,0.5,read_gain_control,,4,,0.25,0.0,4,balanced_stdp,1,,learned,,,
0.67059326171875,1.0,1.0,,,0.0,,,0.6641491651535034,0.0050523607060313225,0.8267292380332947,0.10000000149011612,0.10000000149011612,,0.234071746468544,,0.5,read_gain_control,,4,,4.0,0.0,4,balanced_stdp,1,,learned,,,
0.66943359375,1.0,1.0,,,0.0,,,0.6638506650924683,0.0051035163924098015,0.8265852332115173,0.10000000149011612,0.10000000149011612,,0.234071746468544,,0.5,read_gain_control,,4,,16.0,0.0,4,balanced_stdp,1,,learned,,,
0.668212890625,1.0,1.0,,,0.0,,,0.6675746440887451,0.004116967786103487,0.8319280743598938,0.10000000149011612,0.10000000149011612,,0.2343641221523285,,0.75,frozen,,4,,,0.0,4,balanced_stdp,1,,learned,,,
0.55926513671875,1.0,1.0,,,0.0,,,0.49824196100234985,0.0045282477512955666,1.3744850158691406,0.10000000149011612,0.10000000149011612,,0.2343641221523285,,0.75,zero,,4,,,0.0,4,balanced_stdp,1,,learned,,,
0.49859619140625,1.0,1.0,,,0.0,,,0.4992525577545166,0.004756343085318804,1.192148208618164,0.10000000149011612,0.10000000149011612,,0.2343641221523285,,0.75,shuffled,,4,,,0.0,4,balanced_stdp,1,,learned,,,
0.62957763671875,1.0,1.0,,,0.0,,,0.6285997629165649,0.007960978895425797,0.9146584868431091,0.10000000149011612,0.10000000149011612,,0.2073519229888916,,0.25,frozen,,8,,,0.0,4,balanced_stdp,1,,learned,,,
0.6138916015625,1.0,1.0,,,0.0,,,0.4959331154823303,0.008081795647740364,1.3371254205703735,0.10000000149011612,0.10000000149011612,,0.2073519229888916,,0.25,zero,,8,,,0.0,4,balanced_stdp,1,,learned,,,
0.50872802734375,1.0,1.0,,,0.0,,,0.4952830970287323,0.007792636286467314,1.1224610805511475,0.10000000149011612,0.10000000149011612,,0.2073519229888916,,0.25,shuffled,,8,,,0.0,4,balanced_stdp,1,,learned,,,
0.6224365234375,1.0,1.0,,,0.0,,,0.6206984519958496,0.005440613720566034,0.9130514860153198,0.10000000149011612,0.10000000149011612,,0.20797497034072876,,0.5,frozen,,8,,,0.0,4,balanced_stdp,1,,learned,,,
0.5860595703125,1.0,1.0,,,0.0,,,0.4980955421924591,0.005338532850146294,1.3407565355300903,0.10000000149011612,0.10000000149011612,,0.20797497034072876,,0.5,zero,,8,,,0.0,4,balanced_stdp,1,,learned,,,
0.50872802734375,1.0,1.0,,,0.0,,,0.5003384947776794,0.005816735327243805,1.119816541671753,0.10000000149011612,0.10000000149011612,,0.20797497034072876,,0.5,shuffled,,8,,,0.0,4,balanced_stdp,1,,learned,,,
0.62469482421875,1.0,1.0,,,0.0,,,0.6227683424949646,0.004334250930696726,0.9158430695533752,0.10000000149011612,0.10000000149011612,,0.20793215930461884,,0.75,frozen,,8,,,0.0,4,balanced_stdp,1,,learned,,,
0.56646728515625,1.0,1.0,,,0.0,,,0.5022103786468506,0.0046534063294529915,1.3508011102676392,0.10000000149011612,0.10000000149011612,,0.20793215930461884,,0.75,zero,,8,,,0.0,4,balanced_stdp,1,,learned,,,
0.5074462890625,1.0,1.0,,,0.0,,,0.5017828941345215,0.004534440580755472,1.117021083831787,0.10000000149011612,0.10000000149011612,,0.20793215930461884,,0.75,shuffled,,8,,,0.0,4,balanced_stdp,1,,learned,,,
0.59222412109375,1.0,1.0,,,0.0,,,0.588145911693573,0.007694694213569164,0.9577440619468689,0.10000000149011612,0.10000000149011612,,0.18949627876281738,,0.25,frozen,,16,,,0.0,4,balanced_stdp,1,,learned,,,
0.6151123046875,1.0,1.0,,,0.0,,,0.49361392855644226,0.007931267842650414,1.3460816144943237,0.10000000149011612,0.10000000149011612,,0.18949627876281738,,0.25,zero,,16,,,0.0,4,balanced_stdp,1,,learned,,,
0.51116943359375,1.0,1.0,,,0.0,,,0.5049450397491455,0.007793922442942858,1.0722981691360474,0.10000000149011612,0.10000000149011612,,0.18949627876281738,,0.25,shuffled,,16,,,0.0,4,balanced_stdp,1,,learned,,,
0.5821533203125,1.0,1.0,,,0.0,,,0.5738816261291504,0.0052930209785699844,0.9748595952987671,0.10000000149011612,0.10000000149011612,,0.18985530734062195,,0.5,frozen,,16,,,0.0,4,balanced_stdp,1,,learned,,,
0.595458984375,1.0,1.0,,,0.0,,,0.5091343522071838,0.0057408809661865234,1.3303745985031128,0.10000000149011612,0.10000000149011612,,0.18985530734062195,,0.5,zero,,16,,,0.0,4,balanced_stdp,1,,learned,,,
0.51275634765625,1.0,1.0,,,0.0,,,0.5027833580970764,0.005623231176286936,1.068790316581726,0.10000000149011612,0.10000000149011612,,0.18985530734062195,,0.5,shuffled,,16,,,0.0,4,balanced_stdp,1,,learned,,,
0.5850830078125,1.0,1.0,,,0.0,,,0.5779815912246704,0.004372844472527504,0.9709874987602234,0.10000000149011612,0.10000000149011612,,0.18967972695827484,,0.75,frozen,,16,,,0.0,4,balanced_stdp,1,,learned,,,
0.56561279296875,1.0,1.0,,,0.0,,,0.5073511600494385,0.004161307122558355,1.3465032577514648,0.10000000149011612,0.10000000149011612,,0.18967972695827484,,0.75,zero,,16,,,0.0,4,balanced_stdp,1,,learned,,,
0.5087890625,1.0,1.0,,,0.0,,,0.49982911348342896,0.004604227375239134,1.071376919746399,0.10000000149011612,0.10000000149011612,,0.18967972695827484,,0.75,shuffled,,16,,,0.0,4,balanced_stdp,1,,learned,,,
0.6690673828125,1.0,1.0,,,0.0,,0.1,0.6714792251586914,0.005067350808531046,0.8244684934616089,0.10000000149011612,0.10000000149011612,,0.2352180927991867,,0.5,frozen,,4,,,0.0,4,balanced_stdp,1,,learned,,,
0.9132080078125,1.2553749084472656,0.7446250915527344,,,0.064453125,,,0.9149988889694214,0.00479305861517787,0.32864728569984436,0.09438766539096832,0.0880303606390953,,0.4020192325115204,,0.25,frozen,,2,,,0.0,4,general_stdp,1,,learned,,,
0.53729248046875,1.2553749084472656,0.7446250915527344,,,0.0,,,0.4954307973384857,0.00793524645268917,1.3886034488677979,0.09438766539096832,0.0880303606390953,,0.4020192325115204,,0.25,zero,,2,,,0.0,4,general_stdp,1,,learned,,,
0.5576171875,1.2553749084472656,0.7446250915527344,,,0.0,,,0.4862033724784851,0.007903752848505974,1.534616231918335,0.09438766539096832,0.0880303606390953,,0.4020192325115204,,0.25,shuffled,,2,,,0.0,4,general_stdp,1,,learned,,,
0.91241455078125,1.2553749084472656,0.7446250915527344,,,0.10546875,,,0.9098272323608398,0.0037974833976477385,0.34114471077919006,0.09438766539096832,0.0880303606390953,,0.4014081656932831,,0.5,frozen,,2,,,0.0,4,general_stdp,1,,learned,,,
0.53472900390625,1.2553749084472656,0.7446250915527344,,,0.0,,,0.5077236294746399,0.005426309537142515,1.343600869178772,0.09438766539096832,0.0880303606390953,,0.4014081656932831,,0.5,zero,,2,,,0.0,4,general_stdp,1,,learned,,,
0.55377197265625,1.2553749084472656,0.7446250915527344,,,0.0,,,0.5032124519348145,0.005243543069809675,1.5290143489837646,0.09438766539096832,0.0880303606390953,,0.4014081656932831,,0.5,shuffled,,2,,,0.0,4,general_stdp,1,,learned,,,
0.88848876953125,1.2553749084472656,0.7446250915527344,,,0.0625,,,0.8823779821395874,0.004196827299892902,0.40103045105934143,0.09438766539096832,0.0880303606390953,,0.40069425106048584,,0.75,frozen,,2,,,0.0,4,general_stdp,1,,learned,,,
0.52581787109375,1.2553749084472656,0.7446250915527344,,,0.0,,,0.4996964931488037,0.004490482155233622,1.3252824544906616,0.09438766539096832,0.0880303606390953,,0.40069425106048584,,0.75,zero,,2,,,0.0,4,general_stdp,1,,learned,,,
0.53662109375,1.2553749084472656,0.7446250915527344,,,0.0,,,0.5012121796607971,0.004594691097736359,1.5374873876571655,0.09438766539096832,0.0880303606390953,,0.40069425106048584,,0.75,shuffled,,2,,,0.0,4,general_stdp,1,,learned,,,
0.8927001953125,1.2553749084472656,0.7446250915527344,,,0.033203125,,,0.8928806781768799,0.005039891228079796,0.3957737982273102,0.09438766539096832,0.0880303606390953,,0.32766786217689514,,0.25,frozen,,4,,,0.0,4,general_stdp,1,,learned,,,
0.54107666015625,1.2553749084472656,0.7446250915527344,,,0.0,,,0.5040830373764038,0.007925769314169884,1.3612593412399292,0.09438766539096832,0.0880303606390953,,0.32766786217689514,,0.25,zero,,4,,,0.0,4,general_stdp,1,,learned,,,
0.5802001953125,1.2553749084472656,0.7446250915527344,,,0.0,,,0.48965752124786377,0.007945376448333263,1.5399302244186401,0.09438766539096832,0.0880303606390953,,0.32766786217689514,,0.25,shuffled,,4,,,0.0,4,general_stdp,1,,learned,,,
0.8658447265625,1.2553749084472656,0.7446250915527344,,,0.0234375,,,0.8457321524620056,0.0046272058971226215,0.48156580328941345,0.09438766539096832,0.0880303606390953,,0.32639938592910767,,0.5,frozen,,4,,,0.0,4,general_stdp,1,,learned,,,
0.86163330078125,1.2553749084472656,0.7446250915527344,,,0.0234375,,,0.8415358066558838,0.004802298732101917,0.4925473630428314,0.09438766539096832,0.0880303606390953,,0.32639938592910767,,0.5,frozen,,4,,,0.0,8,general_stdp,1,,learned,,,
0.861083984375,1.2553749084472656,0.7446250915527344,,,0.0234375,,,0.8408677577972412,0.004809961654245853,0.49515217542648315,0.09438766539096832,0.0880303606390953,,0.32639938592910767,,0.5,frozen,,4,,,0.0,16,general_stdp,1,,learned,,,
0.534912109375,1.2553749084472656,0.7446250915527344,,,0.0,,,0.4992111027240753,0.005481751635670662,1.3706098794937134,0.09438766539096832,0.0880303606390953,,0.32639938592910767,,0.5,zero,,4,,,0.0,4,general_stdp,1,,learned,,,
0.57366943359375,1.2553749084472656,0.7446250915527344,,,0.0,,,0.504520833492279,0.005464783404022455,1.5119540691375732,0.09438766539096832,0.0880303606390953,,0.32639938592910767,,0.5,shuffled,,4,,,0.0,4,general_stdp,1,,learned,,,
0.84759521484375,1.2553749084472656,0.7446250915527344,,,0.00390625,,,0.7416395545005798,0.005044637713581324,0.7118396162986755,0.09438766539096832,0.0880303606390953,,0.32639938592910767,,0.5,online,,4,,,0.18693242967128754,4,general_stdp,1,,learned,,,
0.7965087890625,1.2553749084472656,0.7446250915527344,,,0.0,,,0.7751876711845398,0.004715832881629467,0.6381471753120422,0.09438766539096832,0.0880303606390953,,0.32639938592910767,,0.5,read_gain_control,,4,,0.25,0.0,4,general_stdp,1,,learned,,,
0.85003662109375,1.2553749084472656,0.7446250915527344,,,0.02734375,,,0.8297779560089111,0.005400871858000755,0.5177520513534546,0.09438766539096832,0.0880303606390953,,0.32639938592910767,,0.5,read_gain_control,,4,,4.0,0.0,4,general_stdp,1,,learned,,,
0.82525634765625,1.2553749084472656,0.7446250915527344,,,0.013671875,,,0.8108895421028137,0.005959991365671158,0.5762166976928711,0.09438766539096832,0.0880303606390953,,0.32639938592910767,,0.5,read_gain_control,,4,,16.0,0.0,4,general_stdp,1,,learned,,,
0.82080078125,1.2553749084472656,0.7446250915527344,,,0.017578125,,,0.8036367297172546,0.0052841356955468655,0.5817973017692566,0.09438766539096832,0.0880303606390953,,0.3257027566432953,,0.75,frozen,,4,,,0.0,4,general_stdp,1,,learned,,,
0.52838134765625,1.2553749084472656,0.7446250915527344,,,0.0,,,0.500005304813385,0.004356713034212589,1.338335394859314,0.09438766539096832,0.0880303606390953,,0.3257027566432953,,0.75,zero,,4,,,0.0,4,general_stdp,1,,learned,,,
0.53668212890625,1.2553749084472656,0.7446250915527344,,,0.0,,,0.4897156357765198,0.004546702839434147,1.5590295791625977,0.09438766539096832,0.0880303606390953,,0.3257027566432953,,0.75,shuffled,,4,,,0.0,4,general_stdp,1,,learned,,,
0.84375,1.2553749084472656,0.7446250915527344,,,0.0,,,0.8052420020103455,0.006197571754455566,0.5795347094535828,0.09438766539096832,0.0880303606390953,,0.27149274945259094,,0.25,frozen,,8,,,0.0,4,general_stdp,1,,learned,,,
0.536376953125,1.2553749084472656,0.7446250915527344,,,0.0,,,0.495217889547348,0.007585378363728523,1.3665105104446411,0.09438766539096832,0.0880303606390953,,0.27149274945259094,,0.25,zero,,8,,,0.0,4,general_stdp,1,,learned,,,
0.6077880859375,1.2553749084472656,0.7446250915527344,,,0.0,,,0.49313411116600037,0.007622716017067432,1.469253659248352,0.09438766539096832,0.0880303606390953,,0.27149274945259094,,0.25,shuffled,,8,,,0.0,4,general_stdp,1,,learned,,,
0.81756591796875,1.2553749084472656,0.7446250915527344,,,0.001953125,,,0.7781386971473694,0.005149779841303825,0.6344037055969238,0.09438766539096832,0.0880303606390953,,0.27136126160621643,,0.5,frozen,,8,,,0.0,4,general_stdp,1,,learned,,,
0.53204345703125,1.2553749084472656,0.7446250915527344,,,0.0,,,0.4973765015602112,0.005524187348783016,1.3509867191314697,0.09438766539096832,0.0880303606390953,,0.27136126160621643,,0.5,zero,,8,,,0.0,4,general_stdp,1,,learned,,,
0.58740234375,1.2553749084472656,0.7446250915527344,,,0.0,,,0.49698513746261597,0.0052128746174275875,1.4818259477615356,0.09438766539096832,0.0880303606390953,,0.27136126160621643,,0.5,shuffled,,8,,,0.0,4,general_stdp,1,,learned,,,
0.7625732421875,1.2553749084472656,0.7446250915527344,,,0.00390625,,,0.7305358052253723,0.005135930143296719,0.7483351826667786,0.09438766539096832,0.0880303606390953,,0.27107298374176025,,0.75,frozen,,8,,,0.0,4,general_stdp,1,,learned,,,
0.5306396484375,1.2553749084472656,0.7446250915527344,,,0.0,,,0.5020340085029602,0.004733668174594641,1.3227883577346802,0.09438766539096832,0.0880303606390953,,0.27107298374176025,,0.75,zero,,8,,,0.0,4,general_stdp,1,,learned,,,
0.56500244140625,1.2553749084472656,0.7446250915527344,,,0.0,,,0.5055071711540222,0.004585514310747385,1.4900569915771484,0.09438766539096832,0.0880303606390953,,0.27107298374176025,,0.75,shuffled,,8,,,0.0,4,general_stdp,1,,learned,,,
0.80047607421875,1.2553749084472656,0.7446250915527344,,,0.001953125,,,0.7254875898361206,0.007406674791127443,0.7275577783584595,0.09438766539096832,0.0880303606390953,,0.2288513332605362,,0.25,frozen,,16,,,0.0,4,general_stdp,1,,learned,,,
0.5350341796875,1.2553749084472656,0.7446250915527344,,,0.0,,,0.4942016303539276,0.008137472905218601,1.3621301651000977,0.09438766539096832,0.0880303606390953,,0.2288513332605362,,0.25,zero,,16,,,0.0,4,general_stdp,1,,learned,,,
0.63812255859375,1.2553749084472656,0.7446250915527344,,,0.0,,,0.5008890628814697,0.008078115060925484,1.4110302925109863,0.09438766539096832,0.0880303606390953,,0.2288513332605362,,0.25,shuffled,,16,,,0.0,4,general_stdp,1,,learned,,,
0.77252197265625,1.2553749084472656,0.7446250915527344,,,0.0,,,0.7067497968673706,0.005429454147815704,0.7982384562492371,0.09438766539096832,0.0880303606390953,,0.2292134314775467,,0.5,frozen,,16,,,0.0,4,general_stdp,1,,learned,,,
0.542236328125,1.2553749084472656,0.7446250915527344,,,0.0,,,0.5083739161491394,0.005293361376971006,1.3208974599838257,0.09438766539096832,0.0880303606390953,,0.2292134314775467,,0.5,zero,,16,,,0.0,4,general_stdp,1,,learned,,,
0.6124267578125,1.2553749084472656,0.7446250915527344,,,0.0,,,0.5011266469955444,0.005356778856366873,1.3969826698303223,0.09438766539096832,0.0880303606390953,,0.2292134314775467,,0.5,shuffled,,16,,,0.0,4,general_stdp,1,,learned,,,
0.71209716796875,1.2553749084472656,0.7446250915527344,,,0.0,,,0.6617944240570068,0.004997247364372015,0.9218067526817322,0.09438766539096832,0.0880303606390953,,0.2295866459608078,,0.75,frozen,,16,,,0.0,4,general_stdp,1,,learned,,,
0.52593994140625,1.2553749084472656,0.7446250915527344,,,0.0,,,0.4999053478240967,0.00450189970433712,1.3280752897262573,0.09438766539096832,0.0880303606390953,,0.2295866459608078,,0.75,zero,,16,,,0.0,4,general_stdp,1,,learned,,,
0.57562255859375,1.2553749084472656,0.7446250915527344,,,0.0,,,0.5038661360740662,0.004399123601615429,1.433371901512146,0.09438766539096832,0.0880303606390953,,0.2295866459608078,,0.75,shuffled,,16,,,0.0,4,general_stdp,1,,learned,,,
0.83441162109375,1.2553749084472656,0.7446250915527344,,,0.021484375,,0.1,0.8214958906173706,0.005564811639487743,0.539540708065033,0.09438766539096832,0.0880303606390953,,0.32754290103912354,,0.5,frozen,,4,,,0.0,4,general_stdp,1,,learned,,,
0.9443359375,1.0,1.0,,,0.220703125,,,0.9683348536491394,0.0028051305562257767,0.21031443774700165,0.10000000149011612,0.10000000149011612,,0.5896473526954651,,0.25,frozen,,2,,,0.0,4,hebb,2,,learned,,,
0.38824462890625,1.0,1.0,,,0.0,,,0.5008816123008728,0.008420146070420742,1.6502153873443604,0.10000000149011612,0.10000000149011612,,0.5896473526954651,,0.25,zero,,2,,,0.0,4,hebb,2,,learned,,,
0.48828125,1.0,1.0,,,0.0,,,0.494011789560318,0.007756800390779972,1.6270405054092407,0.10000000149011612,0.10000000149011612,,0.5896473526954651,,0.25,shuffled,,2,,,0.0,4,hebb,2,,learned,,,
0.9349365234375,1.0,1.0,,,0.197265625,,,0.953887939453125,0.0029668626375496387,0.24842503666877747,0.10000000149011612,0.10000000149011612,,0.5951920747756958,,0.5,frozen,,2,,,0.0,4,hebb,2,,learned,,,
0.40966796875,1.0,1.0,,,0.0,,,0.49584057927131653,0.005623289383947849,1.6337177753448486,0.10000000149011612,0.10000000149011612,,0.5951920747756958,,0.5,zero,,2,,,0.0,4,hebb,2,,learned,,,
0.5025634765625,1.0,1.0,,,0.0,,,0.5125752091407776,0.005689618643373251,1.5839407444000244,0.10000000149011612,0.10000000149011612,,0.5951920747756958,,0.5,shuffled,,2,,,0.0,4,hebb,2,,learned,,,
0.90234375,1.0,1.0,,,0.123046875,,,0.9184605479240417,0.0038923975080251694,0.3319665491580963,0.10000000149011612,0.10000000149011612,,0.5956746339797974,,0.75,frozen,,2,,,0.0,4,hebb,2,,learned,,,
0.447021484375,1.0,1.0,,,0.0,,,0.49678823351860046,0.0044837878085672855,1.6149389743804932,0.10000000149011612,0.10000000149011612,,0.5956746339797974,,0.75,zero,,2,,,0.0,4,hebb,2,,learned,,,
0.50146484375,1.0,1.0,,,0.0,,,0.49300986528396606,0.00424096779897809,1.6066865921020508,0.10000000149011612,0.10000000149011612,,0.5956746339797974,,0.75,shuffled,,2,,,0.0,4,hebb,2,,learned,,,
0.91558837890625,1.0,1.0,,,0.103515625,,,0.941215455532074,0.004305162467062473,0.28197911381721497,0.10000000149011612,0.10000000149011612,,0.5141845941543579,,0.25,frozen,,4,,,0.0,4,hebb,2,,learned,,,
0.38623046875,1.0,1.0,,,0.0,,,0.4989633858203888,0.008128221146762371,1.6404597759246826,0.10000000149011612,0.10000000149011612,,0.5141845941543579,,0.25,zero,,4,,,0.0,4,hebb,2,,learned,,,
0.50506591796875,1.0,1.0,,,0.0,,,0.49395084381103516,0.008156773634254932,1.6408320665359497,0.10000000149011612,0.10000000149011612,,0.5141845941543579,,0.25,shuffled,,4,,,0.0,4,hebb,2,,learned,,,
0.8798828125,1.0,1.0,,,0.05078125,,,0.8922363519668579,0.00434845918789506,0.3866322338581085,0.10000000149011612,0.10000000149011612,,0.5129210948944092,,0.5,frozen,,4,,,0.0,4,hebb,2,,learned,,,
0.87884521484375,1.0,1.0,,,0.052734375,,,0.8913871049880981,0.00443240674212575,0.3870077431201935,0.10000000149011612,0.10000000149011612,,0.5129210948944092,,0.5,frozen,,4,,,0.0,8,hebb,2,,learned,,,
0.87847900390625,1.0,1.0,,,0.052734375,,,0.8911365866661072,0.004433055873960257,0.38691920042037964,0.10000000149011612,0.10000000149011612,,0.5129210948944092,,0.5,frozen,,4,,,0.0,16,hebb,2,,learned,,,
0.41351318359375,1.0,1.0,,,0.0,,,0.5013954639434814,0.005836064927279949,1.619458556175232,0.10000000149011612,0.10000000149011612,,0.5129210948944092,,0.5,zero,,4,,,0.0,4,hebb,2,,learned,,,
0.50640869140625,1.0,1.0,,,0.0,,,0.49466556310653687,0.005585082340985537,1.5908268690109253,0.10000000149011612,0.10000000149011612,,0.5129210948944092,,0.5,shuffled,,4,,,0.0,4,hebb,2,,learned,,,
0.80963134765625,1.0,1.0,,,0.001953125,,,0.6642194986343384,0.005746124312281609,0.8806605339050293,0.10000000149011612,0.10000000149011612,,0.5129210948944092,,0.5,online,,4,,,0.27475854754447937,4,hebb,2,,learned,,,
0.73974609375,1.0,1.0,,,0.0,,,0.8181383609771729,0.004490092396736145,0.5551975965499878,0.10000000149011612,0.10000000149011612,,0.5129210948944092,,0.5,read_gain_control,,4,,0.25,0.0,4,hebb,2,,learned,,,
0.829345703125,1.0,1.0,,,0.021484375,,,0.8192368149757385,0.006007042713463306,0.5934118628501892,0.10000000149011612,0.10000000149011612,,0.5129210948944092,,0.5,read_gain_control,,4,,4.0,0.0,4,hebb,2,,learned,,,
0.7784423828125,1.0,1.0,,,0.01171875,,,0.7610013484954834,0.006745426915585995,0.7638159394264221,0.10000000149011612,0.10000000149011612,,0.5129210948944092,,0.5,read_gain_control,,4,,16.0,0.0,4,hebb,2,,learned,,,
0.833740234375,1.0,1.0,,,0.017578125,,,0.8427769541740417,0.004761170130223036,0.4960573613643646,0.10000000149011612,0.10000000149011612,,0.5155646204948425,,0.75,frozen,,4,,,0.0,4,hebb,2,,learned,,,
0.45086669921875,1.0,1.0,,,0.0,,,0.500655472278595,0.0046817222610116005,1.5964500904083252,0.10000000149011612,0.10000000149011612,,0.5155646204948425,,0.75,zero,,4,,,0.0,4,hebb,2,,learned,,,
0.510009765625,1.0,1.0,,,0.0,,,0.49587228894233704,0.004591487813740969,1.5795763731002808,0.10000000149011612,0.10000000149011612,,0.5155646204948425,,0.75,shuffled,,4,,,0.0,4,hebb,2,,learned,,,
0.85986328125,1.0,1.0,,,0.01171875,,,0.8701630234718323,0.00568631524220109,0.436665415763855,0.10000000149011612,0.10000000149011612,,0.45681270956993103,,0.25,frozen,,8,,,0.0,4,hebb,2,,learned,,,
0.38446044921875,1.0,1.0,,,0.0,,,0.5177961587905884,0.00819759164005518,1.5587029457092285,0.10000000149011612,0.10000000149011612,,0.45681270956993103,,0.25,zero,,8,,,0.0,4,hebb,2,,learned,,,
0.5328369140625,1.0,1.0,,,0.0,,,0.5013387203216553,0.0083549115806818,1.516605257987976,0.10000000149011612,0.10000000149011612,,0.45681270956993103,,0.25,shuffled,,8,,,0.0,4,hebb,2,,learned,,,
0.81988525390625,1.0,1.0,,,0.0078125,,,0.8191065192222595,0.004824853036552668,0.5555773973464966,0.10000000149011612,0.10000000149011612,,0.4551391899585724,,0.5,frozen,,8,,,0.0,4,hebb,2,,learned,,,
0.41302490234375,1.0,1.0,,,0.0,,,0.4969003200531006,0.0056228949688375,1.612032175064087,0.10000000149011612,0.10000000149011612,,0.4551391899585724,,0.5,zero,,8,,,0.0,4,hebb,2,,learned,,,
0.52899169921875,1.0,1.0,,,0.0,,,0.49412819743156433,0.005835521500557661,1.5147322416305542,0.10000000149011612,0.10000000149011612,,0.4551391899585724,,0.5,shuffled,,8,,,0.0,4,hebb,2,,learned,,,
0.75616455078125,1.0,1.0,,,0.0,,,0.7433760166168213,0.004628497641533613,0.7184281349182129,0.10000000149011612,0.10000000149011612,,0.45668962597846985,,0.75,frozen,,8,,,0.0,4,hebb,2,,learned,,,
0.45648193359375,1.0,1.0,,,0.0,,,0.5047555565834045,0.004300117027014494,1.5820232629776,0.10000000149011612,0.10000000149011612,,0.45668962597846985,,0.75,zero,,8,,,0.0,4,hebb,2,,learned,,,
0.52197265625,1.0,1.0,,,0.0,,,0.49286696314811707,0.00459707248955965,1.485086441040039,0.10000000149011612,0.10000000149011612,,0.45668962597846985,,0.75,shuffled,,8,,,0.0,4,hebb,2,,learned,,,
0.801025390625,1.0,1.0,,,0.0,,,0.7772423624992371,0.006691423244774342,0.6419041156768799,0.10000000149011612,0.10000000149011612,,0.4164173901081085,,0.25,frozen,,16,,,0.0,4,hebb,2,,learned,,,
0.3787841796875,1.0,1.0,,,0.0,,,0.49937376379966736,0.00804811529815197,1.6140028238296509,0.10000000149011612,0.10000000149011612,,0.4164173901081085,,0.25,zero,,16,,,0.0,4,hebb,2,,learned,,,
0.56292724609375,1.0,1.0,,,0.0,,,0.5074139833450317,0.008182072080671787,1.4438170194625854,0.10000000149011612,0.10000000149011612,,0.4164173901081085,,0.25,shuffled,,16,,,0.0,4,hebb,2,,learned,,,
0.7557373046875,1.0,1.0,,,0.0,,,0.7246235609054565,0.0052763670682907104,0.7575591206550598,0.10000000149011612,0.10000000149011612,,0.4170013964176178,,0.5,frozen,,16,,,0.0,4,hebb,2,,learned,,,
0.40960693359375,1.0,1.0,,,0.0,,,0.49307844042778015,0.005170850083231926,1.634760856628418,0.10000000149011612,0.10000000149011612,,0.4170013964176178,,0.5,zero,,16,,,0.0,4,hebb,2,,learned,,,
0.55572509765625,1.0,1.0,,,0.0,,,0.49107223749160767,0.005467701703310013,1.4408987760543823,0.10000000149011612,0.10000000149011612,,0.4170013964176178,,0.5,shuffled,,16,,,0.0,4,hebb,2,,learned,,,
0.7032470703125,1.0,1.0,,,0.0,,,0.6743291616439819,0.004455984104424715,0.8764496445655823,0.10000000149011612,0.10000000149011612,,0.41660889983177185,,0.75,frozen,,16,,,0.0,4,hebb,2,,learned,,,
0.450927734375,1.0,1.0,,,0.0,,,0.495942622423172,0.004565839655697346,1.6102019548416138,0.10000000149011612,0.10000000149011612,,0.41660889983177185,,0.75,zero,,16,,,0.0,4,hebb,2,,learned,,,
0.539794921875,1.0,1.0,,,0.0,,,0.5003368854522705,0.004589067306369543,1.366896629333496,0.10000000149011612,0.10000000149011612,,0.41660889983177185,,0.75,shuffled,,16,,,0.0,4,hebb,2,,learned,,,
0.84228515625,1.0,1.0,,,0.017578125,,0.1,0.8588427305221558,0.005548449698835611,0.47388431429862976,0.10000000149011612,0.10000000149011612,,0.5121297240257263,,0.5,frozen,,4,,,0.0,4,hebb,2,,learned,,,
0.848876953125,1.0,1.0,,,0.13671875,,,0.8398364782333374,0.0072358292527496815,0.44993501901626587,0.10000000149011612,0.10000000149011612,,0.3249671161174774,,0.25,frozen,,2,,,0.0,4,balanced_stdp,2,,learned,,,
0.6612548828125,1.0,1.0,,,0.0,,,0.49866846203804016,0.007619310636073351,1.164905071258545,0.10000000149011612,0.10000000149011612,,0.3249671161174774,,0.25,zero,,2,,,0.0,4,balanced_stdp,2,,learned,,,
0.54107666015625,1.0,1.0,,,0.0,,,0.4997248947620392,0.008167094551026821,1.4248782396316528,0.10000000149011612,0.10000000149011612,,0.3249671161174774,,0.25,shuffled,,2,,,0.0,4,balanced_stdp,2,,learned,,,
0.8468017578125,1.0,1.0,,,0.1640625,,,0.8392740488052368,0.006265320815145969,0.44984927773475647,0.10000000149011612,0.10000000149011612,,0.32164478302001953,,0.5,frozen,,2,,,0.0,4,balanced_stdp,2,,learned,,,
0.61175537109375,1.0,1.0,,,0.0,,,0.48523467779159546,0.005678174551576376,1.1074868440628052,0.10000000149011612,0.10000000149011612,,0.32164478302001953,,0.5,zero,,2,,,0.0,4,balanced_stdp,2,,learned,,,
0.534423828125,1.0,1.0,,,0.0,,,0.5094974040985107,0.0057213990949094296,1.4484410285949707,0.10000000149011612,0.10000000149011612,,0.32164478302001953,,0.5,shuffled,,2,,,0.0,4,balanced_stdp,2,,learned,,,
0.8526611328125,1.0,1.0,,,0.15234375,,,0.8471851348876953,0.005473380442708731,0.438960999250412,0.10000000149011612,0.10000000149011612,,0.32451972365379333,,0.75,frozen,,2,,,0.0,4,balanced_stdp,2,,learned,,,
0.56976318359375,1.0,1.0,,,0.0,,,0.494284987449646,0.004716968629509211,1.0506659746170044,0.10000000149011612,0.10000000149011612,,0.32451972365379333,,0.75,zero,,2,,,0.0,4,balanced_stdp,2,,learned,,,
0.515625,1.0,1.0,,,0.0,,,0.49521711468696594,0.004409565590322018,1.4944015741348267,0.10000000149011612,0.10000000149011612,,0.32451972365379333,,0.75,shuffled,,2,,,0.0,4,balanced_stdp,2,,learned,,,
0.7603759765625,1.0,1.0,,,0.025390625,,,0.7583106756210327,0.006969061214476824,0.6459791660308838,0.10000000149011612,0.10000000149011612,,0.26516756415367126,,0.25,frozen,,4,,,0.0,4,balanced_stdp,2,,learned,,,
0.6595458984375,1.0,1.0,,,0.0,,,0.5034348964691162,0.007983488030731678,1.1730612516403198,0.10000000149011612,0.10000000149011612,,0.26516756415367126,,0.25,zero,,4,,,0.0,4,balanced_stdp,2,,learned,,,
0.52142333984375,1.0,1.0,,,0.0,,,0.4863460958003998,0.007864117622375488,1.3965003490447998,0.10000000149011612,0.10000000149011612,,0.26516756415367126,,0.25,shuffled,,4,,,0.0,4,balanced_stdp,2,,learned,,,
0.76025390625,1.0,1.0,,,0.046875,,,0.7424702048301697,0.006126760970801115,0.6547315120697021,0.10000000149011612,0.10000000149011612,,0.2640431225299835,,0.5,frozen,,4,,,0.0,4,balanced_stdp,2,,learned,,,
0.7568359375,1.0,1.0,,,0.044921875,,,0.7385095953941345,0.0061017898842692375,0.6612992882728577,0.10000000149011612,0.10000000149011612,,0.2640431225299835,,0.5,frozen,,4,,,0.0,8,balanced_stdp,2,,learned,,,
0.7554931640625,1.0,1.0,,,0.044921875,,,0.7374241352081299,0.006165255792438984,0.6634526252746582,0.10000000149011612,0.10000000149011612,,0.2640431225299835,,0.5,frozen,,4,,,0.0,16,balanced_stdp,2,,learned,,,
0.6173095703125,1.0,1.0,,,0.0,,,0.496582955121994,0.0054725720547139645,1.108723759651184,0.10000000149011612,0.10000000149011612,,0.2640431225299835,,0.5,zero,,4,,,0.0,4,balanced_stdp,2,,learned,,,
0.52252197265625,1.0,1.0,,,0.0,,,0.4989878535270691,0.005742909386754036,1.345621109008789,0.10000000149011612,0.10000000149011612,,0.2640431225299835,,0.5,shuffled,,4,,,0.0,4,balanced_stdp,2,,learned,,,
0.80780029296875,1.0,1.0,,,0.00390625,,,0.7068729400634766,0.005604409612715244,0.7611602544784546,0.10000000149011612,0.10000000149011612,,0.2640431225299835,,0.5,online,,4,,,0.14534495770931244,4,balanced_stdp,2,,learned,,,
0.76824951171875,1.0,1.0,,,0.01171875,,,0.7360012531280518,0.0058263614773750305,0.706729531288147,0.10000000149011612,0.10000000149011612,,0.2640431225299835,,0.5,read_gain_control,,4,,0.25,0.0,4,balanced_stdp,2,,learned,,,
0.75299072265625,1.0,1.0,,,0.037109375,,,0.7403225302696228,0.0060507748275995255,0.6605815291404724,0.10000000149011612,0.10000000149011612,,0.2640431225299835,,0.5,read_gain_control,,4,,4.0,0.0,4,balanced_stdp,2,,learned,,,
0.7506103515625,1.0,1.0,,,0.02734375,,,0.7387740015983582,0.00599480327218771,0.6650241017341614,0.10000000149011612,0.10000000149011612,,0.2640431225299835,,0.5,read_gain_control,,4,,16.0,0.0,4,balanced_stdp,2,,learned,,,
0.7724609375,1.0,1.0,,,0.046875,,,0.764119565486908,0.005085776560008526,0.6195906400680542,0.10000000149011612,0.10000000149011612,,0.2638862133026123,,0.75,frozen,,4,,,0.0,4,balanced_stdp,2,,learned,,,
0.5731201171875,1.0,1.0,,,0.0,,,0.500304102897644,0.004705508705228567,1.047294020652771,0.10000000149011612,0.10000000149011612,,0.2638862133026123,,0.75,zero,,4,,,0.0,4,balanced_stdp,2,,learned,,,
0.514892578125,1.0,1.0,,,0.0,,,0.4939068853855133,0.004634054843336344,1.3913719654083252,0.10000000149011612,0.10000000149011612,,0.2638862133026123,,0.75,shuffled,,4,,,0.0,4,balanced_stdp,2,,learned,,,
0.6968994140625,1.0,1.0,,,0.001953125,,,0.674942135810852,0.008131559938192368,0.8169339299201965,0.10000000149011612,0.10000000149011612,,0.21800023317337036,,0.25,frozen,,8,,,0.0,4,balanced_stdp,2,,learned,,,
0.663330078125,1.0,1.0,,,0.0,,,0.5131248831748962,0.007848948240280151,1.1761512756347656,0.10000000149011612,0.10000000149011612,,0.21800023317337036,,0.25,zero,,8,,,0.0,4,balanced_stdp,2,,learned,,,
0.53167724609375,1.0,1.0,,,0.0,,,0.5062505006790161,0.008245336823165417,1.2226216793060303,0.10000000149011612,0.10000000149011612,,0.21800023317337036,,0.25,shuffled,,8,,,0.0,4,balanced_stdp,2,,learned,,,
0.6873779296875,1.0,1.0,,,0.0,,,0.6652553081512451,0.005487448535859585,0.8251665234565735,0.10000000149011612,0.10000000149011612,,0.2173808515071869,,0.5,frozen,,8,,,0.0,4,balanced_stdp,2,,learned,,,
0.6185302734375,1.0,1.0,,,0.0,,,0.501431405544281,0.005741442553699017,1.1079741716384888,0.10000000149011612,0.10000000149011612,,0.2173808515071869,,0.5,zero,,8,,,0.0,4,balanced_stdp,2,,learned,,,
0.52471923828125,1.0,1.0,,,0.0,,,0.5045764446258545,0.005488235503435135,1.223544716835022,0.10000000149011612,0.10000000149011612,,0.2173808515071869,,0.5,shuffled,,8,,,0.0,4,balanced_stdp,2,,learned,,,
0.68121337890625,1.0,1.0,,,0.0,,,0.665402889251709,0.004390581976622343,0.828021764755249,0.10000000149011612,0.10000000149011612,,0.21855013072490692,,0.75,frozen,,8,,,0.0,4,balanced_stdp,2,,learned,,,
0.57513427734375,1.0,1.0,,,0.0,,,0.5026932954788208,0.004592865239828825,1.0435229539871216,0.10000000149011612,0.10000000149011612,,0.21855013072490692,,0.75,zero,,8,,,0.0,4,balanced_stdp,2,,learned,,,
0.519287109375,1.0,1.0,,,0.0,,,0.4976608157157898,0.0045484439469873905,1.2221057415008545,0.10000000149011612,0.10000000149011612,,0.21855013072490692,,0.75,shuffled,,8,,,0.0,4,balanced_stdp,2,,learned,,,
0.6448974609375,1.0,1.0,,,0.0,,,0.6278326511383057,0.0076603698544204235,0.899347722530365,0.10000000149011612,0.10000000149011612,,0.18493802845478058,,0.25,frozen,,16,,,0.0,4,balanced_stdp,2,,learned,,,
0.65679931640625,1.0,1.0,,,0.0,,,0.5047601461410522,0.008038538508117199,1.1757792234420776,0.10000000149011612,0.10000000149011612,,0.18493802845478058,,0.25,zero,,16,,,0.0,4,balanced_stdp,2,,learned,,,
0.5244140625,1.0,1.0,,,0.0,,,0.5018914341926575,0.00796297937631607,1.1063830852508545,0.10000000149011612,0.10000000149011612,,0.18493802845478058,,0.25,shuffled,,16,,,0.0,4,balanced_stdp,2,,learned,,,
0.63568115234375,1.0,1.0,,,0.0,,,0.6112553477287292,0.005584379658102989,0.9243741035461426,0.10000000149011612,0.10000000149011612,,0.184784397482872,,0.5,frozen,,16,,,0.0,4,balanced_stdp,2,,learned,,,
0.6243896484375,1.0,1.0,,,0.0,,,0.5005084872245789,0.005362477153539658,1.1011830568313599,0.10000000149011612,0.10000000149011612,,0.184784397482872,,0.5,zero,,16,,,0.0,4,balanced_stdp,2,,learned,,,
0.52545166015625,1.0,1.0,,,0.0,,,0.5011706352233887,0.0055333347991108894,1.115655541419983,0.10000000149011612,0.10000000149011612,,0.184784397482872,,0.5,shuffled,,16,,,0.0,4,balanced_stdp,2,,learned,,,
0.63031005859375,1.0,1.0,,,0.0,,,0.6123914122581482,0.004471539054065943,0.916901707649231,0.10000000149011612,0.10000000149011612,,0.18500272929668427,,0.75,frozen,,16,,,0.0,4,balanced_stdp,2,,learned,,,
0.5777587890625,1.0,1.0,,,0.0,,,0.5040678381919861,0.004636859521269798,1.0492260456085205,0.10000000149011612,0.10000000149011612,,0.18500272929668427,,0.75,zero,,16,,,0.0,4,balanced_stdp,2,,learned,,,
0.51654052734375,1.0,1.0,,,0.0,,,0.4994466304779053,0.004544360563158989,1.1218597888946533,0.10000000149011612,0.10000000149011612,,0.18500272929668427,,0.75,shuffled,,16,,,0.0,4,balanced_stdp,2,,learned,,,
0.74847412109375,1.0,1.0,,,0.0390625,,0.1,0.7383313775062561,0.0064548407681286335,0.6971160173416138,0.10000000149011612,0.10000000149011612,,0.2643473744392395,,0.5,frozen,,4,,,0.0,4,balanced_stdp,2,,learned,,,
0.93231201171875,1.1899313926696777,0.8100686073303223,,,0.16796875,,,0.9248198866844177,0.00431473646312952,0.30992305278778076,0.10507199913263321,0.08844064176082611,,0.3503822982311249,,0.25,frozen,,2,,,0.0,4,general_stdp,2,,learned,,,
0.638916015625,1.1899313926696777,0.8100686073303223,,,0.0,,,0.5051796436309814,0.007719479966908693,1.3402416706085205,0.10507199913263321,0.08844064176082611,,0.3503822982311249,,0.25,zero,,2,,,0.0,4,general_stdp,2,,learned,,,
0.58294677734375,1.1899313926696777,0.8100686073303223,,,0.0,,,0.5043370723724365,0.007886149920523167,1.5372546911239624,0.10507199913263321,0.08844064176082611,,0.3503822982311249,,0.25,shuffled,,2,,,0.0,4,general_stdp,2,,learned,,,
0.9256591796875,1.1899313926696777,0.8100686073303223,,,0.162109375,,,0.9184332489967346,0.0039397659711539745,0.32667189836502075,0.10507199913263321,0.08844064176082611,,0.35081109404563904,,0.5,frozen,,2,,,0.0,4,general_stdp,2,,learned,,,
0.60662841796875,1.1899313926696777,0.8100686073303223,,,0.0,,,0.4894682765007019,0.00567718455567956,1.3579967021942139,0.10507199913263321,0.08844064176082611,,0.35081109404563904,,0.5,zero,,2,,,0.0,4,general_stdp,2,,learned,,,
0.56683349609375,1.1899313926696777,0.8100686073303223,,,0.0,,,0.5081614255905151,0.005646661855280399,1.5463916063308716,0.10507199913263321,0.08844064176082611,,0.35081109404563904,,0.5,shuffled,,2,,,0.0,4,general_stdp,2,,learned,,,
0.90557861328125,1.1899313926696777,0.8100686073303223,,,0.119140625,,,0.8979932069778442,0.0040948656387627125,0.3643593192100525,0.10507199913263321,0.08844064176082611,,0.34980645775794983,,0.75,frozen,,2,,,0.0,4,general_stdp,2,,learned,,,
0.5673828125,1.1899313926696777,0.8100686073303223,,,0.0,,,0.4891646206378937,0.004669525194913149,1.3310985565185547,0.10507199913263321,0.08844064176082611,,0.34980645775794983,,0.75,zero,,2,,,0.0,4,general_stdp,2,,learned,,,
0.54248046875,1.1899313926696777,0.8100686073303223,,,0.0,,,0.49468994140625,0.004323768895119429,1.5986384153366089,0.10507199913263321,0.08844064176082611,,0.34980645775794983,,0.75,shuffled,,2,,,0.0,4,general_stdp,2,,learned,,,
0.90362548828125,1.1899313926696777,0.8100686073303223,,,0.107421875,,,0.8862019777297974,0.0057409075088799,0.3919753134250641,0.10507199913263321,0.08844064176082611,,0.27751585841178894,,0.25,frozen,,4,,,0.0,4,general_stdp,2,,learned,,,
0.6351318359375,1.1899313926696777,0.8100686073303223,,,0.0,,,0.4950527548789978,0.007747267838567495,1.385607361793518,0.10507199913263321,0.08844064176082611,,0.27751585841178894,,0.25,zero,,4,,,0.0,4,general_stdp,2,,learned,,,
0.61627197265625,1.1899313926696777,0.8100686073303223,,,0.0,,,0.497903436422348,0.008328855969011784,1.5681813955307007,0.10507199913263321,0.08844064176082611,,0.27751585841178894,,0.25,shuffled,,4,,,0.0,4,general_stdp,2,,learned,,,
0.88067626953125,1.1899313926696777,0.8100686073303223,,,0.03125,,,0.85471510887146,0.004810575395822525,0.4618951380252838,0.10507199913263321,0.08844064176082611,,0.27954211831092834,,0.5,frozen,,4,,,0.0,4,general_stdp,2,,learned,,,
0.87603759765625,1.1899313926696777,0.8100686073303223,,,0.033203125,,,0.850221574306488,0.004971842747181654,0.47585800290107727,0.10507199913263321,0.08844064176082611,,0.27954211831092834,,0.5,frozen,,4,,,0.0,8,general_stdp,2,,learned,,,
0.87493896484375,1.1899313926696777,0.8100686073303223,,,0.03515625,,,0.8482411503791809,0.00509244529530406,0.47850483655929565,0.10507199913263321,0.08844064176082611,,0.27954211831092834,,0.5,frozen,,4,,,0.0,16,general_stdp,2,,learned,,,
0.60894775390625,1.1899313926696777,0.8100686073303223,,,0.0,,,0.5012878179550171,0.0054264613427221775,1.3540446758270264,0.10507199913263321,0.08844064176082611,,0.27954211831092834,,0.5,zero,,4,,,0.0,4,general_stdp,2,,learned,,,
0.58233642578125,1.1899313926696777,0.8100686073303223,,,0.0,,,0.48889678716659546,0.005590170621871948,1.5637925863265991,0.10507199913263321,0.08844064176082611,,0.27954211831092834,,0.5,shuffled,,4,,,0.0,4,general_stdp,2,,learned,,,
0.87091064453125,1.1899313926696777,0.8100686073303223,,,0.025390625,,,0.7805866003036499,0.005071248393505812,0.6464502215385437,0.10507199913263321,0.08844064176082611,,0.27954211831092834,,0.5,online,,4,,,0.1616341769695282,4,general_stdp,2,,learned,,,
0.8372802734375,1.1899313926696777,0.8100686073303223,,,0.005859375,,,0.7849027514457703,0.004929348360747099,0.6108633875846863,0.10507199913263321,0.08844064176082611,,0.27954211831092834,,0.5,read_gain_control,,4,,0.25,0.0,4,general_stdp,2,,learned,,,
0.85784912109375,1.1899313926696777,0.8100686073303223,,,0.0390625,,,0.8403654098510742,0.00540546840056777,0.49287813901901245,0.10507199913263321,0.08844064176082611,,0.27954211831092834,,0.5,read_gain_control,,4,,4.0,0.0,4,general_stdp,2,,learned,,,
0.8319091796875,1.1899313926696777,0.8100686073303223,,,0.029296875,,,0.8215376734733582,0.005785323679447174,0.5386629104614258,0.10507199913263321,0.08844064176082611,,0.27954211831092834,,0.5,read_gain_control,,4,,16.0,0.0,4,general_stdp,2,,learned,,,
0.8438720703125,1.1899313926696777,0.8100686073303223,,,0.041015625,,,0.8194738626480103,0.005007400177419186,0.5374137759208679,0.10507199913263321,0.08844064176082611,,0.27996185421943665,,0.75,frozen,,4,,,0.0,4,general_stdp,2,,learned,,,
0.571044921875,1.1899313926696777,0.8100686073303223,,,0.0,,,0.4937857985496521,0.0046348548494279385,1.3129346370697021,0.10507199913263321,0.08844064176082611,,0.27996185421943665,,0.75,zero,,4,,,0.0,4,general_stdp,2,,learned,,,
0.55780029296875,1.1899313926696777,0.8100686073303223,,,0.0,,,0.49991926550865173,0.00444004125893116,1.5591096878051758,0.10507199913263321,0.08844064176082611,,0.27996185421943665,,0.75,shuffled,,4,,,0.0,4,general_stdp,2,,learned,,,
0.86529541015625,1.1899313926696777,0.8100686073303223,,,0.01171875,,,0.802349865436554,0.0066968961618840694,0.5771060585975647,0.10507199913263321,0.08844064176082611,,0.22666104137897491,,0.25,frozen,,8,,,0.0,4,general_stdp,2,,learned,,,
0.63873291015625,1.1899313926696777,0.8100686073303223,,,0.0,,,0.5073239803314209,0.007465891540050507,1.3202537298202515,0.10507199913263321,0.08844064176082611,,0.22666104137897491,,0.25,zero,,8,,,0.0,4,general_stdp,2,,learned,,,
0.64434814453125,1.1899313926696777,0.8100686073303223,,,0.0,,,0.5032263398170471,0.008478564210236073,1.4427555799484253,0.10507199913263321,0.08844064176082611,,0.22666104137897491,,0.25,shuffled,,8,,,0.0,4,general_stdp,2,,learned,,,
0.8282470703125,1.1899313926696777,0.8100686073303223,,,0.0078125,,,0.7693971991539001,0.005357418209314346,0.6420282125473022,0.10507199913263321,0.08844064176082611,,0.2266826629638672,,0.5,frozen,,8,,,0.0,4,general_stdp,2,,learned,,,
0.60601806640625,1.1899313926696777,0.8100686073303223,,,0.0,,,0.4948887825012207,0.0054546077735722065,1.3684258460998535,0.10507199913263321,0.08844064176082611,,0.2266826629638672,,0.5,zero,,8,,,0.0,4,general_stdp,2,,learned,,,
0.6131591796875,1.1899313926696777,0.8100686073303223,,,0.0,,,0.5042641758918762,0.005666198208928108,1.4831618070602417,0.10507199913263321,0.08844064176082611,,0.2266826629638672,,0.5,shuffled,,8,,,0.0,4,general_stdp,2,,learned,,,
0.77362060546875,1.1899313926696777,0.8100686073303223,,,0.0,,,0.7304532527923584,0.005080139730125666,0.7455611824989319,0.10507199913263321,0.08844064176082611,,0.22654616832733154,,0.75,frozen,,8,,,0.0,4,general_stdp,2,,learned,,,
0.58270263671875,1.1899313926696777,0.8100686073303223,,,0.0,,,0.5118303894996643,0.004421070218086243,1.2874274253845215,0.10507199913263321,0.08844064176082611,,0.22654616832733154,,0.75,zero,,8,,,0.0,4,general_stdp,2,,learned,,,
0.5755615234375,1.1899313926696777,0.8100686073303223,,,0.0,,,0.5029819011688232,0.004585838411003351,1.5178900957107544,0.10507199913263321,0.08844064176082611,,0.22654616832733154,,0.75,shuffled,,8,,,0.0,4,general_stdp,2,,learned,,,
0.82745361328125,1.1899313926696777,0.8100686073303223,,,0.001953125,,,0.7314820885658264,0.0072227767668664455,0.7378754019737244,0.10507199913263321,0.08844064176082611,,0.18946704268455505,,0.25,frozen,,16,,,0.0,4,general_stdp,2,,learned,,,
0.6317138671875,1.1899313926696777,0.8100686073303223,,,0.0,,,0.4960084557533264,0.008071455173194408,1.375341773033142,0.10507199913263321,0.08844064176082611,,0.18946704268455505,,0.25,zero,,16,,,0.0,4,general_stdp,2,,learned,,,
0.6798095703125,1.1899313926696777,0.8100686073303223,,,0.0,,,0.5033198595046997,0.0077054463326931,1.413007140159607,0.10507199913263321,0.08844064176082611,,0.18946704268455505,,0.25,shuffled,,16,,,0.0,4,general_stdp,2,,learned,,,
0.7841796875,1.1899313926696777,0.8100686073303223,,,0.0,,,0.6951683759689331,0.005520298611372709,0.8187191486358643,0.10507199913263321,0.08844064176082611,,0.18970535695552826,,0.5,frozen,,16,,,0.0,4,general_stdp,2,,learned,,,
0.619384765625,1.1899313926696777,0.8100686073303223,,,0.0,,,0.503570020198822,0.005324977450072765,1.3313937187194824,0.10507199913263321,0.08844064176082611,,0.18970535695552826,,0.5,zero,,16,,,0.0,4,general_stdp,2,,learned,,,
0.64013671875,1.1899313926696777,0.8100686073303223,,,0.0,,,0.4993285536766052,0.0054655116982758045,1.4270074367523193,0.10507199913263321,0.08844064176082611,,0.18970535695552826,,0.5,shuffled,,16,,,0.0,4,general_stdp,2,,learned,,,
0.7283935546875,1.1899313926696777,0.8100686073303223,,,0.0,,,0.6680262088775635,0.004950001370161772,0.9084822535514832,0.10507199913263321,0.08844064176082611,,0.1884780377149582,,0.75,frozen,,16,,,0.0,4,general_stdp,2,,learned,,,
0.57818603515625,1.1899313926696777,0.8100686073303223,,,0.0,,,0.5011882185935974,0.00450274208560586,1.3191864490509033,0.10507199913263321,0.08844064176082611,,0.1884780377149582,,0.75,zero,,16,,,0.0,4,general_stdp,2,,learned,,,
0.5859375,1.1899313926696777,0.8100686073303223,,,0.0,,,0.49736547470092773,0.004889488685876131,1.448076844215393,0.10507199913263321,0.08844064176082611,,0.1884780377149582,,0.75,shuffled,,16,,,0.0,4,general_stdp,2,,learned,,,
0.85394287109375,1.1899313926696777,0.8100686073303223,,,0.0390625,,0.1,0.829217255115509,0.005368365906178951,0.5142936706542969,0.10507199913263321,0.08844064176082611,,0.27892404794692993,,0.5,frozen,,4,,,0.0,4,general_stdp,2,,learned,,,
