step,segment,accuracy,exact_accuracy,lm_loss,_count_raw,seconds,elapsed
16,16,0.10609567910432816,0.0,2.469564199447632,128.0,0.12164901942014694,55.05129877664149
32,16,0.11709105223417282,0.0,2.4395086765289307,128.0,0.1226131496950984,57.02769085485488
48,16,0.13512730598449707,0.0,2.3885438442230225,128.0,0.1218643682077527,58.996893011033535
64,16,0.15991511940956116,0.0,2.334153413772583,128.0,0.12193169817328453,60.96292060147971
80,16,0.1987847238779068,0.0,2.2453770637512207,128.0,0.1221567178145051,62.93144890666008
96,16,0.2528935372829437,0.0,2.1561756134033203,128.0,0.12322874832898378,64.90858740359545
112,16,0.33053627610206604,0.0,2.0716922283172607,128.0,0.12259515654295683,66.8788576098159
128,16,0.37731480598449707,0.0,1.9880520105361938,128.0,0.1227734163403511,68.85918602719903
144,16,0.39207178354263306,0.0,1.9177430868148804,128.0,0.12191096600145102,70.82800178229809
160,16,0.3937114477157593,0.0,1.8546298742294312,128.0,0.12271432671695948,72.79970257356763
176,16,0.39853397011756897,0.0,1.7875397205352783,128.0,0.12217632587999105,74.77560439147055
192,16,0.4084683656692505,0.0,1.7290533781051636,128.0,0.1232086755335331,76.75234513543546
208,16,0.4135802388191223,0.0,1.6872972249984741,128.0,0.12199030537158251,78.72955162450671
224,16,0.42091047763824463,0.0,1.6535868644714355,128.0,0.12256052531301975,80.70266003441066
240,16,0.43200230598449707,0.0,1.6034178733825684,128.0,0.12184946425259113,82.66742525435984
256,16,0.4392361044883728,0.0,1.5702847242355347,128.0,0.12257335428148508,84.65021622180939
272,16,0.45071375370025635,0.0,1.5243065357208252,128.0,0.12271175347268581,86.62590356729925
288,16,0.45804399251937866,0.0,1.4843946695327759,128.0,0.12245740462094545,88.60905323456973
304,16,0.46797841787338257,0.0,1.4421244859695435,128.0,0.12213097233325243,90.57384946197271
320,16,0.47598379850387573,0.0,1.4083997011184692,128.0,0.12243723403662443,92.54837649315596
336,16,0.47675544023513794,0.0,1.3892534971237183,128.0,0.1221554335206747,94.51993889547884
352,16,0.48495370149612427,0.0,1.3597248792648315,128.0,0.12222217209637165,96.48648991063237
368,16,0.480999231338501,0.0,1.3402118682861328,128.0,0.12302091345191002,98.46400221716613
384,16,0.48495373129844666,0.0,1.3260387182235718,128.0,0.12193333078175783,100.44142332859337
400,16,0.49286267161369324,0.0,1.3095452785491943,128.0,0.12206644099205732,102.40733446739614
416,16,0.48360341787338257,0.0,1.3025791645050049,128.0,0.1219052504748106,104.37891803402454
432,16,0.4857253134250641,0.0,1.2901182174682617,128.0,0.12264157086610794,106.35222625825554
448,16,0.49672067165374756,0.0,1.2715094089508057,128.0,0.12239533010870218,108.31940169259906
464,16,0.4972993731498718,0.0,1.2581298351287842,128.0,0.12219282984733582,110.28519069124013
480,16,0.4974922835826874,0.0,1.2695720195770264,128.0,0.1223915796726942,112.25110999401659
496,16,0.500868022441864,0.0,1.2480617761611938,128.0,0.12325072009116411,114.22538428939879
512,16,0.500578761100769,0.0,1.251529574394226,128.0,0.12264898885041475,116.19977009855211
528,16,0.5089699029922485,0.0,1.2375181913375854,128.0,0.12295582890510559,118.18563149031252
544,16,0.5118634700775146,0.0,1.224433422088623,128.0,0.12202749866992235,120.16352151241153
560,16,0.5142746567726135,0.0,1.209227442741394,128.0,0.12200143747031689,122.12518261838704
576,16,0.5092593431472778,0.0,1.2193893194198608,128.0,0.12213802710175514,124.08824862167239
592,16,0.5194830298423767,0.0,1.1986955404281616,128.0,0.12211117800325155,126.05055517796427
608,16,0.514564037322998,0.0,1.204538106918335,128.0,0.12213525734841824,128.01617312338203
624,16,0.5266203880310059,0.0,1.1810925006866455,128.0,0.12200040649622679,129.98169073276222
640,16,0.5320215821266174,0.0,1.1657400131225586,128.0,0.12200568709522486,131.9431462753564
656,16,0.5333719253540039,0.0,1.1574269533157349,128.0,0.12213421706110239,133.90536970365793
672,16,0.5294174551963806,0.0,1.1705464124679565,128.0,0.12200369592756033,135.8664113851264
688,16,0.5414737462997437,0.0,1.144633173942566,128.0,0.12284362595528364,137.82922236435115
704,16,0.5335648059844971,0.0,1.143383264541626,128.0,0.12197251617908478,139.79346901085228
720,16,0.5436921119689941,0.0,1.1401965618133545,128.0,0.1221162062138319,141.75502478983253
736,16,0.5377122163772583,0.0,1.137798547744751,128.0,0.12198053486645222,143.71643834374845
752,16,0.5497685074806213,0.0,1.1214005947113037,128.0,0.12201748508960009,145.67785469349474
768,16,0.5492863059043884,0.0,1.1224520206451416,128.0,0.1219541048631072,147.63935872819275
784,16,0.5558449029922485,0.0,1.1088355779647827,128.0,0.1225296650081873,149.60853785369545
800,16,0.5543017387390137,0.0,1.105797290802002,128.0,0.1225178437307477,151.58646235894412
816,16,0.5496720671653748,0.0,1.1154812574386597,128.0,0.12261529453098774,153.55492066405714
832,16,0.5524691343307495,0.0,1.1119229793548584,128.0,0.12189638335257769,155.52195019461215
848,16,0.565007746219635,0.0,1.0780425071716309,128.0,0.12214351259171963,157.492884112522
864,16,0.5643326044082642,0.0,1.086443543434143,128.0,0.12190470192581415,159.45904662273824
880,16,0.5634645223617554,0.0,1.074629306793213,128.0,0.12187289260327816,161.43189012352377
896,16,0.5710841417312622,0.0,1.072046160697937,128.0,0.12198657169938087,163.40234691649675
912,16,0.5779321193695068,0.0,1.050313949584961,128.0,0.12198948115110397,165.36982645466924
928,16,0.5732060074806213,0.0,1.061592936515808,128.0,0.12186533119529486,167.3354339664802
944,16,0.5871913433074951,0.0,1.028658390045166,128.0,0.1223030611872673,169.300056964159
960,16,0.5925925970077515,0.0,1.0259078741073608,128.0,0.12276271265000105,171.26663039810956
976,16,0.59375,0.0,1.0246586799621582,128.0,0.1222164100036025,173.23360079713166
992,16,0.5892168283462524,0.0,1.0235729217529297,128.0,0.12224024068564177,175.19694366119802
1008,16,0.5892168283462524,0.0,1.0290558338165283,128.0,0.12201432976871729,177.16271771118045
1024,16,0.6041666269302368,0.0,0.9929644465446472,128.0,0.12203537859022617,179.12679163645953
1040,16,0.6010802388191223,0.0,1.0081770420074463,128.0,0.12191061954945326,181.095662150532
1056,16,0.6111111044883728,0.0,0.9824427366256714,128.0,0.12197517976164818,183.0583293363452
1072,16,0.605999231338501,0.0,1.002617359161377,128.0,0.12237738911062479,185.023237218149
1088,16,0.6262538433074951,0.0,0.9478369951248169,128.0,0.1222842987626791,186.99125365819782
1104,16,0.6180555820465088,0.0,0.979404091835022,128.0,0.12215686775743961,188.9692480592057
1120,16,0.6309798955917358,0.0,0.9473493099212646,128.0,0.12677115108817816,190.94033263344318
1136,16,0.6243248581886292,0.0,0.9666280746459961,128.0,0.12244786787778139,192.90306537784636
1152,16,0.6433256268501282,0.0,0.9189753532409668,128.0,0.12191161792725325,194.87013113033026
1168,16,0.646508514881134,0.0,0.9387733936309814,128.0,0.12208330631256104,196.83733267802745
1184,16,0.6658951044082642,0.0,0.8792545795440674,128.0,0.12249635625630617,198.81288980785757
1200,16,0.6373456716537476,0.0,0.9463644027709961,128.0,0.1228538267314434,200.7833996694535
1216,16,0.6436150074005127,0.0,0.929922878742218,128.0,0.1232148976996541,202.75188732519746
1232,16,0.6875,0.0,0.8472709059715271,128.0,0.12186945602297783,204.71704698633403
1248,16,0.6878857612609863,0.0,0.8569337725639343,128.0,0.12228046543896198,206.68112101219594
1264,16,0.6690779328346252,0.0,0.8844527006149292,128.0,0.12185519468039274,208.64449680317193
1280,16,0.6614583730697632,0.0,0.8937380313873291,128.0,0.12205141596496105,210.61059850268066
1296,16,0.6842206716537476,0.0,0.853169858455658,128.0,0.12236685492098331,212.57471459638327
1312,16,0.6985918283462524,0.0,0.8204067349433899,128.0,0.12189445551484823,214.53712962567806
1328,16,0.7080439925193787,0.0,0.8227176070213318,128.0,0.12189098540693521,216.50672130472958
1344,16,0.6879822611808777,0.0,0.8495147824287415,128.0,0.12244527507573366,218.47099082544446
1360,16,0.7057291269302368,0.0,0.8241972327232361,128.0,0.12192212510854006,220.44277632702142
1376,16,0.7066936492919922,0.0,0.8134326934814453,128.0,0.12187332380563021,222.40961295273155
1392,16,0.729938268661499,0.0,0.7669363021850586,128.0,0.12213570438325405,224.37043813057244
1408,16,0.7093943357467651,0.0,0.8081200122833252,128.0,0.12301641516387463,226.33332192525268
1424,16,0.7367863059043884,0.0,0.7404932379722595,128.0,0.12197794299572706,228.3065860113129
1440,16,0.7016782760620117,0.0,0.8302007913589478,128.0,0.1220399234443903,230.27122706919909
1456,16,0.7227044701576233,0.0,0.776458740234375,128.0,0.12196395266801119,232.24144584685564
1472,16,0.7495177984237671,0.0,0.7265619039535522,128.0,0.12197804264724255,234.20953321829438
1488,16,0.7469135522842407,0.0,0.7358177900314331,128.0,0.12230468261986971,236.1725751645863
1504,16,0.7268518805503845,0.0,0.789171576499939,128.0,0.12272749375551939,238.1486127320677
1520,16,0.7728587985038757,0.0,0.6863021850585938,128.0,0.12198104243725538,240.11535489279777
1536,16,0.7702546715736389,0.0,0.6998015642166138,128.0,0.12218392267823219,242.08422355912626
1552,16,0.7849151492118835,0.0,0.6562796235084534,128.0,0.12219148222357035,244.04758548922837
1568,16,0.803819477558136,0.015625,0.6338794231414795,128.0,0.1220979206264019,246.01032851543278
1584,16,0.7761381268501282,0.0,0.6949339509010315,128.0,0.12202985025942326,247.97402487881482
1600,16,0.8164544701576233,0.0,0.6027899384498596,128.0,0.12276050169020891,249.9423461491242
1616,16,0.8083527088165283,0.0,0.6213440299034119,128.0,0.12234394066035748,251.90759829618037
1632,16,0.8007330298423767,0.0,0.6319984197616577,128.0,0.12217775080353022,253.872482358478
1648,16,0.8039159178733826,0.0,0.6261820197105408,128.0,0.1225663609802723,255.8362431852147
1664,16,0.8603395223617554,0.0078125,0.5023171901702881,128.0,0.12195440847426653,257.7991969194263
1680,16,0.7815394401550293,0.0078125,0.681287944316864,128.0,0.12297935970127583,259.76911752298474
1696,16,0.8630401492118835,0.0078125,0.47271251678466797,128.0,0.12232684902846813,261.7338963802904
1712,16,0.8416281342506409,0.0,0.5608949065208435,128.0,0.12274433020502329,263.6982543747872
1728,16,0.8740354776382446,0.03125,0.48108282685279846,128.0,0.12194162886589766,265.66772982664406
1744,16,0.8583140969276428,0.0078125,0.5068590044975281,128.0,0.12202943861484528,267.63707191403955
1760,16,0.8670910596847534,0.015625,0.5051921606063843,128.0,0.12244921922683716,269.60667437966913
1776,16,0.8534915447235107,0.015625,0.5368471145629883,128.0,0.12337420880794525,271.57491932064295
1792,16,0.8722994327545166,0.015625,0.48275819420814514,128.0,0.12230034824460745,273.54208342637867
1808,16,0.8499228954315186,0.0078125,0.5406482219696045,128.0,0.12199586629867554,275.503618366085
1824,16,0.9004629850387573,0.046875,0.4205677807331085,128.0,0.12212790828198195,277.4644538424909
1840,16,0.854263186454773,0.015625,0.53176349401474,128.0,0.12193018849939108,279.4261955264956
1856,16,0.8762539029121399,0.03125,0.4740602374076843,128.0,0.12196215707808733,281.39137778710574
1872,16,0.8770254850387573,0.0234375,0.4696878492832184,128.0,0.12224975693970919,283.3539141435176
1888,16,0.831693708896637,0.0,0.5884972214698792,128.0,0.12246985640376806,285.31794183701277
1904,16,0.920814037322998,0.09375,0.37179285287857056,128.0,0.12206518650054932,287.28271820768714
1920,16,0.8647762537002563,0.0234375,0.4950427711009979,128.0,0.12200286611914635,289.25283005740494
1936,16,0.8620756268501282,0.0,0.519221842288971,128.0,0.12189507577568293,291.21423002984375
1952,16,0.881944477558136,0.015625,0.4643322825431824,128.0,0.12192958500236273,293.1752138370648
1968,16,0.8971836566925049,0.0390625,0.4164741039276123,128.0,0.12197359371930361,311.8379933964461
1984,16,0.8611111640930176,0.0,0.5109004378318787,128.0,0.1221004631370306,313.808129042387
2000,16,0.9089506268501282,0.03125,0.39543214440345764,128.0,0.12194376345723867,315.7678958810866
2016,16,0.8678627014160156,0.0078125,0.4944397807121277,128.0,0.12185169290751219,317.7282180469483
2032,16,0.8909143209457397,0.0546875,0.4134891629219055,128.0,0.1219745734706521,319.69166516140103
2048,16,0.8798226118087769,0.0234375,0.4720624089241028,128.0,0.12209493387490511,321.6519251903519
2064,16,0.9067323207855225,0.0390625,0.39814990758895874,128.0,0.12199688237160444,323.61216522660106
2080,16,0.8936150074005127,0.0390625,0.4000450074672699,128.0,0.12196891196072102,325.5726228291169
2096,16,0.8963156342506409,0.0234375,0.45177483558654785,128.0,0.12200575228780508,327.5330916782841
2112,16,0.9248650074005127,0.09375,0.3595457077026367,128.0,0.12194047216325998,329.49329038430005
2128,16,0.9067323207855225,0.03125,0.4249539375305176,128.0,0.12213073205202818,331.45465354807675
2144,16,0.933256208896637,0.1484375,0.3422810733318329,128.0,0.12205835152417421,333.41679385956377
2160,16,0.9060571193695068,0.0234375,0.4209713041782379,128.0,0.12205528188496828,335.380771917291
2176,16,0.9161844253540039,0.0703125,0.3850928843021393,128.0,0.12202219106256962,337.34309900179505
2192,16,0.8813657760620117,0.0234375,0.4636876583099365,128.0,0.12239187117666006,339.30584740266204
2208,16,0.9242863655090332,0.1015625,0.3585048019886017,128.0,0.12210275046527386,341.2697275709361
2224,16,0.9104938507080078,0.0390625,0.40607964992523193,128.0,0.12252076156437397,343.2379499580711
2240,16,0.9170525074005127,0.078125,0.3709309995174408,128.0,0.1226123608648777,345.1996344299987
2256,16,0.9126157760620117,0.09375,0.3612139821052551,128.0,0.1221430292353034,347.16148525848985
2272,16,0.8641976118087769,0.0234375,0.5119186043739319,128.0,0.12201434001326561,349.1225710734725
2288,16,0.9267939329147339,0.09375,0.3568480908870697,128.0,0.12222506944090128,351.0899292686954
2304,16,0.8896604776382446,0.0546875,0.3882124125957489,128.0,0.12191492971032858,353.0545778386295
2320,16,0.913001537322998,0.078125,0.40734007954597473,128.0,0.12195671070367098,355.015577734448
2336,16,0.9366319179534912,0.1015625,0.3497457206249237,128.0,0.12289912067353725,356.9797653881833
2352,16,0.9192708730697632,0.0625,0.3915911912918091,128.0,0.12194014899432659,358.9445285592228
2368,16,0.9406828880310059,0.1171875,0.3431912958621979,128.0,0.12215168960392475,360.9123114887625
2384,16,0.9286265969276428,0.1015625,0.3609512746334076,128.0,0.12244111765176058,362.88277552556247
2400,16,0.9272762537002563,0.1484375,0.36292764544487,128.0,0.12203758768737316,364.8519727597013
2416,16,0.9282407760620117,0.171875,0.3723607361316681,128.0,0.12214675825089216,366.8299373239279
2432,16,0.9266011118888855,0.0859375,0.3783058524131775,128.0,0.12248853780329227,368.79827957134694
2448,16,0.938078761100769,0.1875,0.34774282574653625,128.0,0.12207610812038183,370.76426896452904
2464,16,0.9360532760620117,0.1640625,0.34851914644241333,128.0,0.1222478374838829,372.73108239565045
2480,16,0.9308449029922485,0.109375,0.3515249788761139,128.0,0.12201632745563984,374.7023064251989
2496,16,0.9301698207855225,0.109375,0.374906986951828,128.0,0.12211751751601696,376.6679566996172
2512,16,0.9291088581085205,0.15625,0.3404451310634613,128.0,0.12231637723743916,378.64000152330846
2528,16,0.8957369327545166,0.015625,0.4528481662273407,128.0,0.12276680860668421,380.6078053638339
2544,16,0.9548611044883728,0.28125,0.28767168521881104,128.0,0.12183328717947006,382.57459368929267
2560,16,0.9037423133850098,0.0859375,0.3944929242134094,128.0,0.12197688687592745,384.53995442111045
2576,16,0.9116512537002563,0.046875,0.4194149076938629,128.0,0.12297581788152456,386.5088594434783
2592,16,0.9467593431472778,0.2734375,0.3093477785587311,128.0,0.12208834663033485,388.48578734416515
2608,16,0.9197530746459961,0.1015625,0.3758733570575714,128.0,0.12228152621537447,390.45058456715196
2624,16,0.9095293283462524,0.1015625,0.38111910223960876,128.0,0.12194972578436136,392.41702290903777
2640,16,0.9232253432273865,0.0703125,0.3844696283340454,128.0,0.12229588627815247,394.38150457758456
2656,16,0.9379822611808777,0.1640625,0.3486659526824951,128.0,0.12185306660830975,396.34506722167134
2672,16,0.9525463581085205,0.2734375,0.3010525703430176,128.0,0.12191471457481384,398.31066547427326
2688,16,0.9194637537002563,0.125,0.3859018385410309,128.0,0.12208706513047218,400.2739327130839
2704,16,0.920138955116272,0.1484375,0.37964093685150146,128.0,0.12227447517216206,402.24243649095297
2720,16,0.9182099103927612,0.1015625,0.39872273802757263,128.0,0.12191421445459127,404.2075642552227
2736,16,0.951388955116272,0.21875,0.30415642261505127,128.0,0.12220025528222322,406.17450785730034
2752,16,0.885320246219635,0.0234375,0.4279996156692505,128.0,0.1220956752076745,408.14542893879116
2768,16,0.9490740895271301,0.296875,0.30934593081474304,128.0,0.12315442506223917,410.1118309246376
2784,16,0.9012346267700195,0.0546875,0.45472705364227295,128.0,0.12580291647464037,412.09752737451345
2800,16,0.9493634700775146,0.265625,0.298501580953598,128.0,0.12268126383423805,414.06703052669764
2816,16,0.9074074029922485,0.0859375,0.4049259424209595,128.0,0.12199963349848986,416.04633832909167
2832,16,0.9300733208656311,0.1796875,0.35402506589889526,128.0,0.1227086940780282,418.0185509165749
2848,16,0.9179205298423767,0.109375,0.38910043239593506,128.0,0.12249749433249235,420.00286972522736
2864,16,0.944251537322998,0.1640625,0.3392142951488495,128.0,0.1221899539232254,421.97893540840596
2880,16,0.9488811492919922,0.1953125,0.3101257085800171,128.0,0.12227573338896036,423.95268432796
2896,16,0.8910108208656311,0.1484375,0.38415756821632385,128.0,0.12257723324000835,425.9289517458528
2912,16,0.8967013955116272,0.046875,0.4506421685218811,128.0,0.12250432278960943,427.90312488004565
2928,16,0.9496527910232544,0.3046875,0.2921454608440399,128.0,0.12205909285694361,429.86914490908384
2944,16,0.9349923133850098,0.1484375,0.3323921263217926,128.0,0.1219833130016923,431.83233938459307
2960,16,0.8997877836227417,0.109375,0.40341606736183167,128.0,0.12181438133120537,433.7982191070914
2976,16,0.94251549243927,0.2421875,0.3134097456932068,128.0,0.12231577187776566,435.76370569877326
2992,16,0.9428048133850098,0.2265625,0.3333292305469513,128.0,0.121913131326437,437.72495260462165
3008,16,0.9371141791343689,0.25,0.3379606306552887,128.0,0.1221002209931612,439.68830122984946
3024,16,0.9295910596847534,0.1328125,0.37847742438316345,128.0,0.12164619378745556,460.8151115644723
3040,16,0.9568866491317749,0.3046875,0.2755056619644165,128.0,0.12177985534071922,462.77803788427263
3056,16,0.9228395223617554,0.1328125,0.38511934876441956,128.0,0.1219190051779151,464.7428921498358
3072,16,0.9248650074005127,0.1640625,0.3813040554523468,128.0,0.12246010359376669,466.7035660063848
3088,16,0.9510995745658875,0.40625,0.2884288728237152,128.0,0.1215982073917985,468.66576151177287
3104,16,0.9095293283462524,0.140625,0.36278778314590454,128.0,0.12168120685964823,470.6257564611733
3120,16,0.9067323207855225,0.046875,0.4398282766342163,128.0,0.1217072969302535,472.5862885816023
3136,16,0.952256977558136,0.359375,0.2900259494781494,128.0,0.12195056769996881,474.54333981126547
3152,16,0.9372106790542603,0.1796875,0.35048186779022217,128.0,0.12165316008031368,476.5011169007048
3168,16,0.922935962677002,0.1484375,0.3780886232852936,128.0,0.12178250029683113,478.4636638974771
3184,16,0.9389467835426331,0.2734375,0.32188892364501953,128.0,0.12170481123030186,480.4220417663455
3200,16,0.926311731338501,0.203125,0.31533142924308777,128.0,0.12174306064844131,482.3799269469455
3216,16,0.9022955298423767,0.0625,0.4373929500579834,128.0,0.12196883093565702,484.34180986881256
3232,16,0.9513888955116272,0.3359375,0.29990747570991516,128.0,0.12182718235999346,486.29953160043806
3248,16,0.9578510522842407,0.34375,0.2735440731048584,128.0,0.12169633340090513,488.25705125462264
3264,16,0.9127122163772583,0.1640625,0.38314828276634216,128.0,0.12207658309489489,490.2195981554687
3280,16,0.9372106790542603,0.1484375,0.33432111144065857,128.0,0.12209504283964634,492.184366742149
3296,16,0.9393326044082642,0.3046875,0.3327547013759613,128.0,0.12197854463011026,494.14446172118187
3312,16,0.9536073207855225,0.359375,0.29493018984794617,128.0,0.12186008505523205,496.1040692925453
3328,16,0.9434799551963806,0.203125,0.34361040592193604,128.0,0.12224708497524261,498.0657243989408
3344,16,0.941936731338501,0.1796875,0.3393954038619995,128.0,0.12180680688470602,500.0231719855219
3360,16,0.9422261118888855,0.3125,0.32341668009757996,128.0,0.12179730646312237,501.98170495964587
3376,16,0.9305555820465088,0.125,0.38069862127304077,128.0,0.12181444931775331,503.9398067863658
3392,16,0.9126157760620117,0.1171875,0.36080509424209595,128.0,0.12161940895020962,505.9013238148764
3408,16,0.9256365895271301,0.1328125,0.3732497990131378,128.0,0.12183845974504948,507.86034196894616
3424,16,0.9394290447235107,0.28125,0.3243803381919861,128.0,0.12193212006241083,509.82268276717514
3440,16,0.9046103954315186,0.078125,0.42514947056770325,128.0,0.12179112993180752,511.787638887763
3456,16,0.9417438507080078,0.2578125,0.31138479709625244,128.0,0.1218191422522068,513.7466807328165
3472,16,0.9321953058242798,0.1640625,0.3619169592857361,128.0,0.1219954015687108,515.7083382504061
3488,16,0.9518711566925049,0.359375,0.2937106490135193,128.0,0.121836232021451,517.6726331021637
3504,16,0.9471451044082642,0.3203125,0.2878742218017578,128.0,0.12175201438367367,519.6319423662499
3520,16,0.9048997163772583,0.1015625,0.4113970398902893,128.0,0.12210077419877052,521.5914866393432
3536,16,0.945891261100769,0.3046875,0.29617753624916077,128.0,0.12185020372271538,523.55045496393
3552,16,0.9153164029121399,0.0625,0.4219076633453369,128.0,0.1219237856566906,525.5250512929633
3568,16,0.9615162014961243,0.421875,0.24796415865421295,128.0,0.12211237568408251,527.4852505633608
3584,16,0.9237076044082642,0.1328125,0.3790516257286072,128.0,0.12193886749446392,529.453880446963
3600,16,0.9510030746459961,0.28125,0.30952656269073486,128.0,0.12233978603035212,531.4222233286127
3616,16,0.9177277088165283,0.203125,0.36197760701179504,128.0,0.12182982731610537,533.3888518149033
3632,16,0.9267940521240234,0.25,0.3471125662326813,128.0,0.12194672878831625,535.3491279147565
3648,16,0.9512924551963806,0.234375,0.31468287110328674,128.0,0.12184320855885744,537.3098718738183
3664,16,0.9412615299224854,0.234375,0.3369872272014618,128.0,0.12199777830392122,539.2727663274854
3680,16,0.9389467835426331,0.28125,0.3104203939437866,128.0,0.12235818896442652,541.2379261450842
3696,16,0.894000768661499,0.1015625,0.4281454384326935,128.0,0.12207885831594467,543.2045766599476
3712,16,0.9321951866149902,0.21875,0.3441271483898163,128.0,0.12201993074268103,545.1655147764832
3728,16,0.9521604776382446,0.28125,0.2909829020500183,128.0,0.12218294106423855,547.1297306250781
3744,16,0.9368248581886292,0.21875,0.3410445749759674,128.0,0.12216376233845949,549.0912616997957
3760,16,0.9305555820465088,0.234375,0.3435627222061157,128.0,0.1221816809847951,551.0526754334569
3776,16,0.9259259700775146,0.234375,0.33560818433761597,128.0,0.12179851345717907,553.0133768385276
3792,16,0.9254436492919922,0.1796875,0.35803866386413574,128.0,0.12198797333985567,554.9800106901675
3808,16,0.9403935670852661,0.3359375,0.30812591314315796,128.0,0.12213172297924757,556.9413772216067
3824,16,0.9298803806304932,0.171875,0.3611203730106354,128.0,0.12196412496268749,558.9128067819402
3840,16,0.9471451044082642,0.3046875,0.2999894917011261,128.0,0.12214708514511585,560.8780575338751
3856,16,0.9257330894470215,0.203125,0.34925559163093567,128.0,0.1221739649772644,562.8400929020718
3872,16,0.9316165447235107,0.234375,0.3368455767631531,128.0,0.1226186752319336,564.8049922231585
3888,16,0.9315200448036194,0.109375,0.3777758777141571,128.0,0.12200584728270769,566.7774867871776
3904,16,0.9483024477958679,0.296875,0.30498701333999634,128.0,0.12184339761734009,568.7396696023643
3920,16,0.9241898655891418,0.296875,0.3050376772880554,128.0,0.12224445212632418,587.4247733335942
3936,16,0.9066358804702759,0.09375,0.42202383279800415,128.0,0.12177404388785362,589.3889599787071
3952,16,0.9670138955116272,0.4921875,0.23655255138874054,128.0,0.12242367304861546,591.3492029998451
3968,16,0.9206211566925049,0.1640625,0.3884638249874115,128.0,0.12182838469743729,593.3115728357807
3984,16,0.9447337985038757,0.3828125,0.3034007251262665,128.0,0.12200000509619713,595.2716715950519
4000,16,0.9054784774780273,0.1171875,0.4148774743080139,128.0,0.12188698537647724,597.2338261688128
4016,16,0.9231288433074951,0.203125,0.3344874680042267,128.0,0.12181030679494143,599.5675400281325
4032,16,0.9233218431472778,0.1328125,0.3608074486255646,128.0,0.12177504692226648,601.5274922456592
4048,16,0.9402006268501282,0.3046875,0.31187930703163147,128.0,0.1222008066251874,603.4886237289757
4064,16,0.9402006268501282,0.25,0.33397603034973145,128.0,0.12187358736991882,605.4506950378418
4080,16,0.9327739477157593,0.2890625,0.3286171555519104,128.0,0.12189944833517075,607.4092354727909
4096,16,0.9316165447235107,0.3515625,0.2974068820476532,128.0,0.12210380844771862,609.3766337484121
4112,16,0.893325686454773,0.109375,0.43033790588378906,128.0,0.12262435909360647,611.3420557463542
4128,16,0.9523534178733826,0.359375,0.2865969240665436,128.0,0.12181035056710243,613.3073480222374
4144,16,0.9379822611808777,0.3203125,0.31023886799812317,128.0,0.12174421176314354,615.2702923323959
4160,16,0.9392361044883728,0.34375,0.27917152643203735,128.0,0.12191064096987247,617.2315618731081
4176,16,0.9169560670852661,0.109375,0.3932987451553345,128.0,0.12190671171993017,619.1909248065203
4192,16,0.9440586566925049,0.21875,0.33483177423477173,128.0,0.12258748058229685,621.163612831384
4208,16,0.9312307834625244,0.2109375,0.3568434417247772,128.0,0.12180273234844208,623.1259234659374
4224,16,0.9479166865348816,0.375,0.2747437357902527,128.0,0.1216985434293747,625.0884338263422
4240,16,0.8961226940155029,0.1796875,0.3605441451072693,128.0,0.1228577308356762,627.0502579277381
4256,16,0.9185956716537476,0.125,0.3870900273323059,128.0,0.12174460478127003,629.0120253069326
4272,16,0.9607446193695068,0.4609375,0.2494765669107437,128.0,0.12266067322343588,630.9750812910497
4288,16,0.9225502014160156,0.15625,0.3805343210697174,128.0,0.12253861408680677,632.9423219552264
4304,16,0.9550540447235107,0.3984375,0.2757497727870941,128.0,0.1226941542699933,634.910841085948
4320,16,0.9164738059043884,0.1796875,0.3724372982978821,128.0,0.12211877573281527,636.875071182847
4336,16,0.9212962985038757,0.2265625,0.3539281487464905,128.0,0.12209501676261425,638.840526224114
4352,16,0.9387538433074951,0.375,0.2625831365585327,128.0,0.12204157654196024,640.8009424842894
4368,16,0.8767361640930176,0.0625,0.48879748582839966,128.0,0.12182833719998598,642.7653636038303
4384,16,0.9513888955116272,0.3671875,0.2797471582889557,128.0,0.1218153778463602,644.7257300391793
4400,16,0.9167631268501282,0.1171875,0.37435975670814514,128.0,0.12177103944122791,646.6851502042264
4416,16,0.9180170297622681,0.2265625,0.35818710923194885,128.0,0.12176794838160276,648.6444804174826
4432,16,0.9398148059844971,0.265625,0.2981241047382355,128.0,0.1221431689336896,650.6049408465624
4448,16,0.9316165447235107,0.28125,0.3422990143299103,128.0,0.12190746050328016,652.5666353804991
4464,16,0.919946014881134,0.1640625,0.39679431915283203,128.0,0.1218809811398387,654.5283498028293
4480,16,0.9299768209457397,0.2578125,0.33218806982040405,128.0,0.12213996145874262,656.4915939187631
4496,16,0.927951455116272,0.2890625,0.29074621200561523,128.0,0.12200454156845808,658.4559829691425
4512,16,0.908757746219635,0.1171875,0.4177215099334717,128.0,0.12194978259503841,660.4171051653102
4528,16,0.9530285596847534,0.46875,0.25001055002212524,128.0,0.12189385294914246,662.3784717386588
4544,16,0.9036458730697632,0.1328125,0.3824182450771332,128.0,0.12195375189185143,664.3407328771427
4560,16,0.9602622985839844,0.453125,0.2670527994632721,128.0,0.12200052291154861,666.3022421244532
4576,16,0.9348958730697632,0.265625,0.30605319142341614,128.0,0.12196209467947483,668.2692833887413
4592,16,0.9166666865348816,0.1953125,0.3690519630908966,128.0,0.12186245433986187,670.2311716005206
4608,16,0.9280478358268738,0.171875,0.356550395488739,128.0,0.12177893612533808,672.1919318027794
4624,16,0.9346064925193787,0.296875,0.3417649269104004,128.0,0.12180477473884821,674.1512034935877
4640,16,0.9365354776382446,0.296875,0.3239051401615143,128.0,0.12193908542394638,676.1131477877498
4656,16,0.9282407760620117,0.234375,0.35864657163619995,128.0,0.12240644544363022,678.0742550808936
4672,16,0.949749231338501,0.375,0.2819088399410248,128.0,0.12183055561035872,680.0392007920891
4688,16,0.8878279328346252,0.1796875,0.3980986773967743,128.0,0.12182614672929049,682.0024804258719
4704,16,0.936631977558136,0.2421875,0.3331206738948822,128.0,0.12188179790973663,683.9618083545938
4720,16,0.9407793283462524,0.296875,0.32217076420783997,128.0,0.12189021799713373,685.9227553065866
4736,16,0.9413580298423767,0.3515625,0.3182165324687958,128.0,0.12202778831124306,687.8872253382578
4752,16,0.9233217239379883,0.25,0.34891727566719055,128.0,0.12259956821799278,689.8472466571257
4768,16,0.9007523059844971,0.1953125,0.3789788484573364,128.0,0.12184902932494879,691.8083086302504
4784,16,0.9297839403152466,0.296875,0.31694889068603516,128.0,0.12188393995165825,693.7689039818943
4800,16,0.9494599103927612,0.3828125,0.29788005352020264,128.0,0.12207193952053785,695.7282419428229
4816,16,0.9256365895271301,0.2421875,0.35649213194847107,128.0,0.12266468908637762,697.6908847941086
4832,16,0.9327739477157593,0.3046875,0.3216067850589752,128.0,0.12193566095083952,699.6529577244073
4848,16,0.9473379850387573,0.2734375,0.2965361475944519,128.0,0.12185160163789988,701.6160004194826
4864,16,0.9315201044082642,0.3046875,0.3316691517829895,128.0,0.12193459179252386,703.5759544074535
4880,16,0.9375,0.390625,0.28843995928764343,128.0,0.12202003132551908,705.5354558825493
4896,16,0.8867670297622681,0.09375,0.44923314452171326,128.0,0.12221941165626049,707.4948117053136
4912,16,0.9473379850387573,0.3671875,0.2824150621891022,128.0,0.1218425128608942,709.4564251108095
4928,16,0.9327739477157593,0.2890625,0.33717080950737,128.0,0.12195048294961452,711.4160522967577
4944,16,0.9288194179534912,0.2421875,0.34637919068336487,128.0,0.12193544581532478,713.3753986796364
4960,16,0.9271798133850098,0.265625,0.3286431133747101,128.0,0.12205340526998043,715.3354270998389
4976,16,0.9064429402351379,0.203125,0.37033364176750183,128.0,0.12218123394995928,717.2991957170889
4992,16,0.9350887537002563,0.2578125,0.3106253147125244,128.0,0.12193211540579796,719.2583012413234
5008,16,0.9358603954315186,0.21875,0.34931299090385437,128.0,0.12169908545911312,721.5722833499312
5024,16,0.9293017387390137,0.28125,0.3242291212081909,128.0,0.12191523611545563,723.5312462383881
5040,16,0.9339313507080078,0.375,0.2678218185901642,128.0,0.12180691584944725,725.4932479485869
5056,16,0.8828125596046448,0.09375,0.46172791719436646,128.0,0.12174419686198235,727.4549350561574
5072,16,0.9559220671653748,0.453125,0.2564031481742859,128.0,0.12214344646781683,729.4117114497349
5088,16,0.9519675970077515,0.3046875,0.2869621217250824,128.0,0.12179560773074627,731.3707299241796
5104,16,0.9122299551963806,0.203125,0.3561795949935913,128.0,0.12186904903501272,733.3315721135587
5120,16,0.8970872163772583,0.0859375,0.42678484320640564,128.0,0.12207941804081202,735.2930966671556
5136,16,0.961998462677002,0.5,0.23510263860225677,128.0,0.12189415842294693,737.2534175105393
5152,16,0.939139723777771,0.3359375,0.3181205093860626,128.0,0.12165538966655731,739.2104267459363
5168,16,0.9010416865348816,0.1875,0.37813639640808105,128.0,0.12177228927612305,741.1670383475721
5184,16,0.9253472089767456,0.265625,0.34000033140182495,128.0,0.12188013922423124,743.1336587984115
5200,16,0.9189814925193787,0.28125,0.30855709314346313,128.0,0.12182897049933672,745.0935150980949
5216,16,0.8947724103927612,0.0625,0.42977991700172424,128.0,0.12184914108365774,747.0542214429006
5232,16,0.9599730372428894,0.546875,0.22987253963947296,128.0,0.12185761146247387,749.01374216564
5248,16,0.9508101940155029,0.484375,0.2687559723854065,128.0,0.12189553212374449,750.9778739660978
5264,16,0.9180170297622681,0.234375,0.3682357370853424,128.0,0.12176195159554482,752.9375706315041
5280,16,0.9111690521240234,0.09375,0.3757938742637634,128.0,0.12209315318614244,754.8956711152568
5296,16,0.9456982612609863,0.4140625,0.29174384474754333,128.0,0.1218700036406517,756.8551419144496
5312,16,0.9399113059043884,0.3515625,0.31370440125465393,128.0,0.12179286312311888,758.8162490455434
5328,16,0.8918788433074951,0.1953125,0.3920340836048126,128.0,0.12175775412470102,760.7750099273399
5344,16,0.9329668283462524,0.2890625,0.3214219808578491,128.0,0.12193780392408371,762.7378473989666
5360,16,0.9158950448036194,0.2421875,0.352568119764328,128.0,0.12172339484095573,764.694672236219
5376,16,0.9197530746459961,0.1875,0.3510846495628357,128.0,0.12170222587883472,766.6515973201022
5392,16,0.951388955116272,0.4765625,0.25756552815437317,128.0,0.12185171525925398,768.6083854809403
5408,16,0.9175347089767456,0.25,0.38026079535484314,128.0,0.12195265479385853,770.5651474464685
5424,16,0.9295910596847534,0.3046875,0.3292691707611084,128.0,0.1216992661356926,772.5228790575638
5440,16,0.9165703058242798,0.265625,0.3308003544807434,128.0,0.12175719626247883,774.479711625725
5456,16,0.9355709552764893,0.2734375,0.3074113428592682,128.0,0.12238103616982698,776.4372576288879
5472,16,0.9459877014160156,0.3828125,0.29982292652130127,128.0,0.12172256782650948,778.3947024270892
5488,16,0.9154129028320312,0.203125,0.34966832399368286,128.0,0.1217383285984397,780.3525364212692
5504,16,0.9055749177932739,0.1640625,0.3894432783126831,128.0,0.12184535805135965,782.3147952249274
5520,16,0.9452160596847534,0.3984375,0.2933352291584015,128.0,0.1220090975984931,784.2828733436763
5536,16,0.9356674551963806,0.3359375,0.31001245975494385,128.0,0.12182276882231236,786.2441129498184
5552,16,0.9329668283462524,0.25,0.3171244263648987,128.0,0.12192024942487478,788.2043090239167
5568,16,0.9094328880310059,0.2734375,0.32294121384620667,128.0,0.12179579865187407,790.1643372932449
5584,16,0.9022955298423767,0.1171875,0.4115401804447174,128.0,0.1218769596889615,792.125396868214
5600,16,0.9498456716537476,0.4296875,0.26097843050956726,128.0,0.12308331858366728,794.0970770800486
5616,16,0.9063464403152466,0.171875,0.40681302547454834,128.0,0.12213265988975763,796.0632228478789
5632,16,0.9329668283462524,0.34375,0.3025651276111603,128.0,0.1219949908554554,798.024848128669
5648,16,0.9152199029922485,0.234375,0.36392834782600403,128.0,0.121878900565207,799.9939064923674
5664,16,0.9293981790542603,0.3125,0.3295343518257141,128.0,0.1218947609886527,801.9568925024942
5680,16,0.9306520223617554,0.3046875,0.32213401794433594,128.0,0.12178110145032406,803.9198754485697
5696,16,0.9325810670852661,0.3515625,0.3362441658973694,128.0,0.12195096164941788,805.8829866200686
5712,16,0.9160879850387573,0.25,0.3674148917198181,128.0,0.12205620296299458,807.8456111382693
5728,16,0.9173418283462524,0.296875,0.3634990453720093,128.0,0.12207340169698,809.8093640403822
5744,16,0.9349923133850098,0.40625,0.30248090624809265,128.0,0.12194127310067415,811.7756003523245
5760,16,0.9396219253540039,0.375,0.26655313372612,128.0,0.12228941265493631,813.7387881977484
5776,16,0.9145447611808777,0.28125,0.3526971638202667,128.0,0.12212275341153145,815.7021512463689
5792,16,0.925250768661499,0.2734375,0.33091139793395996,128.0,0.12186998408287764,817.6710195122287
5808,16,0.8976659178733826,0.1796875,0.41378703713417053,128.0,0.12199578434228897,819.6295355306938
5824,16,0.922453761100769,0.34375,0.32395145297050476,128.0,0.12331932317465544,821.5934787457809
5840,16,0.8908179402351379,0.2109375,0.39592352509498596,128.0,0.12197115458548069,823.5540341921151
5856,16,0.9426119327545166,0.3984375,0.2810857594013214,128.0,0.12184394616633654,825.5129805868492
5872,16,0.9014275074005127,0.234375,0.35258182883262634,128.0,0.12180372886359692,844.1012540897354
5888,16,0.9236111044883728,0.3125,0.3377724885940552,128.0,0.12181182857602835,846.0593868112192
5904,16,0.9211998581886292,0.2265625,0.34898045659065247,128.0,0.1217825198546052,848.0206120638177
5920,16,0.9472415447235107,0.40625,0.2837619185447693,128.0,0.12199482042342424,849.9794199056923
5936,16,0.9367284178733826,0.265625,0.31722939014434814,128.0,0.12192951049655676,851.9377569621429
5952,16,0.9336419701576233,0.375,0.3170245885848999,128.0,0.12199148070067167,853.8962630946189
5968,16,0.9215856790542603,0.34375,0.3392880856990814,128.0,0.12188206054270267,855.8555780714378
5984,16,0.9015239477157593,0.171875,0.4056151211261749,128.0,0.12188304122537374,857.8166158497334
6000,16,0.9091435670852661,0.3515625,0.33234965801239014,128.0,0.12222580146044493,859.7861664295197
6016,16,0.9057677388191223,0.171875,0.387943834066391,128.0,0.12192615121603012,862.1132738236338
6032,16,0.9345100522041321,0.3203125,0.3122411072254181,128.0,0.12202898226678371,864.0732068093494
6048,16,0.8847415447235107,0.1171875,0.42770814895629883,128.0,0.12181395292282104,866.0328051224351
6064,16,0.9673032760620117,0.6015625,0.20257002115249634,128.0,0.12223316170275211,867.9922947296873
6080,16,0.9153164029121399,0.2421875,0.38138359785079956,128.0,0.12185043469071388,869.9519395427778
6096,16,0.9342206716537476,0.4140625,0.30933377146720886,128.0,0.12171685323119164,871.9130012262613
6112,16,0.9365355372428894,0.3671875,0.2982580065727234,128.0,0.12190200388431549,873.8733062688261
6128,16,0.9079861044883728,0.3125,0.3520283102989197,128.0,0.12177532445639372,875.8320742473006
6144,16,0.9092400074005127,0.1953125,0.3884568214416504,128.0,0.12167140375822783,877.7899751318619
6160,16,0.9403935670852661,0.359375,0.29909101128578186,128.0,0.12192870490252972,879.7473126435652
6176,16,0.9345100522041321,0.3125,0.33402109146118164,128.0,0.12191846407949924,881.7056583277881
6192,16,0.9374035596847534,0.4140625,0.29885607957839966,128.0,0.12200676463544369,883.6686344081536
6208,16,0.9333526492118835,0.3046875,0.33298900723457336,128.0,0.12198832537978888,885.6290584597737
6224,16,0.920814037322998,0.34375,0.31069350242614746,128.0,0.12186868581920862,887.5926666697487
6240,16,0.9158951044082642,0.2578125,0.35603517293930054,128.0,0.12213469482958317,889.5526943206787
6256,16,0.9158951044082642,0.3046875,0.31125426292419434,128.0,0.12184034660458565,891.5121627673507
6272,16,0.9298803806304932,0.34375,0.30497899651527405,128.0,0.12193489633500576,893.4730065269396
6288,16,0.9320023655891418,0.390625,0.31286728382110596,128.0,0.12213027663528919,895.4371347352862
6304,16,0.9283372163772583,0.3671875,0.2950880527496338,128.0,0.1222643069922924,897.3972813952714
6320,16,0.9196566939353943,0.2578125,0.3492458760738373,128.0,0.12179923802614212,899.3559999624267
6336,16,0.9523533582687378,0.53125,0.23986467719078064,128.0,0.12164462823420763,901.3132541468367
6352,16,0.908757746219635,0.203125,0.3834158778190613,128.0,0.12174760922789574,903.2719603134319
6368,16,0.9201388955116272,0.3828125,0.3014598488807678,128.0,0.121918017975986,905.2315531922504
6384,16,0.9138696193695068,0.25,0.3422660827636719,128.0,0.12189267948269844,907.1910990476608
6400,16,0.9417438507080078,0.3671875,0.2904348075389862,128.0,0.12196994945406914,909.1589633338153
6416,16,0.934124231338501,0.3671875,0.2841528058052063,128.0,0.12213355861604214,911.1300305295736
6432,16,0.8737461566925049,0.078125,0.4654386043548584,128.0,0.12193452008068562,913.0910907257348
6448,16,0.9519675970077515,0.53125,0.23477958142757416,128.0,0.12186435051262379,915.0499959895387
6464,16,0.8986303806304932,0.109375,0.41449445486068726,128.0,0.1218546200543642,917.0097784167156
6480,16,0.9246720671653748,0.2578125,0.32300102710723877,128.0,0.12186074163764715,918.9684405708686
6496,16,0.9237076044082642,0.1953125,0.333433598279953,128.0,0.12186802085489035,920.932043870911
6512,16,0.9249613881111145,0.3203125,0.3390622138977051,128.0,0.12184636108577251,922.8901235144585
6528,16,0.9224537014961243,0.3046875,0.33348211646080017,128.0,0.12193216197192669,924.8517125071958
6544,16,0.9250578880310059,0.3203125,0.3282724618911743,128.0,0.12186029180884361,926.814259102568
6560,16,0.9327738881111145,0.34375,0.2980059087276459,128.0,0.12192724272608757,928.7743261866271
6576,16,0.9023919701576233,0.28125,0.34316304326057434,128.0,0.12184168305248022,930.7331661274657
6592,16,0.9188850522041321,0.296875,0.3333110809326172,128.0,0.12244454119354486,932.6930121006444
6608,16,0.9342206716537476,0.4140625,0.29954248666763306,128.0,0.12186144292354584,934.6526705287397
6624,16,0.9205247163772583,0.2890625,0.33619922399520874,128.0,0.1220927219837904,936.6176673434675
6640,16,0.8932292461395264,0.234375,0.3921487033367157,128.0,0.12191781308501959,938.5769100300968
6656,16,0.9259259700775146,0.2578125,0.33793574571609497,128.0,0.12191657349467278,940.5352810332552
6672,16,0.9507137537002563,0.546875,0.23875339329242706,128.0,0.12205926422029734,942.4940379904583
6688,16,0.9243826866149902,0.28125,0.345194548368454,128.0,0.12184673454612494,944.45539996773
6704,16,0.9100116491317749,0.3984375,0.3237254023551941,128.0,0.12250934448093176,946.4255104167387
6720,16,0.8894675970077515,0.125,0.42694854736328125,128.0,0.1217906353995204,948.3854253040627
6736,16,0.9241898059844971,0.3359375,0.29554668068885803,128.0,0.12191448546946049,950.3455170774832
6752,16,0.9205247163772583,0.25,0.33838140964508057,128.0,0.12192783504724503,952.3087003184482
6768,16,0.9344136118888855,0.46875,0.28429874777793884,128.0,0.12173770554363728,954.2655132943764
6784,16,0.904321014881134,0.1953125,0.3855957090854645,128.0,0.12164781615138054,956.2243479611352
6800,16,0.90625,0.3046875,0.3378332853317261,128.0,0.12280839495360851,958.1867868173867
6816,16,0.9204282760620117,0.2890625,0.34781333804130554,128.0,0.12183195631951094,960.1448646634817
6832,16,0.9456983208656311,0.421875,0.2572265565395355,128.0,0.12179153691977262,962.1037760339677
6848,16,0.9042245149612427,0.3125,0.36306336522102356,128.0,0.12161232624202967,964.0643985942006
6864,16,0.9107831716537476,0.2109375,0.3867630958557129,128.0,0.12189272698014975,966.0210517458618
6880,16,0.9154127836227417,0.2890625,0.32741403579711914,128.0,0.1230418961495161,967.9937980677933
6896,16,0.9008487462997437,0.1640625,0.3895083963871002,128.0,0.12220216821879148,969.9570771576837
6912,16,0.9370177984237671,0.390625,0.2843148112297058,128.0,0.1218986576423049,971.9197721015662
6928,16,0.8964120149612427,0.1640625,0.41223737597465515,128.0,0.12204440869390965,973.8792300457135
6944,16,0.9125193357467651,0.265625,0.32333824038505554,128.0,0.12199237756431103,975.8416626881808
6960,16,0.8959298133850098,0.1796875,0.39750728011131287,128.0,0.12180718779563904,977.8162314081565
6976,16,0.9331597685813904,0.4609375,0.2630331218242645,128.0,0.12203197740018368,979.7810289459303
6992,16,0.8894675970077515,0.1484375,0.41259631514549255,128.0,0.1225410783663392,981.7418177435175
7008,16,0.9041280746459961,0.265625,0.34214404225349426,128.0,0.1220922190696001,984.0614477740601
7024,16,0.9148341417312622,0.1953125,0.3619133532047272,128.0,0.12234137859195471,986.0225767306983
7040,16,0.9590084552764893,0.6171875,0.20346543192863464,128.0,0.12193662952631712,987.9855903377756
7056,16,0.8932291865348816,0.1875,0.422904908657074,128.0,0.1217156108468771,989.948479609564
7072,16,0.920814037322998,0.328125,0.31931743025779724,128.0,0.12161800172179937,991.9090750087053
7088,16,0.8893711566925049,0.125,0.4283900558948517,128.0,0.12196313124150038,993.8717659581453
7104,16,0.9273726940155029,0.3515625,0.2962903380393982,128.0,0.12189976032823324,995.8338150726631
7120,16,0.9063464999198914,0.2265625,0.3926458954811096,128.0,0.1218439806252718,997.7962261019275
7136,16,0.953125,0.546875,0.2289373278617859,128.0,0.12184075079858303,999.7549475086853
7152,16,0.9006558656692505,0.1640625,0.4151281416416168,128.0,0.1218352522701025,1001.7124184211716
7168,16,0.9040316939353943,0.3046875,0.3512808680534363,128.0,0.12185316160321236,1003.6704603573307
7184,16,0.9236111044883728,0.25,0.3244872987270355,128.0,0.1218702020123601,1005.6290124561638
7200,16,0.916570246219635,0.375,0.30351313948631287,128.0,0.12203985173255205,1007.5868960907683
7216,16,0.883873462677002,0.1015625,0.45870211720466614,128.0,0.1217851722612977,1009.5453828377649
7232,16,0.9436728358268738,0.3984375,0.26927754282951355,128.0,0.12183731235563755,1011.5107237687334
7248,16,0.922935962677002,0.3515625,0.3242209851741791,128.0,0.12190071307122707,1013.4680137652904
7264,16,0.8941936492919922,0.3203125,0.36136484146118164,128.0,0.1218375638127327,1015.4258069442585
7280,16,0.8871527910232544,0.1171875,0.4516334533691406,128.0,0.12178759276866913,1017.3836636161432
7296,16,0.9139660596847534,0.296875,0.3335973024368286,128.0,0.12181127350777388,1019.3422731133178
7312,16,0.9117476940155029,0.28125,0.3552408516407013,128.0,0.12198223359882832,1021.3015823913738
7328,16,0.9233217239379883,0.3515625,0.31972143054008484,128.0,0.12210448458790779,1023.2614233037457
7344,16,0.9397183656692505,0.3515625,0.3024882376194,128.0,0.12188705522567034,1025.2212675083429
7360,16,0.9461805820465088,0.5078125,0.2748595178127289,128.0,0.12190573383122683,1027.1807264378294
7376,16,0.8888888955116272,0.25,0.39765822887420654,128.0,0.12194626498967409,1029.1443154253066
7392,16,0.9163773059844971,0.28125,0.3344029486179352,128.0,0.12263191398233175,1031.111294131726
7408,16,0.9037423133850098,0.2421875,0.3567882180213928,128.0,0.1220260951668024,1033.0764489239082
7424,16,0.9450231790542603,0.4140625,0.27387821674346924,128.0,0.12209327425807714,1035.0372671056539
7440,16,0.9341242909431458,0.40625,0.2972988486289978,128.0,0.12182280607521534,1036.9961238047108
7456,16,0.919946014881134,0.3046875,0.3240085244178772,128.0,0.12180272676050663,1038.9543478274718
7472,16,0.9158951044082642,0.3046875,0.3523084819316864,128.0,0.12184146698564291,1040.9120171051472
7488,16,0.9302662014961243,0.453125,0.29095378518104553,128.0,0.12178322579711676,1042.8691677376628
7504,16,0.9114583730697632,0.2890625,0.33679094910621643,128.0,0.12199126649647951,1044.8282454190776
7520,16,0.9222608804702759,0.296875,0.3337925374507904,128.0,0.12193240597844124,1046.791489649564
7536,16,0.8948688507080078,0.2734375,0.3524942696094513,128.0,0.12192434724420309,1048.7528569363058
7552,16,0.9074074625968933,0.265625,0.3581676185131073,128.0,0.12185020837932825,1050.7118179006502
7568,16,0.9313271641731262,0.4375,0.293508917093277,128.0,0.12193593848496675,1052.6730816736817
7584,16,0.8971836566925049,0.1875,0.39201098680496216,128.0,0.12187171820551157,1054.6363730784506
7600,16,0.9395254850387573,0.421875,0.27299028635025024,128.0,0.1218491280451417,1056.5948278335854
7616,16,0.9346065521240234,0.359375,0.28689175844192505,128.0,0.12177180871367455,1058.556320477277
7632,16,0.8892747163772583,0.1796875,0.4009639620780945,128.0,0.12189753912389278,1060.5159738678485
7648,16,0.9147377014160156,0.296875,0.3411211669445038,128.0,0.12239278759807348,1062.4813720723614
7664,16,0.9303627014160156,0.3828125,0.32154253125190735,128.0,0.12175740953534842,1064.4411140792072
7680,16,0.9235146641731262,0.296875,0.3458367884159088,128.0,0.1220474187284708,1066.4005141397938
7696,16,0.9135802984237671,0.2890625,0.351699560880661,128.0,0.12211935967206955,1068.3617472611368
7712,16,0.925250768661499,0.4375,0.28588101267814636,128.0,0.12183326948434114,1070.3260014625266
7728,16,0.8679591417312622,0.1328125,0.45203885436058044,128.0,0.12187570054084063,1072.2845399249345
7744,16,0.9164738059043884,0.3203125,0.3253644108772278,128.0,0.12203662004321814,1074.2443683184683
7760,16,0.9161844253540039,0.2265625,0.34569844603538513,128.0,0.12189791072160006,1076.2038355069235
7776,16,0.8991127014160156,0.234375,0.3826775848865509,128.0,0.12211104948073626,1078.1678531114012
7792,16,0.9206211566925049,0.2578125,0.3495467007160187,128.0,0.12192622944712639,1080.1273884745315
7808,16,0.9284336566925049,0.4921875,0.2583354115486145,128.0,0.12189387157559395,1082.0870714429766
7824,16,0.8262924551963806,0.109375,0.5412154793739319,128.0,0.12181095220148563,1100.6099500786513
7840,16,0.9355710744857788,0.4609375,0.2693580389022827,128.0,0.12183882296085358,1102.571207208559
7856,16,0.924382746219635,0.3828125,0.32928726077079773,128.0,0.12213059328496456,1104.5303186336532
7872,16,0.9375,0.359375,0.3025408983230591,128.0,0.12173356208950281,1106.4904965106398
7888,16,0.9424190521240234,0.4921875,0.261225163936615,128.0,0.12180457450449467,1108.4492855425924
7904,16,0.8980517387390137,0.171875,0.41631123423576355,128.0,0.12181760370731354,1110.4168600458652
7920,16,0.9189814925193787,0.3828125,0.2859824001789093,128.0,0.12184619344770908,1112.379462318495
7936,16,0.8963156342506409,0.1953125,0.4015805125236511,128.0,0.12213789392262697,1114.339024638757
7952,16,0.9375,0.484375,0.2516249418258667,128.0,0.12178372405469418,1116.306235791184
7968,16,0.9041280746459961,0.2421875,0.3809894025325775,128.0,0.1218204153701663,1118.2681834353134
7984,16,0.8971836566925049,0.28125,0.3644278943538666,128.0,0.1218137051910162,1120.2269396251068
8000,16,0.8952546119689941,0.171875,0.3975581228733063,128.0,0.1219258839264512,1122.188513125293
8016,16,0.935763955116272,0.4453125,0.28063109517097473,128.0,0.12311080377548933,1124.5309137133881
8032,16,0.9131944179534912,0.25,0.3796057105064392,128.0,0.12210321519523859,1126.4914220813662
8048,16,0.9241899251937866,0.40625,0.3121991455554962,128.0,0.12187420576810837,1128.4618912497535
8064,16,0.9081790447235107,0.2421875,0.34688884019851685,128.0,0.12192950490862131,1130.4261424681172
8080,16,0.8885995149612427,0.1328125,0.427263468503952,128.0,0.1218645153567195,1132.3855720171705
8096,16,0.9469521641731262,0.5546875,0.22131358087062836,128.0,0.1217579459771514,1134.3452953686938
8112,16,0.8846451044082642,0.1484375,0.4385283589363098,128.0,0.12172813713550568,1136.3068589903414
8128,16,0.9295910596847534,0.421875,0.28791892528533936,128.0,0.12209572549909353,1138.2682284759358
8144,16,0.8635224103927612,0.0859375,0.4868273437023163,128.0,0.1232325155287981,1140.236350754276
8160,16,0.9207175970077515,0.3671875,0.3160412013530731,128.0,0.12216986622661352,1142.2192607764155
8176,16,0.9302662014961243,0.390625,0.2961800992488861,128.0,0.12210626620799303,1144.1819413984194
8192,16,0.8976658582687378,0.1640625,0.40400707721710205,128.0,0.12196911685168743,1146.144864023663
8208,16,0.9456018209457397,0.4921875,0.24849793314933777,128.0,0.12202501762658358,1148.1108440179378
8224,16,0.925250768661499,0.2734375,0.34012463688850403,128.0,0.12322208564728498,1150.0809481386095
8240,16,0.9281443357467651,0.4453125,0.28768298029899597,128.0,0.12198926787823439,1152.046000579372
8256,16,0.9060571193695068,0.203125,0.3969760835170746,128.0,0.12223781645298004,1154.0126634016633
8272,16,0.9320988059043884,0.40625,0.289497047662735,128.0,0.12198017816990614,1155.9805602533743
8288,16,0.9036458730697632,0.2578125,0.38541996479034424,128.0,0.12186833750456572,1157.9456583438441
8304,16,0.9362461566925049,0.40625,0.28389492630958557,128.0,0.12247406784445047,1159.9085006080568
8320,16,0.9173418283462524,0.3125,0.34665170311927795,128.0,0.12214396800845861,1161.8760590003803
8336,16,0.9213927984237671,0.34375,0.3207577168941498,128.0,0.1219461290165782,1163.843050376512
8352,16,0.9182099103927612,0.4140625,0.3141413927078247,128.0,0.12212451733648777,1165.8127345805988
8368,16,0.9212962985038757,0.3671875,0.3021412789821625,128.0,0.1225751182064414,1167.7776417341083
8384,16,0.9085648059844971,0.3046875,0.33630046248435974,128.0,0.12220772914588451,1169.7431079903618
8400,16,0.9067322611808777,0.28125,0.3674246072769165,128.0,0.12195433024317026,1171.705657163635
8416,16,0.9134838581085205,0.3515625,0.324754536151886,128.0,0.12195856869220734,1173.6672939304262
8432,16,0.9214892387390137,0.3515625,0.3263718783855438,128.0,0.12231689877808094,1175.6294895783067
8448,16,0.9025849103927612,0.3125,0.35147804021835327,128.0,0.12184207048267126,1177.5896682525054
8464,16,0.9175347685813904,0.34375,0.3265640437602997,128.0,0.12193278968334198,1179.5508947689086
8480,16,0.9357638955116272,0.5234375,0.24339565634727478,128.0,0.1221604598686099,1181.5120752360672
8496,16,0.8786651492118835,0.140625,0.45133915543556213,128.0,0.12202162016183138,1183.4726898688823
8512,16,0.9144482612609863,0.3828125,0.30165013670921326,128.0,0.12189225945621729,1185.4324286933988
8528,16,0.8859953880310059,0.1640625,0.42587390542030334,128.0,0.12197773158550262,1187.3937924904749
8544,16,0.9201388955116272,0.4296875,0.28554195165634155,128.0,0.12204352114349604,1189.3558557974175
8560,16,0.8933256268501282,0.203125,0.4106917083263397,128.0,0.12203945126384497,1191.3235036516562
8576,16,0.9459876418113708,0.4921875,0.22864030301570892,128.0,0.122178771533072,1193.2883719513193
8592,16,0.9245756268501282,0.3828125,0.3019108474254608,128.0,0.12177180219441652,1195.2564785098657
8608,16,0.9007523059844971,0.296875,0.38833579421043396,128.0,0.12194226123392582,1197.215423992835
8624,16,0.9240933656692505,0.421875,0.2918580174446106,128.0,0.12194133084267378,1199.1778943631798
8640,16,0.9216821193695068,0.4140625,0.32607921957969666,128.0,0.1218344820663333,1201.1369778309017
8656,16,0.9384645223617554,0.53125,0.2505457103252411,128.0,0.12186184152960777,1203.0961129115894
8672,16,0.8729745149612427,0.1875,0.4493071734905243,128.0,0.12188324239104986,1205.0556015837938
8688,16,0.9161844253540039,0.46875,0.29179900884628296,128.0,0.1219456922262907,1207.0207274416462
8704,16,0.8856096267700195,0.171875,0.4252804219722748,128.0,0.12183404248207808,1208.9832300953567
8720,16,0.9514853954315186,0.578125,0.20252768695354462,128.0,0.12191457208245993,1210.9449213733897
8736,16,0.8918789029121399,0.1796875,0.42142996191978455,128.0,0.12187642324715853,1212.907312212512
8752,16,0.8974729776382446,0.3359375,0.349761962890625,128.0,0.12186206318438053,1214.8678924962878
8768,16,0.8614004850387573,0.109375,0.46940237283706665,128.0,0.1221455316990614,1216.8292054813355
8784,16,0.9209104776382446,0.3515625,0.29863452911376953,128.0,0.12196821346879005,1218.7909335596487
8800,16,0.915702223777771,0.28125,0.3542438745498657,128.0,0.12201175279915333,1220.7505437536165
8816,16,0.9288194179534912,0.453125,0.27353206276893616,128.0,0.12204521428793669,1222.7117445068434
8832,16,0.8841627836227417,0.1953125,0.4100416302680969,128.0,0.12196552380919456,1224.671609884128
8848,16,0.9331597089767456,0.5234375,0.2537085711956024,128.0,0.12211926467716694,1226.631365004927
8864,16,0.8985339403152466,0.171875,0.4196207523345947,128.0,0.1220613643527031,1228.596490350552
8880,16,0.9323881268501282,0.4921875,0.2686264216899872,128.0,0.12201319355517626,1230.556962854229
8896,16,0.8533951044082642,0.15625,0.46388694643974304,128.0,0.12193671334534883,1232.5168093722314
8912,16,0.9273726940155029,0.3515625,0.29455944895744324,128.0,0.1219535544514656,1234.4768871925771
8928,16,0.9297839403152466,0.4453125,0.29161813855171204,128.0,0.12194081488996744,1236.4381428435445
8944,16,0.9157021641731262,0.3359375,0.3254055976867676,128.0,0.12197432480752468,1238.3986891275272
8960,16,0.9227430820465088,0.3984375,0.30190661549568176,128.0,0.12191348522901535,1240.3582304650918
8976,16,0.8960262537002563,0.265625,0.3896937668323517,128.0,0.12228674441576004,1242.3214553315192
8992,16,0.9284336566925049,0.390625,0.3010967969894409,128.0,0.12186494469642639,1244.2850000886247
9008,16,0.9265046119689941,0.4453125,0.28805530071258545,128.0,0.12186654563993216,1246.6089821327478
9024,16,0.8987268209457397,0.3203125,0.3773830831050873,128.0,0.12190679553896189,1248.5680119302124
9040,16,0.9309414029121399,0.5078125,0.2526718080043793,128.0,0.12188939563930035,1250.526544092223
9056,16,0.8579282760620117,0.1171875,0.4997889995574951,128.0,0.12209401559084654,1252.4858598355204
9072,16,0.9044174551963806,0.4140625,0.31869855523109436,128.0,0.12197884730994701,1254.4444669429213
9088,16,0.9139660596847534,0.28125,0.34309929609298706,128.0,0.12173511646687984,1256.4037268795073
9104,16,0.9323880672454834,0.5234375,0.24132047593593597,128.0,0.12208013609051704,1258.3632070291787
9120,16,0.8366127014160156,0.046875,0.5477145314216614,128.0,0.12225039675831795,1260.3223622823134
9136,16,0.9290123581886292,0.3671875,0.28448614478111267,128.0,0.12187857739627361,1262.2827424351126
9152,16,0.8903356194496155,0.2578125,0.37340229749679565,128.0,0.12201379705220461,1264.242212052457
9168,16,0.9145447611808777,0.3203125,0.3298030495643616,128.0,0.12213894724845886,1266.2017020927742
9184,16,0.9186921119689941,0.3828125,0.3133580684661865,128.0,0.12209291756153107,1268.1616099039093
9200,16,0.9064429402351379,0.3046875,0.3614763021469116,128.0,0.12178077641874552,1270.1280942885205
9216,16,0.9201388955116272,0.5,0.2690848410129547,128.0,0.1218589274212718,1272.0910358708352
9232,16,0.8372877836227417,0.0703125,0.527184009552002,128.0,0.12182632833719254,1274.0494252396747
9248,16,0.915123462677002,0.359375,0.31339213252067566,128.0,0.12194312829524279,1276.0074969129637
9264,16,0.9065393209457397,0.3828125,0.32495561242103577,128.0,0.12186645902693272,1277.967559395358
9280,16,0.9118441343307495,0.3203125,0.34743738174438477,128.0,0.12182710785418749,1279.9270463008434
9296,16,0.9158951044082642,0.375,0.3048689663410187,128.0,0.1219658087939024,1281.887137087062
9312,16,0.9037423133850098,0.21875,0.3691714406013489,128.0,0.12172930780798197,1283.8464547963813
9328,16,0.9423224925994873,0.4609375,0.2508150637149811,128.0,0.12180549744516611,1285.8055305499583
9344,16,0.8977624177932739,0.2578125,0.3879382014274597,128.0,0.1219102693721652,1287.7646058946848
9360,16,0.9338349103927612,0.546875,0.2433340847492218,128.0,0.12184360809624195,1289.7236889218912
9376,16,0.8601466417312622,0.1640625,0.47850263118743896,128.0,0.12185120955109596,1291.6836375091225
9392,16,0.9237076044082642,0.421875,0.2902379333972931,128.0,0.12184319831430912,1293.6456221463159
9408,16,0.9063464403152466,0.390625,0.29713988304138184,128.0,0.12176010850816965,1295.6046280208975
9424,16,0.8584104776382446,0.0546875,0.5028547048568726,128.0,0.12178459949791431,1297.5629317574203
9440,16,0.9282407760620117,0.4375,0.28391146659851074,128.0,0.12180973030626774,1299.5209462866187
9456,16,0.9006558656692505,0.2265625,0.37972381711006165,128.0,0.12184333987534046,1301.4792155073956
9472,16,0.9256366491317749,0.3984375,0.2841005325317383,128.0,0.12181476969271898,1303.4394320985302
9488,16,0.8815586566925049,0.15625,0.44165942072868347,128.0,0.12213285826146603,1305.3986124927178
9504,16,0.9179205298423767,0.3125,0.3401325047016144,128.0,0.12183402944356203,1307.3596450360492
9520,16,0.9083719253540039,0.34375,0.3469577431678772,128.0,0.12190736923366785,1309.3189967945218
9536,16,0.9026813507080078,0.328125,0.34079426527023315,128.0,0.12185634020715952,1311.278231405653
9552,16,0.918499231338501,0.34375,0.31785449385643005,128.0,0.12257788889110088,1313.2383515676484
9568,16,0.9366319179534912,0.515625,0.26096758246421814,128.0,0.1227141497656703,1315.2167136780918
9584,16,0.9182099103927612,0.3984375,0.319858580827713,128.0,0.1219469616189599,1317.1826430875808
9600,16,0.9168595671653748,0.40625,0.30156785249710083,128.0,0.12327949795871973,1319.14769782871
9616,16,0.8931326866149902,0.265625,0.3682181239128113,128.0,0.12260077986866236,1321.1122495234013
9632,16,0.9027777910232544,0.265625,0.357389360666275,128.0,0.1220201812684536,1323.0764573905617
9648,16,0.9314236640930176,0.53125,0.24728278815746307,128.0,0.12252605985850096,1325.0407173391432
9664,16,0.886381208896637,0.2578125,0.41369491815567017,128.0,0.12191751133650541,1327.002590493299
9680,16,0.9223573207855225,0.5,0.2642594575881958,128.0,0.121907870285213,1328.9627785710618
9696,16,0.8455825448036194,0.109375,0.5113579630851746,128.0,0.12252665124833584,1330.9240419119596
9712,16,0.9275656342506409,0.421875,0.2931077182292938,128.0,0.12173635233193636,1332.88305402454
9728,16,0.9311342835426331,0.4375,0.3007892966270447,128.0,0.12185691110789776,1334.8447190662846
9744,16,0.8899498581886292,0.2265625,0.39675116539001465,128.0,0.12175864167511463,1336.8035861756653
9760,16,0.9395254850387573,0.5625,0.21787802875041962,128.0,0.12175749149173498,1338.764910792932
9776,16,0.8590856790542603,0.15625,0.48147889971733093,128.0,0.12182973325252533,1357.344383106567
9792,16,0.9196566343307495,0.4296875,0.2932463586330414,128.0,0.12180729303508997,1359.3025047378615
9808,16,0.9069252014160156,0.2578125,0.37319716811180115,128.0,0.12174867372959852,1361.2597889313474
9824,16,0.9184992909431458,0.4453125,0.28884628415107727,128.0,0.12195468414574862,1363.2170415185392
9840,16,0.8795331716537476,0.1796875,0.437163382768631,128.0,0.12188381236046553,1365.1731760781258
9856,16,0.9310378432273865,0.5,0.24660655856132507,128.0,0.12192856427282095,1367.138485928066
9872,16,0.8706597685813904,0.140625,0.4591261148452759,128.0,0.12172853387892246,1369.1014417931437
9888,16,0.9198495149612427,0.4453125,0.28935641050338745,128.0,0.12174936383962631,1371.0594821861014
9904,16,0.9090470671653748,0.3125,0.3389902114868164,128.0,0.12201657425612211,1373.0183182302862
9920,16,0.9130979776382446,0.3671875,0.3196716606616974,128.0,0.12181486561894417,1374.9756543980911
9936,16,0.8951581716537476,0.2421875,0.3768584728240967,128.0,0.12189241405576468,1376.9345058957115
9952,16,0.8892747163772583,0.296875,0.3761078119277954,128.0,0.12186630349606276,1378.894671083428
9968,16,0.9164737462997437,0.3515625,0.2960965931415558,128.0,0.12194420397281647,1380.8554892828688
9984,16,0.8903356194496155,0.2734375,0.4026586413383484,128.0,0.12220513448119164,1382.816398163326
10000,16,0.9279513955116272,0.453125,0.29551494121551514,128.0,0.12203556392341852,1384.7781370859593
10016,16,0.8842592835426331,0.2578125,0.4009488523006439,128.0,0.12194374483078718,1387.0865417355672
10032,16,0.9250578880310059,0.390625,0.2736075818538666,128.0,0.12195073533803225,1389.046686893329
10048,16,0.8786652088165283,0.1484375,0.4492861032485962,128.0,0.12177057657390833,1391.0062690731138
10064,16,0.9170525074005127,0.453125,0.27549442648887634,128.0,0.12186500523239374,1392.9662404144183
10080,16,0.9093364477157593,0.4140625,0.3262646198272705,128.0,0.12196848541498184,1394.930784162134
10096,16,0.8967013955116272,0.421875,0.32158026099205017,128.0,0.1219003964215517,1396.891564656049
10112,16,0.835069477558136,0.0703125,0.5425122976303101,128.0,0.12185955606400967,1398.852489631623
10128,16,0.9447337985038757,0.515625,0.24091292917728424,128.0,0.12178095616400242,1400.8115310417488
10144,16,0.8981481790542603,0.3046875,0.3698868453502655,128.0,0.12247796542942524,1402.775426197797
10160,16,0.9257330894470215,0.4296875,0.26310810446739197,128.0,0.1221859147772193,1404.7422607308254
10176,16,0.8974730372428894,0.328125,0.3913487493991852,128.0,0.1219659261405468,1406.7040640925989
10192,16,0.9059606790542603,0.3359375,0.3419819474220276,128.0,0.12239627540111542,1408.6741058267653
10208,16,0.8771219253540039,0.234375,0.4243326783180237,128.0,0.12202353682368994,1410.6396884769201
10224,16,0.9295910596847534,0.546875,0.24864071607589722,128.0,0.12233389541506767,1412.6059865383431
10240,16,0.8993055820465088,0.28125,0.37936142086982727,128.0,0.12263531424105167,1414.5722862314433
10256,16,0.9326774477958679,0.578125,0.24015863239765167,128.0,0.12238848581910133,1416.5430720718578
10272,16,0.8617863059043884,0.1171875,0.4855208694934845,128.0,0.12208352703601122,1418.5062308628112
10288,16,0.9117476940155029,0.4765625,0.29269126057624817,128.0,0.12182179745286703,1420.466240618378
10304,16,0.8733603954315186,0.234375,0.38797155022621155,128.0,0.12181884702295065,1422.4249262977391
10320,16,0.9183063507080078,0.4140625,0.28235068917274475,128.0,0.12185938656330109,1424.3838992789388
10336,16,0.9195601940155029,0.421875,0.28736984729766846,128.0,0.12179896701127291,1426.345672977157
10352,16,0.8674768805503845,0.109375,0.456020325422287,128.0,0.12208064831793308,1428.3053748495877
10368,16,0.9334490299224854,0.515625,0.2477007806301117,128.0,0.12269340641796589,1430.2691313698888
10384,16,0.8904321193695068,0.3125,0.3772132694721222,128.0,0.12198273651301861,1432.2302066441625
10400,16,0.9232253432273865,0.4296875,0.2718139588832855,128.0,0.12200669758021832,1434.1917645009235
10416,16,0.9088541865348816,0.375,0.3203459680080414,128.0,0.12212264630943537,1436.1548980763182
10432,16,0.9226466417312622,0.46875,0.27509158849716187,128.0,0.12192253768444061,1438.1199560025707
10448,16,0.9138696193695068,0.4140625,0.3070293962955475,128.0,0.12188822776079178,1440.0825821412727
10464,16,0.8969907760620117,0.359375,0.3578350841999054,128.0,0.122034658677876,1442.04830440972
10480,16,0.9059606790542603,0.3828125,0.31523793935775757,128.0,0.12219544779509306,1444.0094642443582
10496,16,0.8967978954315186,0.328125,0.3389061987400055,128.0,0.12194317765533924,1445.9704849608243
10512,16,0.9069252014160156,0.4296875,0.30407044291496277,128.0,0.12220720760524273,1447.9327479079366
10528,16,0.9107831716537476,0.359375,0.3115071952342987,128.0,0.12197923846542835,1449.8976525822654
10544,16,0.8689236640930176,0.1640625,0.44627881050109863,128.0,0.12202471867203712,1451.8603176027536
10560,16,0.9260224103927612,0.5078125,0.24466456472873688,128.0,0.12204902898520231,1453.8256790209562
10576,16,0.9226466417312622,0.5078125,0.281169056892395,128.0,0.12235830817371607,1455.7880404237658
10592,16,0.8865740895271301,0.3203125,0.39584627747535706,128.0,0.12208135798573494,1457.7503477884457
10608,16,0.9149305820465088,0.4453125,0.27298811078071594,128.0,0.12197455950081348,1459.7118081459776
10624,16,0.8745177388191223,0.1953125,0.41311949491500854,128.0,0.12211870774626732,1461.675956430845
10640,16,0.8924575448036194,0.375,0.32980450987815857,128.0,0.12191969901323318,1463.636922871694
10656,16,0.890625,0.28125,0.38052767515182495,128.0,0.1222793385386467,1465.5998635729775
10672,16,0.9247685670852661,0.4921875,0.26836448907852173,128.0,0.12192234955728054,1467.5604935362935
10688,16,0.8942901492118835,0.3203125,0.38723286986351013,128.0,0.12204064894467592,1469.522501421161
10704,16,0.9369212985038757,0.5703125,0.21939441561698914,128.0,0.12189737986773252,1471.4828764898703
10720,16,0.8873456716537476,0.234375,0.41452863812446594,128.0,0.12195532862097025,1473.4432144481689
10736,16,0.9299768805503845,0.5546875,0.23797917366027832,128.0,0.12194772996008396,1475.403310539201
10752,16,0.8500193357467651,0.125,0.48973387479782104,128.0,0.1223672991618514,1477.364495341666
10768,16,0.9251543283462524,0.4375,0.25366154313087463,128.0,0.12186603993177414,1479.331309178844
10784,16,0.8739390969276428,0.1640625,0.4384125769138336,128.0,0.12186161894351244,1481.2917151032016
10800,16,0.9260224103927612,0.5078125,0.25167420506477356,128.0,0.12207775004208088,1483.2528038704768
10816,16,0.8731674551963806,0.2109375,0.42828232049942017,128.0,0.12259643990546465,1485.2277976926416
10832,16,0.9021025896072388,0.4453125,0.3091789782047272,128.0,0.1225648382678628,1487.1932431161404
10848,16,0.8787615895271301,0.2421875,0.41778528690338135,128.0,0.12212847918272018,1489.1688082516193
10864,16,0.9262152910232544,0.5625,0.24267098307609558,128.0,0.12271246872842312,1491.1339016482234
10880,16,0.8675733208656311,0.171875,0.4860985279083252,128.0,0.12238892912864685,1493.1072856988758
10896,16,0.9142553806304932,0.453125,0.2904471755027771,128.0,0.12249402888119221,1495.075379166752
10912,16,0.8788580298423767,0.234375,0.42677581310272217,128.0,0.12195936031639576,1497.0390369594097
10928,16,0.9195601940155029,0.4609375,0.2603840231895447,128.0,0.12203039973974228,1499.0040609734133
10944,16,0.8866705298423767,0.2421875,0.413027822971344,128.0,0.12199767120182514,1500.9670574711636
10960,16,0.9348958730697632,0.546875,0.23423810303211212,128.0,0.12211306020617485,1502.9298506900668
10976,16,0.8423997163772583,0.0625,0.534406304359436,128.0,0.12203489150851965,1504.8970797369257
10992,16,0.9103009700775146,0.375,0.31429731845855713,128.0,0.12205551099032164,1506.8623542459682
11008,16,0.8871527910232544,0.3046875,0.39431431889533997,128.0,0.12265656050294638,1509.1865068571642
11024,16,0.9321951866149902,0.546875,0.2236783653497696,128.0,0.1218255115672946,1511.1474356353283
11040,16,0.8754823207855225,0.203125,0.45456254482269287,128.0,0.12182562053203583,1513.1072133751586
11056,16,0.8958333730697632,0.3359375,0.38679251074790955,128.0,0.12191401235759258,1515.065369089134
11072,16,0.9339313507080078,0.515625,0.26547616720199585,128.0,0.12173007149249315,1517.0262788105756
11088,16,0.886381208896637,0.265625,0.4030293822288513,128.0,0.12181074172258377,1518.9894318515435
11104,16,0.921006977558136,0.453125,0.2707587480545044,128.0,0.12198856100440025,1520.9497249675915
11120,16,0.8722994327545166,0.2265625,0.4426700472831726,128.0,0.12203735206276178,1522.9081274159253
11136,16,0.9228395223617554,0.4921875,0.2529556155204773,128.0,0.12210008129477501,1524.8674518251792
11152,16,0.8952546715736389,0.359375,0.3654579520225525,128.0,0.12175668217241764,1526.8278300641105
11168,16,0.9226466417312622,0.46875,0.2691992223262787,128.0,0.12183089274913073,1528.7866726070642
11184,16,0.8468364477157593,0.0625,0.5125046372413635,128.0,0.12185338232666254,1530.755616129376
11200,16,0.9069252014160156,0.359375,0.33844006061553955,128.0,0.1225342620164156,1532.7180604217574
11216,16,0.8852238059043884,0.25,0.40317538380622864,128.0,0.12213970255106688,1534.6808434138075
11232,16,0.9211034178733826,0.4765625,0.2722114026546478,128.0,0.12190414220094681,1536.6490313308313
11248,16,0.865451455116272,0.1953125,0.4284767806529999,128.0,0.12182414252310991,1538.6076188609004
11264,16,0.9221643805503845,0.46875,0.25661084055900574,128.0,0.12182157300412655,1540.566979401745
11280,16,0.8770254850387573,0.234375,0.44447803497314453,128.0,0.12195035256445408,1542.526525452733
11296,16,0.9147376418113708,0.5234375,0.2691701650619507,128.0,0.12178122252225876,1544.4858840359375
11312,16,0.8745177984237671,0.2265625,0.41528525948524475,128.0,0.122381292283535,1546.4474972868338
11328,16,0.9032599925994873,0.4140625,0.30219781398773193,128.0,0.12171620316803455,1548.4081583600491
11344,16,0.8508873581886292,0.0859375,0.5088887810707092,128.0,0.12175290286540985,1550.3652569707483
11360,16,0.9360532164573669,0.5859375,0.22840851545333862,128.0,0.1217172434553504,1552.321602252312
11376,16,0.8933256268501282,0.25,0.39994558691978455,128.0,0.12171534355729818,1554.2781602647156
11392,16,0.9304591417312622,0.6015625,0.2279835343360901,128.0,0.12169860396534204,1556.2345405397937
11408,16,0.8296682238578796,0.078125,0.537997841835022,128.0,0.12177866417914629,1558.1929199928418
11424,16,0.8721064925193787,0.2578125,0.39533358812332153,128.0,0.12171291280537844,1560.1533940741792
11440,16,0.8904321193695068,0.3125,0.37250229716300964,128.0,0.12183628417551517,1562.1156100463122
11456,16,0.9123263955116272,0.3828125,0.29696133732795715,128.0,0.12191502284258604,1564.0756002618
11472,16,0.9221643805503845,0.3984375,0.29495474696159363,128.0,0.12184902373701334,1566.037495765835
11488,16,0.9220678806304932,0.4375,0.2739752531051636,128.0,0.1218987638130784,1567.998673482798
11504,16,0.9078896641731262,0.375,0.3377196192741394,128.0,0.12211557477712631,1569.9600549601018
11520,16,0.9239004850387573,0.46875,0.265999972820282,128.0,0.1221337029710412,1571.921853638254
11536,16,0.8999807238578796,0.296875,0.36193183064460754,128.0,0.12205980438739061,1573.8849603962153
11552,16,0.9003665447235107,0.421875,0.3108733892440796,128.0,0.12184699345380068,1575.845759759657
11568,16,0.8983410596847534,0.28125,0.3797048032283783,128.0,0.12195570394396782,1577.8047277247533
11584,16,0.9314236640930176,0.4921875,0.24340353906154633,128.0,0.12193201389163733,1579.7632923712954
11600,16,0.8750964403152466,0.21875,0.41933998465538025,128.0,0.121761005371809,1581.723671078682
11616,16,0.9153164029121399,0.4375,0.2814701199531555,128.0,0.12188904453068972,1583.682838507928
11632,16,0.9102044701576233,0.375,0.34660136699676514,128.0,0.12191551364958286,1585.6420448571444
11648,16,0.9090471267700195,0.328125,0.3471057116985321,128.0,0.12191680446267128,1587.6029380764812
11664,16,0.926311731338501,0.453125,0.25256970524787903,128.0,0.12207049410790205,1589.565951315686
11680,16,0.8858989477157593,0.21875,0.42429986596107483,128.0,0.12186398450285196,1591.5253340294585
11696,16,0.917438268661499,0.5234375,0.26685479283332825,128.0,0.1219251649454236,1593.4833992552012
11712,16,0.8868634700775146,0.3671875,0.3681015074253082,128.0,0.12199517525732517,1595.4455480789766
11728,16,0.9230324029922485,0.5390625,0.246476948261261,128.0,0.12198670580983162,1613.9941789992154
11744,16,0.8643904328346252,0.1796875,0.429472953081131,128.0,0.1218160754069686,1615.9565613148734
11760,16,0.9076967239379883,0.3984375,0.30706942081451416,128.0,0.12188424542546272,1617.9146308256313
11776,16,0.8937114477157593,0.2578125,0.3665556013584137,128.0,0.12202864605933428,1619.8738462263718
11792,16,0.9164737462997437,0.4296875,0.274009108543396,128.0,0.12199498526751995,1621.8365158848464
11808,16,0.8984375,0.3203125,0.3444349467754364,128.0,0.12200129590928555,1623.7963817976415
11824,16,0.9299768209457397,0.5390625,0.2355816662311554,128.0,0.12180014606565237,1625.7547165835276
11840,16,0.8676697611808777,0.2421875,0.43659740686416626,128.0,0.12173195648938417,1627.7150293672457
11856,16,0.9290124177932739,0.4765625,0.24049478769302368,128.0,0.12176257558166981,1629.6723739169538
11872,16,0.8440393805503845,0.09375,0.5145629644393921,128.0,0.12172163650393486,1631.6328833838925
11888,16,0.8945795297622681,0.40625,0.313135027885437,128.0,0.12184878531843424,1633.5961478287354
11904,16,0.886188268661499,0.2734375,0.39821162819862366,128.0,0.12177401594817638,1635.5596007639542
11920,16,0.9447338581085205,0.546875,0.21051663160324097,128.0,0.12192159611731768,1637.5214866511524
11936,16,0.8250386118888855,0.1015625,0.564997673034668,128.0,0.1217588260769844,1639.4804013445973
11952,16,0.9253472685813904,0.4140625,0.3080845773220062,128.0,0.12185327708721161,1641.439669338055
11968,16,0.927758514881134,0.4609375,0.28102269768714905,128.0,0.12179446686059237,1643.3980715842918
11984,16,0.9202353954315186,0.4375,0.28859826922416687,128.0,0.1218946659937501,1645.3617285750806
12000,16,0.8902392387390137,0.3203125,0.36269494891166687,128.0,0.12173246685415506,1647.320592152886
12016,16,0.9311342835426331,0.5390625,0.24237731099128723,128.0,0.12194575648754835,1649.6308185467497
12032,16,0.9192708134651184,0.4296875,0.29651325941085815,128.0,0.12183764670044184,1651.5889595076442
12048,16,0.9035494327545166,0.3828125,0.317114919424057,128.0,0.12188764568418264,1653.5477388687432
12064,16,0.8989197611808777,0.3359375,0.33368974924087524,128.0,0.12222396675497293,1655.51071674563
12080,16,0.8692129850387573,0.265625,0.40910786390304565,128.0,0.12183910701423883,1657.4699309086427
12096,16,0.9233217835426331,0.4453125,0.2816782593727112,128.0,0.12233336735516787,1659.430650839582
12112,16,0.9103009104728699,0.359375,0.3199956715106964,128.0,0.12282168585807085,1661.4116234919056
12128,16,0.916570246219635,0.4296875,0.291339635848999,128.0,0.12176061794161797,1663.3806593362242
12144,16,0.902874231338501,0.375,0.34697169065475464,128.0,0.12257389724254608,1665.3469421854243
12160,16,0.9127122163772583,0.4609375,0.2805976867675781,128.0,0.12255610711872578,1667.32097950764
12176,16,0.9230324029922485,0.453125,0.2726714313030243,128.0,0.12192037794739008,1669.2913273544982
12192,16,0.9064428806304932,0.3984375,0.3094538748264313,128.0,0.12192783784121275,1671.2547754896805
12208,16,0.9166666865348816,0.4765625,0.28559309244155884,128.0,0.12187425792217255,1673.2148306490853
12224,16,0.9069252014160156,0.359375,0.3204275965690613,128.0,0.12195429764688015,1675.1741460915655
12240,16,0.9317129850387573,0.4921875,0.25335031747817993,128.0,0.12175100855529308,1677.135466022417
12256,16,0.9066358804702759,0.359375,0.33754754066467285,128.0,0.12193078827112913,1679.099420961924
12272,16,0.9116512537002563,0.453125,0.29988282918930054,128.0,0.12201334815472364,1681.0662180380896
12288,16,0.9148341417312622,0.4375,0.28683245182037354,128.0,0.12179918866604567,1683.0269879130647
12304,16,0.9301697015762329,0.546875,0.23459503054618835,128.0,0.12192662805318832,1684.987897908315
12320,16,0.8250386118888855,0.0546875,0.5635063648223877,128.0,0.12226532679051161,1686.9584958842024
12336,16,0.9298803806304932,0.5390625,0.25298866629600525,128.0,0.12185459863394499,1688.9254691954702
12352,16,0.8649691343307495,0.171875,0.43692028522491455,128.0,0.12185969855636358,1690.883889656514
12368,16,0.909818708896637,0.421875,0.2864840030670166,128.0,0.12182694859802723,1692.8460037242621
12384,16,0.8957369327545166,0.296875,0.39364415407180786,128.0,0.12205978762358427,1694.8093947023153
12400,16,0.9298803806304932,0.5234375,0.2557202875614166,128.0,0.12215117830783129,1696.7700897241011
12416,16,0.8614969253540039,0.171875,0.4689493775367737,128.0,0.12182139791548252,1698.7307790173218
12432,16,0.9244792461395264,0.515625,0.23985102772712708,128.0,0.12182650808244944,1700.6893427735195
12448,16,0.8851273059844971,0.296875,0.3928191661834717,128.0,0.12209281884133816,1702.6493295980617
12464,16,0.8961226940155029,0.40625,0.3219263255596161,128.0,0.12172894924879074,1704.6083848364651
12480,16,0.8790509700775146,0.265625,0.39837026596069336,128.0,0.12173728831112385,1706.5674933055416
12496,16,0.9163773059844971,0.5,0.2675922214984894,128.0,0.12182204890996218,1708.5267255743966
12512,16,0.8731674551963806,0.203125,0.44492632150650024,128.0,0.121946488507092,1710.4862282136455
12528,16,0.9269869327545166,0.546875,0.23571570217609406,128.0,0.1218375088647008,1712.4454748956487
12544,16,0.8618826866149902,0.25,0.45587247610092163,128.0,0.12195274885743856,1714.404200377874
12560,16,0.9043209552764893,0.4453125,0.2960854470729828,128.0,0.12195664923638105,1716.3664606073871
12576,16,0.8946759700775146,0.234375,0.3822457492351532,128.0,0.12177255935966969,1718.3246008930728
12592,16,0.9242862462997437,0.53125,0.25078877806663513,128.0,0.12196437921375036,1720.2863181354478
12608,16,0.8757716417312622,0.28125,0.4034695327281952,128.0,0.12202778924256563,1722.2537918128073
12624,16,0.936631977558136,0.5859375,0.21498888731002808,128.0,0.12182480935007334,1724.213963298127
12640,16,0.9010417461395264,0.234375,0.3949679434299469,128.0,0.12181644886732101,1726.1722340974957
12656,16,0.9169560074806213,0.46875,0.26013097167015076,128.0,0.12177036982029676,1728.1294358884916
12672,16,0.8507908582687378,0.1796875,0.47424036264419556,128.0,0.1219700388610363,1730.0857912003994
12688,16,0.9123263955116272,0.3984375,0.2894302010536194,128.0,0.12187584955245256,1732.0459276204929
12704,16,0.8935185670852661,0.265625,0.38239142298698425,128.0,0.12180955894291401,1734.0030408147722
12720,16,0.9060571193695068,0.3828125,0.2817668914794922,128.0,0.12167822942137718,1735.9595625298098
12736,16,0.878568708896637,0.25,0.41322723031044006,128.0,0.12177141010761261,1737.9219551607966
12752,16,0.8934221267700195,0.3671875,0.318858802318573,128.0,0.12188176903873682,1739.8807485857978
12768,16,0.8883101940155029,0.234375,0.3941233456134796,128.0,0.12224763911217451,1741.8405150696635
12784,16,0.9339313507080078,0.5078125,0.22838006913661957,128.0,0.12177148927003145,1743.8032177723944
12800,16,0.9008487462997437,0.421875,0.32750436663627625,128.0,0.1221923790872097,1745.7621960695833
12816,16,0.912133514881134,0.4609375,0.29126277565956116,128.0,0.12206765916198492,1747.7211793279275
12832,16,0.8756752014160156,0.2734375,0.4071633517742157,128.0,0.12198489997535944,1749.6795239076018
12848,16,0.8944830298423767,0.3515625,0.3425513803958893,128.0,0.1219967994838953,1751.638512567617
12864,16,0.9184027910232544,0.453125,0.2688765525817871,128.0,0.12187264021486044,1753.598224178888
12880,16,0.8984375,0.3046875,0.3577421307563782,128.0,0.12182709015905857,1755.5563508104533
12896,16,0.9089506268501282,0.46875,0.28191080689430237,128.0,0.12189887091517448,1757.5147713441402
12912,16,0.9006558656692505,0.3671875,0.3199842870235443,128.0,0.12253712024539709,1759.4807376805693
12928,16,0.8966050148010254,0.4140625,0.31486764550209045,128.0,0.12186022102832794,1761.445960267447
12944,16,0.8543596267700195,0.125,0.48973891139030457,128.0,0.12181919999420643,1763.4139587245882
12960,16,0.9335455894470215,0.5390625,0.225721538066864,128.0,0.12188195064663887,1765.3719997517765
12976,16,0.8734568357467651,0.1953125,0.4522875249385834,128.0,0.12199280131608248,1767.334672614932
12992,16,0.9272762537002563,0.4453125,0.24764922261238098,128.0,0.12187667936086655,1769.30011430569
13008,16,0.8723958730697632,0.1875,0.46105629205703735,128.0,0.12190860137343407,1771.6180324936286
13024,16,0.9095293283462524,0.4453125,0.30276843905448914,128.0,0.12204841990023851,1773.5782460719347
13040,16,0.9140625596046448,0.453125,0.2943606972694397,128.0,0.12180031090974808,1775.5413762470707
13056,16,0.9147376418113708,0.46875,0.27100449800491333,128.0,0.1218536701053381,1777.5001849094406
13072,16,0.8723958730697632,0.1875,0.4511772692203522,128.0,0.12188739981502295,1779.457742743194
13088,16,0.9424190521240234,0.625,0.20117338001728058,128.0,0.12189752142876387,1781.4162365570664
13104,16,0.9023920297622681,0.3359375,0.38268449902534485,128.0,0.1217603413388133,1783.3737591430545
13120,16,0.9322916269302368,0.578125,0.23762476444244385,128.0,0.12186482083052397,1785.3317671492696
13136,16,0.8802083730697632,0.25,0.4077393710613251,128.0,0.12204605992883444,1787.2915463633835
13152,16,0.9178240299224854,0.484375,0.27365055680274963,128.0,0.12183543108403683,1789.2506266506389
13168,16,0.9032600522041321,0.3984375,0.32297849655151367,128.0,0.12189424224197865,1791.2086260281503
13184,16,0.9212962985038757,0.5234375,0.2496412843465805,128.0,0.12230366095900536,1793.1689172759652
13200,16,0.9038387537002563,0.3515625,0.36210229992866516,128.0,0.12187959160655737,1795.1349952276796
13216,16,0.9075039029121399,0.3359375,0.334924578666687,128.0,0.12191148102283478,1797.095738475211
13232,16,0.9086612462997437,0.375,0.3249553143978119,128.0,0.1219124011695385,1799.0559418546036
13248,16,0.893325686454773,0.3203125,0.33193618059158325,128.0,0.12182256206870079,1801.0145909963176
13264,16,0.9038387537002563,0.34375,0.3246780335903168,128.0,0.12207233160734177,1802.9732224084437
13280,16,0.9044174551963806,0.3984375,0.3194810748100281,128.0,0.12191514112055302,1804.9316640822217
13296,16,0.8929398059844971,0.3046875,0.3657616078853607,128.0,0.12174388114362955,1806.8891133675352
13312,16,0.9095293283462524,0.4140625,0.30649852752685547,128.0,0.12176995165646076,1808.8493789415807
13328,16,0.9160879850387573,0.4296875,0.30338814854621887,128.0,0.12178382184356451,1810.807801457122
13344,16,0.9076967239379883,0.4453125,0.30017662048339844,128.0,0.12188822217285633,1812.7690872512758
13360,16,0.8837770223617554,0.3203125,0.3805510997772217,128.0,0.12269963975995779,1814.7344391327351
13376,16,0.9035493731498718,0.421875,0.2921938896179199,128.0,0.12276678066700697,1816.7077648956329
13392,16,0.8909143805503845,0.296875,0.3503572642803192,128.0,0.12161822244524956,1818.6652076654136
13408,16,0.9195601940155029,0.53125,0.24769146740436554,128.0,0.12178944051265717,1820.6224571866915
13424,16,0.8983410596847534,0.2578125,0.38562604784965515,128.0,0.12183801177889109,1822.5849320637062
13440,16,0.9300733208656311,0.515625,0.2377900779247284,128.0,0.1218833914026618,1824.5466399313882
13456,16,0.913001537322998,0.4140625,0.29419469833374023,128.0,0.12185909226536751,1826.5092877792194
13472,16,0.9055748581886292,0.3828125,0.3151896297931671,128.0,0.12246900144964457,1828.4712495496497
13488,16,0.9266975522041321,0.46875,0.25391197204589844,128.0,0.12229028157889843,1830.4325827304274
13504,16,0.8802083730697632,0.3046875,0.4025130569934845,128.0,0.12185224145650864,1832.391693474725
13520,16,0.9056712985038757,0.4296875,0.29428431391716003,128.0,0.12217576242983341,1834.3572429427877
13536,16,0.8740354776382446,0.2421875,0.42178449034690857,128.0,0.12206108216196299,1836.3233931008726
13552,16,0.9184027910232544,0.515625,0.24603375792503357,128.0,0.12206257227808237,1838.2914355276152
13568,16,0.8860918283462524,0.21875,0.4133358895778656,128.0,0.12214114144444466,1840.253386741504
13584,16,0.9129050970077515,0.46875,0.26748985052108765,128.0,0.12180439289659262,1842.216151336208
13600,16,0.8193480372428894,0.09375,0.549322783946991,128.0,0.12178620230406523,1844.1813825676218
13616,16,0.9211034178733826,0.4453125,0.26652809977531433,128.0,0.1227719709277153,1846.1448697522283
13632,16,0.890625,0.3359375,0.350857675075531,128.0,0.1220606816932559,1848.1112656956539
13648,16,0.8927469253540039,0.3046875,0.36878812313079834,128.0,0.12191295344382524,1850.0761030903086
13664,16,0.9225501418113708,0.4765625,0.2610999643802643,128.0,0.12272909097373486,1852.0398535970598
13680,16,0.8742284178733826,0.2421875,0.43622732162475586,128.0,0.12201753258705139,1870.632931932807
13696,16,0.9276620149612427,0.484375,0.256086140871048,128.0,0.12179638259112835,1872.590574662201
13712,16,0.9125192761421204,0.4375,0.30371952056884766,128.0,0.12183913309127092,1874.5503938011825
13728,16,0.9249614477157593,0.5078125,0.25942111015319824,128.0,0.12192017305642366,1876.5102731818333
13744,16,0.9022955298423767,0.3984375,0.3361344337463379,128.0,0.12173142284154892,1878.467726264149
13760,16,0.9054784178733826,0.421875,0.30379098653793335,128.0,0.12172318436205387,1880.4252133481205
13776,16,0.8656443357467651,0.1953125,0.47125938534736633,128.0,0.12185095250606537,1882.3892385158688
13792,16,0.9250578880310059,0.5078125,0.24575833976268768,128.0,0.12183522991836071,1884.3483370458707
13808,16,0.873071014881134,0.2421875,0.4368416965007782,128.0,0.12209111917763948,1886.310404212214
13824,16,0.9133872985839844,0.421875,0.28972962498664856,128.0,0.1218904098495841,1888.273195091635
13840,16,0.8626543879508972,0.171875,0.4736080467700958,128.0,0.12190975993871689,1890.2325366986915
13856,16,0.9347994327545166,0.578125,0.2162652462720871,128.0,0.12189208995550871,1892.197731088847
13872,16,0.8883101940155029,0.3125,0.36804285645484924,128.0,0.12175451125949621,1894.1572851780802
13888,16,0.930748462677002,0.453125,0.2438802868127823,128.0,0.12192893028259277,1896.115713703446
13904,16,0.8744213581085205,0.2265625,0.41239601373672485,128.0,0.12199054099619389,1898.0752584282309
13920,16,0.9193673133850098,0.5078125,0.25287094712257385,128.0,0.12204855028539896,1900.0354238646105
13936,16,0.8536844253540039,0.109375,0.5003331899642944,128.0,0.12180302105844021,1901.9960476029664
13952,16,0.9300733208656311,0.4609375,0.25158950686454773,128.0,0.12176793161779642,1903.957596632652
13968,16,0.8947724103927612,0.3125,0.3723979890346527,128.0,0.12179969158023596,1905.9191687945276
13984,16,0.9122298955917358,0.4296875,0.2819422483444214,128.0,0.1219542408362031,1907.8822623658925
14000,16,0.8927469253540039,0.2890625,0.38916268944740295,128.0,0.12181945145130157,1909.8442623429
14016,16,0.91126549243927,0.4921875,0.2714930474758148,128.0,0.12180167157202959,1912.1418916247785
14032,16,0.8736497163772583,0.25,0.4176029860973358,128.0,0.12182777095586061,1914.1001198999584
14048,16,0.9421296715736389,0.625,0.19546139240264893,128.0,0.12172959186136723,1916.060238356702
14064,16,0.9033564925193787,0.3203125,0.36418405175209045,128.0,0.12181584164500237,1918.0178517485037
14080,16,0.9169560074806213,0.4453125,0.28475093841552734,128.0,0.12171060312539339,1919.9768751794472
14096,16,0.9200424551963806,0.4765625,0.27605700492858887,128.0,0.12185851205140352,1921.9339960562065
14112,16,0.8945795297622681,0.4296875,0.31862673163414,128.0,0.12196705210953951,1923.891529894434
14128,16,0.9182099103927612,0.4921875,0.2720065116882324,128.0,0.12182512320578098,1925.849466334097
14144,16,0.9293981790542603,0.5390625,0.24073153734207153,128.0,0.12212787289172411,1927.8150552771986
14160,16,0.8933256268501282,0.2890625,0.36674031615257263,128.0,0.12182706315070391,1929.7738704010844
14176,16,0.926311731338501,0.5,0.23857727646827698,128.0,0.1218390129506588,1931.7325552776456
14192,16,0.8919753432273865,0.3046875,0.37036392092704773,128.0,0.12190323323011398,1933.6970396982506
14208,16,0.9116512537002563,0.421875,0.2869665026664734,128.0,0.12186420243233442,1935.656346268952
14224,16,0.8841628432273865,0.234375,0.4069229066371918,128.0,0.12235511187463999,1937.61533981096
14240,16,0.9354745149612427,0.546875,0.2163204699754715,128.0,0.1219469029456377,1939.574973625131
14256,16,0.8731675148010254,0.2109375,0.4321574866771698,128.0,0.12191235274076462,1941.5359463999048
14272,16,0.9402006268501282,0.5703125,0.22223709523677826,128.0,0.12182537373155355,1943.4951805183664
14288,16,0.8909143805503845,0.3125,0.3842042088508606,128.0,0.12186186388134956,1945.4539403403178
14304,16,0.893325686454773,0.390625,0.3233504295349121,128.0,0.1219263831153512,1947.4123445041478
14320,16,0.8657407760620117,0.140625,0.47601446509361267,128.0,0.12241505365818739,1949.3724273592234
14336,16,0.9148341417312622,0.4453125,0.2773337662220001,128.0,0.1220709839835763,1951.3353091925383
14352,16,0.873071014881134,0.25,0.41873228549957275,128.0,0.12198490463197231,1953.295152651146
14368,16,0.9388502836227417,0.5546875,0.21024362742900848,128.0,0.12185903545469046,1955.2535305842757
14384,16,0.9025849103927612,0.3359375,0.34986230731010437,128.0,0.1220225440338254,1957.2178465416655
14400,16,0.9078896641731262,0.40625,0.30940476059913635,128.0,0.12183402478694916,1959.1781154368073
14416,16,0.899498462677002,0.359375,0.34189295768737793,128.0,0.12179477512836456,1961.13748766575
14432,16,0.9371142387390137,0.5625,0.2233233004808426,128.0,0.12205620482563972,1963.0983966533095
14448,16,0.9092400074005127,0.453125,0.310249924659729,128.0,0.12191145494580269,1965.0572050269693
14464,16,0.8993055820465088,0.390625,0.3360898792743683,128.0,0.12181413639336824,1967.0157663021237
14480,16,0.9443480372428894,0.609375,0.18618908524513245,128.0,0.12205573543906212,1968.9788712635636
14496,16,0.9094328880310059,0.4140625,0.33737215399742126,128.0,0.12228167522698641,1970.9434271063656
14512,16,0.9187885522842407,0.546875,0.24851404130458832,128.0,0.12184910662472248,1972.9041499551386
14528,16,0.889564037322998,0.234375,0.39837247133255005,128.0,0.12195484526455402,1974.8710161196068
14544,16,0.9213927388191223,0.46875,0.2520407438278198,128.0,0.12179667595773935,1976.8374299351126
14560,16,0.9036458730697632,0.3203125,0.36595630645751953,128.0,0.12187379598617554,1978.7972775110975
14576,16,0.9389467835426331,0.6328125,0.19451774656772614,128.0,0.12189396563917398,1980.7576500996947
14592,16,0.8823302984237671,0.2578125,0.4214288592338562,128.0,0.12195253558456898,1982.7174857696518
14608,16,0.9231288433074951,0.5546875,0.23584148287773132,128.0,0.12189044710248709,1984.677832212299
14624,16,0.8555170297622681,0.1953125,0.48099619150161743,128.0,0.12196516618132591,1986.6409033024684
14640,16,0.9293016791343689,0.5234375,0.2264057695865631,128.0,0.1225344855338335,1988.6039798846468
14656,16,0.8674768805503845,0.2265625,0.44402649998664856,128.0,0.12190111819654703,1990.5660950718448
14672,16,0.9266010522842407,0.5390625,0.23670253157615662,128.0,0.12192297633737326,1992.5250141425058
14688,16,0.8709490895271301,0.203125,0.43763968348503113,128.0,0.12187997810542583,1994.484891405329
14704,16,0.9101079702377319,0.4765625,0.2936592102050781,128.0,0.12196395732462406,1996.4458284480497
14720,16,0.877700686454773,0.2890625,0.3932124078273773,128.0,0.12185493763536215,1998.4087163219228
14736,16,0.9245756268501282,0.4765625,0.2728886008262634,128.0,0.12189790792763233,2000.3683345904574
14752,16,0.8946759700775146,0.3515625,0.3689410984516144,128.0,0.12179485708475113,2002.3305120188743
14768,16,0.9399113059043884,0.5703125,0.1978932023048401,128.0,0.12176995817571878,2004.2902784906328
14784,16,0.8971836566925049,0.390625,0.3403199315071106,128.0,0.12199524696916342,2006.251572523266
14800,16,0.9133872985839844,0.4609375,0.2668394446372986,128.0,0.12213325779885054,2008.2185280304402
14816,16,0.8718171715736389,0.28125,0.41572117805480957,128.0,0.1223995266482234,2010.1986351534724
14832,16,0.9057677984237671,0.421875,0.2929045855998993,128.0,0.12190798856317997,2012.166695454158
14848,16,0.9147377014160156,0.4375,0.298432320356369,128.0,0.12190577760338783,2014.1284067537636
14864,16,0.9299768805503845,0.5234375,0.23270387947559357,128.0,0.12195845786482096,2016.095137369819
14880,16,0.9071180820465088,0.453125,0.30044686794281006,128.0,0.12185027915984392,2018.05654603336
14896,16,0.8868634104728699,0.359375,0.35027876496315,128.0,0.12226663902401924,2020.020705186762
14912,16,0.894000768661499,0.34375,0.3505118191242218,128.0,0.12195161916315556,2021.9803904667497
14928,16,0.9138696193695068,0.484375,0.2591099143028259,128.0,0.12210614886134863,2023.949627126567
14944,16,0.8566744327545166,0.1015625,0.5010300278663635,128.0,0.12268871814012527,2025.9184005893767
14960,16,0.8996913433074951,0.4375,0.30521342158317566,128.0,0.1218835897743702,2027.8810595218092
14976,16,0.897569477558136,0.3203125,0.3704944849014282,128.0,0.12207357957959175,2029.8449883833528
14992,16,0.9418402910232544,0.609375,0.19357256591320038,128.0,0.12210280820727348,2031.8117240546271
15008,16,0.8673803806304932,0.2890625,0.44964200258255005,128.0,0.1227064086124301,2034.139602231793
15024,16,0.9019097089767456,0.4453125,0.341057687997818,128.0,0.12179961055517197,2036.0981139261276
15040,16,0.9164737462997437,0.4765625,0.2900424599647522,128.0,0.12178902048617601,2038.0555858947337
15056,16,0.920814037322998,0.515625,0.2768963575363159,128.0,0.12175088003277779,2040.0132465735078
15072,16,0.9279513359069824,0.46875,0.26238536834716797,128.0,0.12176463101059198,2041.979715084657
15088,16,0.8864776492118835,0.2578125,0.38090646266937256,128.0,0.12180696986615658,2043.9389949850738
15104,16,0.9326774477958679,0.6171875,0.21499092876911163,128.0,0.12185829039663076,2045.8978694593534
15120,16,0.8981481790542603,0.3125,0.37070098519325256,128.0,0.12268249876797199,2047.8630101168528
15136,16,0.9270833730697632,0.484375,0.24678705632686615,128.0,0.12226410023868084,2049.823920801282
15152,16,0.8950617909431458,0.3671875,0.3658631443977356,128.0,0.12192816101014614,2051.7901377612725
15168,16,0.8891782760620117,0.4609375,0.3199516236782074,128.0,0.12212960049510002,2053.7490133224055
15184,16,0.8924576044082642,0.2890625,0.3707141578197479,128.0,0.12188224121928215,2055.714453626424
15200,16,0.9339313507080078,0.625,0.20552782714366913,128.0,0.12231059093028307,2057.6760628474876
15216,16,0.885320246219635,0.3125,0.40468189120292664,128.0,0.12189036142081022,2059.635877182707
15232,16,0.9056712985038757,0.46875,0.28336983919143677,128.0,0.12194649130105972,2061.595183399506
15248,16,0.9039351940155029,0.3828125,0.3331899642944336,128.0,0.12196780182421207,2063.554526278749
15264,16,0.9246721267700195,0.5390625,0.23927663266658783,128.0,0.12182422075420618,2065.5213440191
15280,16,0.8804012537002563,0.265625,0.4332302510738373,128.0,0.12196641229093075,2067.4806011021137
15296,16,0.9236111044883728,0.4921875,0.2602022588253021,128.0,0.12184237223118544,2069.443232742138
15312,16,0.8818480372428894,0.265625,0.4027140438556671,128.0,0.12205820064991713,2071.403211287223
15328,16,0.9249613881111145,0.5234375,0.2402174025774002,128.0,0.12188039161264896,2073.3650126624852
15344,16,0.9035493731498718,0.3671875,0.33574870228767395,128.0,0.12190251145511866,2075.324992620386
15360,16,0.9302662014961243,0.5546875,0.22183577716350555,128.0,0.12192442175000906,2077.290415924974
15376,16,0.9211034178733826,0.4375,0.2875741124153137,128.0,0.121774572879076,2079.250460836105
15392,16,0.8996913433074951,0.390625,0.29839375615119934,128.0,0.12283124029636383,2081.216662192717
15408,16,0.8621720671653748,0.203125,0.44268861413002014,128.0,0.12195653282105923,2083.1809749528766
15424,16,0.9177276492118835,0.4765625,0.2524150013923645,128.0,0.12187343277037144,2085.1406931094825
15440,16,0.8907214403152466,0.3359375,0.36417660117149353,128.0,0.12200523354113102,2087.1031892541796
15456,16,0.9355709552764893,0.5703125,0.2120954543352127,128.0,0.1221050824970007,2089.064462213777
15472,16,0.8654513955116272,0.2421875,0.43618035316467285,128.0,0.12196446303278208,2091.0237329266965
15488,16,0.9064428806304932,0.4453125,0.2859649360179901,128.0,0.12207406293600798,2092.9855008674785
15504,16,0.9000771641731262,0.34375,0.3493424355983734,128.0,0.12199510354548693,2094.9492511488497
15520,16,0.9348958730697632,0.6015625,0.20537352561950684,128.0,0.12187527306377888,2096.913133760914
15536,16,0.9064429402351379,0.4296875,0.29978325963020325,128.0,0.12183713354170322,2098.8766580047086
15552,16,0.9210069179534912,0.546875,0.24773818254470825,128.0,0.12189056351780891,2100.8361692856997
15568,16,0.8352623581886292,0.1328125,0.5202961564064026,128.0,0.12197320349514484,2102.8022097395733
15584,16,0.9324846267700195,0.5390625,0.2205374836921692,128.0,0.12193774431943893,2104.763140881434
15600,16,0.9060571193695068,0.3828125,0.31870779395103455,128.0,0.12185818236321211,2106.7239167857915
15616,16,0.9148341417312622,0.4921875,0.2719791829586029,128.0,0.12191667407751083,2108.684814031236
15632,16,0.9171489477157593,0.453125,0.28583112359046936,128.0,0.12194449547678232,2127.216911726631
15648,16,0.930748462677002,0.5703125,0.2283121943473816,128.0,0.1219398956745863,2129.182570862584
15664,16,0.8998842239379883,0.34375,0.3385978043079376,128.0,0.12199279572814703,2131.143933565356
15680,16,0.9039351940155029,0.4296875,0.29380548000335693,128.0,0.12190921511501074,2133.108317085542
15696,16,0.9345100522041321,0.609375,0.2267838418483734,128.0,0.12189756613224745,2135.0691971415654
15712,16,0.9371141791343689,0.578125,0.2218267023563385,128.0,0.12217243481427431,2137.0300062699243
15728,16,0.9021990895271301,0.375,0.3282596468925476,128.0,0.12213848438113928,2138.993089706637
15744,16,0.9044174551963806,0.46875,0.28080472350120544,128.0,0.12185600493103266,2140.95200860966
15760,16,0.8709490895271301,0.21875,0.4390164613723755,128.0,0.12196449469774961,2142.910539944656
15776,16,0.9532214403152466,0.65625,0.1615092158317566,128.0,0.12199974525719881,2144.8713434496894
15792,16,0.9297839403152466,0.515625,0.26264241337776184,128.0,0.12180130463093519,2146.8327338136733
15808,16,0.9154127836227417,0.5234375,0.25758787989616394,128.0,0.12179273646324873,2148.7912587337196
15824,16,0.8460648655891418,0.15625,0.4989376366138458,128.0,0.1217943960800767,2150.7496917145327
15840,16,0.9152199029922485,0.453125,0.27621814608573914,128.0,0.12187765631824732,2152.7079445077106
15856,16,0.8930362462997437,0.3984375,0.3455647826194763,128.0,0.12212318647652864,2154.668361309916
15872,16,0.9301697611808777,0.5390625,0.23357313871383667,128.0,0.1221807049587369,2156.6284626629204
15888,16,0.8371914029121399,0.1171875,0.5227070450782776,128.0,0.12182174623012543,2158.5902436254546
15904,16,0.9065393805503845,0.421875,0.29925182461738586,128.0,0.12191375624388456,2160.5535831889138
15920,16,0.8501157760620117,0.1640625,0.4856284260749817,128.0,0.1217965055257082,2162.5137374065816
15936,16,0.9259259700775146,0.5234375,0.233916237950325,128.0,0.12208603695034981,2164.47273728624
15952,16,0.8791474103927612,0.2578125,0.4169829189777374,128.0,0.12219254579395056,2166.4332423871383
15968,16,0.917438268661499,0.46875,0.259028822183609,128.0,0.1218296866863966,2168.3931187195703
15984,16,0.9022955298423767,0.3515625,0.32772278785705566,128.0,0.12193512637168169,2170.351890434511
16000,16,0.9006558656692505,0.4140625,0.2916404604911804,128.0,0.12175952643156052,2172.3103687511757
16016,16,0.9207175970077515,0.46875,0.2843458354473114,128.0,0.1219273367896676,2174.606763043441
16032,16,0.9233217239379883,0.53125,0.24086514115333557,128.0,0.12186991609632969,2176.567866679281
16048,16,0.8614969253540039,0.1953125,0.43759772181510925,128.0,0.12191981729120016,2178.526492201723
16064,16,0.8881173133850098,0.4375,0.3102759122848511,128.0,0.1225800970569253,2180.4940449139103
16080,16,0.872492253780365,0.1875,0.4488435983657837,128.0,0.12303360551595688,2182.471818764694
16096,16,0.9195601940155029,0.4296875,0.2719625234603882,128.0,0.1218358762562275,2184.435993583873
16112,16,0.8858989477157593,0.3359375,0.3644091784954071,128.0,0.12182744685560465,2186.396964667365
16128,16,0.9103974103927612,0.4453125,0.27381250262260437,128.0,0.12194481771439314,2188.3612560983747
16144,16,0.8799190521240234,0.2421875,0.4279261529445648,128.0,0.12235980667173862,2190.3215632364154
16160,16,0.933063268661499,0.578125,0.22713810205459595,128.0,0.12199252657592297,2192.2815348254517
16176,16,0.8535879850387573,0.1875,0.447404682636261,128.0,0.12186467740684748,2194.241992755793
16192,16,0.9253472089767456,0.59375,0.22882868349552155,128.0,0.12206746730953455,2196.21186868567
16208,16,0.8826196193695068,0.265625,0.3998403251171112,128.0,0.12181818764656782,2198.178820961155
16224,16,0.9044173955917358,0.4765625,0.2818569839000702,128.0,0.12184847798198462,2200.1421783212572
16240,16,0.9003665447235107,0.359375,0.35077744722366333,128.0,0.1224137069657445,2202.10727149155
16256,16,0.9172453880310059,0.4140625,0.28006914258003235,128.0,0.12258889712393284,2204.084079149179
16272,16,0.9149305820465088,0.5,0.28271016478538513,128.0,0.121980638243258,2206.0501202112064
16288,16,0.9147377014160156,0.4609375,0.2802337408065796,128.0,0.12185050826519728,2208.011959878728
16304,16,0.9070216417312622,0.4140625,0.2993200719356537,128.0,0.12178849894553423,2209.971633770503
16320,16,0.9065393209457397,0.375,0.333901047706604,128.0,0.12184011749923229,2211.930610174313
16336,16,0.9257330298423767,0.5078125,0.2452254593372345,128.0,0.12179349828511477,2213.8892841897905
16352,16,0.8996913433074951,0.3515625,0.3455267548561096,128.0,0.12176462821662426,2215.847220356576
16368,16,0.9021025896072388,0.4296875,0.30131295323371887,128.0,0.12191788852214813,2217.8081120522693
16384,16,0.8602430820465088,0.21875,0.44040989875793457,128.0,0.12200717907398939,2219.766999291256
16400,16,0.9608410596847534,0.6875,0.1504407823085785,128.0,0.12201881781220436,2221.7263336507604
16416,16,0.9177275896072388,0.359375,0.3168741762638092,128.0,0.12189608905464411,2223.687017490156
16432,16,0.9271798133850098,0.5078125,0.2467195987701416,128.0,0.12195953913033009,2225.647651131265
16448,16,0.8901427984237671,0.328125,0.3764886260032654,128.0,0.12195719964802265,2227.6069989148527
16464,16,0.9148341417312622,0.484375,0.26946502923965454,128.0,0.1217748885974288,2229.5702196042985
16480,16,0.8952546715736389,0.296875,0.354413777589798,128.0,0.12198858894407749,2231.5308681493625
16496,16,0.9433834552764893,0.609375,0.192510724067688,128.0,0.12239187862724066,2233.4991078162566
16512,16,0.8753858208656311,0.2421875,0.42728978395462036,128.0,0.12197075970470905,2235.4630650198087
16528,16,0.9039351940155029,0.4375,0.3006546199321747,128.0,0.12213015835732222,2237.426211294718
16544,16,0.9166666269302368,0.359375,0.32751134037971497,128.0,0.1218793299049139,2239.3853014567867
16560,16,0.926311731338501,0.46875,0.25160345435142517,128.0,0.12192120030522346,2241.344731678255
16576,16,0.9025849103927612,0.4140625,0.32513362169265747,128.0,0.12201454024761915,2243.3040363611653
16592,16,0.9139660596847534,0.4140625,0.29290854930877686,128.0,0.1220701290294528,2245.263265516609
16608,16,0.9114583730697632,0.453125,0.2951010465621948,128.0,0.12182881031185389,2247.2264059083536
16624,16,0.8845486640930176,0.3515625,0.3631857633590698,128.0,0.12178249005228281,2249.19554714486
16640,16,0.9140625,0.4375,0.26820239424705505,128.0,0.12188113946467638,2251.158895487897
16656,16,0.9059606790542603,0.4375,0.3187063932418823,128.0,0.12223921902477741,2253.1203986145556
16672,16,0.8984375,0.359375,0.3417947590351105,128.0,0.12180006969720125,2255.0809404449537
16688,16,0.9039351940155029,0.4609375,0.28899216651916504,128.0,0.12186654005199671,2257.04980959557
16704,16,0.8702739477157593,0.140625,0.46022793650627136,128.0,0.12198120076209307,2259.0100932670757
16720,16,0.9310377836227417,0.5625,0.22220571339130402,128.0,0.122419280000031,2260.9757511243224
16736,16,0.908757746219635,0.3984375,0.3361760079860687,128.0,0.12172288075089455,2262.937484507449
16752,16,0.9239004850387573,0.5234375,0.24154755473136902,128.0,0.1218786109238863,2264.8982500927523
16768,16,0.8830053806304932,0.2734375,0.39196640253067017,128.0,0.12212842050939798,2266.857939619571
16784,16,0.9204282760620117,0.515625,0.2565913796424866,128.0,0.12185647990554571,2268.8188757179305
16800,16,0.8921682238578796,0.3359375,0.3729880154132843,128.0,0.12190488167107105,2270.780218795873
16816,16,0.9125193357467651,0.4609375,0.27476751804351807,128.0,0.12199822068214417,2272.740981584415
16832,16,0.8873456716537476,0.3203125,0.3689916133880615,128.0,0.12182629108428955,2274.7003132477403
16848,16,0.9289159178733826,0.4921875,0.24080130457878113,128.0,0.12191838026046753,2276.675567262806
16864,16,0.8829089403152466,0.2734375,0.3913242220878601,128.0,0.12232071068137884,2278.6457613352686
16880,16,0.9304591417312622,0.515625,0.23449622094631195,128.0,0.12188848108053207,2280.6044938117266
16896,16,0.9237076044082642,0.4453125,0.28080007433891296,128.0,0.1217063507065177,2282.565980556421
16912,16,0.9053819179534912,0.3984375,0.32146742939949036,128.0,0.12191623076796532,2284.52437851578
16928,16,0.9293981790542603,0.59375,0.22775894403457642,128.0,0.12229309044778347,2286.490865416825
16944,16,0.8780864477157593,0.2265625,0.43410587310791016,128.0,0.12264413107186556,2288.458288008347
16960,16,0.9372106790542603,0.5859375,0.2115066945552826,128.0,0.12202223017811775,2290.425729780458
16976,16,0.8720100522041321,0.2578125,0.41342079639434814,128.0,0.12180656287819147,2292.391095316969
16992,16,0.8801118731498718,0.34375,0.35271400213241577,128.0,0.1221219515427947,2294.350704369135
17008,16,0.9107831716537476,0.421875,0.3115657567977905,128.0,0.12183480150997639,2296.651382307522
17024,16,0.9340277910232544,0.53125,0.24271558225154877,128.0,0.12194427009671926,2298.6157042179257
17040,16,0.8842592835426331,0.3046875,0.392649382352829,128.0,0.12171199265867472,2300.5798265393823
17056,16,0.8830053806304932,0.3515625,0.3359520137310028,128.0,0.12292475160211325,2302.5383251598105
17072,16,0.8413387537002563,0.15625,0.47244277596473694,128.0,0.12174323108047247,2304.5008304947987
17088,16,0.9554398059844971,0.65625,0.168962299823761,128.0,0.12227228190749884,2306.4697079649195
17104,16,0.9211998581886292,0.4921875,0.2820183336734772,128.0,0.12200148217380047,2308.4338544011116
17120,16,0.8989197015762329,0.4296875,0.3115258514881134,128.0,0.12214122246950865,2310.3962727505714
17136,16,0.921875,0.4921875,0.2533127963542938,128.0,0.12275982089340687,2312.370237247087
17152,16,0.8948688507080078,0.296875,0.38292568922042847,128.0,0.12227892130613327,2314.334350417368
17168,16,0.9142553806304932,0.5625,0.25822100043296814,128.0,0.12185604125261307,2316.300426545553
17184,16,0.8498263955116272,0.140625,0.4712282419204712,128.0,0.12188379280269146,2318.2622541394085
17200,16,0.9568865299224854,0.6953125,0.1505541205406189,128.0,0.12196510285139084,2320.2283921604976
17216,16,0.922453761100769,0.5,0.26452499628067017,128.0,0.1218623323366046,2322.191634045914
17232,16,0.9011381268501282,0.453125,0.3244606852531433,128.0,0.12190678250044584,2324.1518489941955
17248,16,0.8887924551963806,0.359375,0.35528770089149475,128.0,0.12306240200996399,2326.1265056487173
17264,16,0.9244791865348816,0.546875,0.23611922562122345,128.0,0.12246758211404085,2328.1019681124017
17280,16,0.869695246219635,0.1796875,0.44161978363990784,128.0,0.1217701118439436,2330.0726639125496
17296,16,0.8919752836227417,0.390625,0.3327580392360687,128.0,0.12266730051487684,2332.0410093674436
17312,16,0.8651620745658875,0.2421875,0.4536127746105194,128.0,0.12187540251761675,2334.0071049751714
17328,16,0.9597800970077515,0.6953125,0.1437334418296814,128.0,0.12186186295002699,2335.9722675746307
17344,16,0.8867669701576233,0.34375,0.37901368737220764,128.0,0.12175652291625738,2337.936302457936
17360,16,0.9052855372428894,0.46875,0.29585137963294983,128.0,0.12189972307533026,2339.8972167931497
17376,16,0.8697917461395264,0.21875,0.4136929512023926,128.0,0.12168599292635918,2341.8562672436237
17392,16,0.9247685670852661,0.53125,0.23895098268985748,128.0,0.1217191331088543,2343.814087565057
17408,16,0.8635223507881165,0.171875,0.47246044874191284,128.0,0.12209349311888218,2345.7745192050934
17424,16,0.9194637537002563,0.5,0.25781551003456116,128.0,0.12186976242810488,2347.731950160116
17440,16,0.8538773059844971,0.1796875,0.47386837005615234,128.0,0.12181591335684061,2349.689754745923
17456,16,0.9407793283462524,0.6015625,0.2003227025270462,128.0,0.12183997314423323,2351.6465793931857
17472,16,0.91126549243927,0.4140625,0.30602675676345825,128.0,0.12187752313911915,2353.603585361503
17488,16,0.9222608208656311,0.546875,0.23496432602405548,128.0,0.12186667323112488,2355.5679964618757
17504,16,0.8671875,0.2109375,0.4435626268386841,128.0,0.12198613304644823,2357.5323864631355
17520,16,0.928626537322998,0.5234375,0.22605399787425995,128.0,0.1221682233735919,2359.4926508404315
17536,16,0.8622685670852661,0.1953125,0.45006120204925537,128.0,0.1218550642952323,2361.455853176303
17552,16,0.9227430820465088,0.546875,0.23637109994888306,128.0,0.12183980364352465,2363.4197041010484
17568,16,0.8747106790542603,0.2421875,0.41116756200790405,128.0,0.12179815396666527,2365.380657660775
17584,16,0.9231288433074951,0.5390625,0.2362373322248459,128.0,0.12187728378921747,2383.9547603596
17600,16,0.8516589403152466,0.1953125,0.4616260230541229,128.0,0.12173441424965858,2385.92064353358
17616,16,0.9027777910232544,0.4140625,0.29469355940818787,128.0,0.12175693549215794,2387.879210136831
17632,16,0.9274691939353943,0.5,0.24670423567295074,128.0,0.1218272540718317,2389.8387452298775
17648,16,0.9168595671653748,0.4140625,0.28433117270469666,128.0,0.12194821331650019,2391.7973717246205
17664,16,0.9413580894470215,0.5390625,0.21552953124046326,128.0,0.12190908472985029,2393.7548167817295
17680,16,0.8904321193695068,0.34375,0.35016000270843506,128.0,0.12212032452225685,2395.7161977952346
17696,16,0.9037423133850098,0.4296875,0.2952992022037506,128.0,0.12184539623558521,2397.677285630256
17712,16,0.8703703880310059,0.1640625,0.4444282054901123,128.0,0.12179929483681917,2399.635185769759
17728,16,0.9234182834625244,0.546875,0.23308712244033813,128.0,0.1220597755163908,2401.5931601291522
17744,16,0.9156057238578796,0.4375,0.28169143199920654,128.0,0.12181311473250389,2403.5525835081935
17760,16,0.9357638955116272,0.5,0.23032265901565552,128.0,0.12195156514644623,2405.5108058191836
17776,16,0.9406828880310059,0.6015625,0.20222294330596924,128.0,0.12179387547075748,2407.467463974841
17792,16,0.9043209552764893,0.4296875,0.30900534987449646,128.0,0.12195278517901897,2409.427218815312
17808,16,0.9025849103927612,0.375,0.3289346396923065,128.0,0.12187116499990225,2411.3875059979036
17824,16,0.9284336566925049,0.484375,0.2406303584575653,128.0,0.12211483437567949,2413.349254399538
17840,16,0.9235146641731262,0.4609375,0.27357912063598633,128.0,0.12172194477170706,2415.3075579041615
17856,16,0.905189037322998,0.46875,0.29720401763916016,128.0,0.12186612654477358,2417.267920959741
17872,16,0.9135802388191223,0.4296875,0.28607240319252014,128.0,0.12188674602657557,2419.2286408245564
17888,16,0.9122299551963806,0.421875,0.2846679985523224,128.0,0.12179513461887836,2421.1858727633953
17904,16,0.9164737462997437,0.4296875,0.28218352794647217,128.0,0.12183243501931429,2423.1430276846513
17920,16,0.918499231338501,0.5,0.2694445550441742,128.0,0.12180638499557972,2425.1019888734445
17936,16,0.926311731338501,0.546875,0.2409394234418869,128.0,0.12182189524173737,2427.0624918621033
17952,16,0.9055747985839844,0.296875,0.36405137181282043,128.0,0.12171437591314316,2429.020294985734
17968,16,0.9258294701576233,0.53125,0.24931812286376953,128.0,0.12170571647584438,2430.976802719757
17984,16,0.8795331716537476,0.265625,0.38216957449913025,128.0,0.12183795589953661,2432.938750209287
18000,16,0.921875,0.5703125,0.23504838347434998,128.0,0.12217979598790407,2434.896747544408
18016,16,0.9241898655891418,0.5859375,0.23943497240543365,128.0,0.12174334563314915,2437.20394373592
18032,16,0.8858025074005127,0.3203125,0.3829331696033478,128.0,0.12174487579613924,2439.162298881449
18048,16,0.8920717835426331,0.359375,0.33359476923942566,128.0,0.12185060605406761,2441.123601875268
18064,16,0.9259259104728699,0.5,0.24149256944656372,128.0,0.12182073667645454,2443.0821775235236
18080,16,0.9239969253540039,0.53125,0.24802379310131073,128.0,0.12172442674636841,2445.040642431937
18096,16,0.9079861044883728,0.5234375,0.27404531836509705,128.0,0.12181777693331242,2447.005342424847
18112,16,0.8889853358268738,0.3203125,0.3841058313846588,128.0,0.1218212153762579,2448.9646620536223
18128,16,0.9316165447235107,0.578125,0.2123180478811264,128.0,0.12178204581141472,2450.934088602662
18144,16,0.8714313507080078,0.2265625,0.4300905764102936,128.0,0.12177239544689655,2452.8949851011857
18160,16,0.9150270223617554,0.4921875,0.26160964369773865,128.0,0.12223917618393898,2454.8562355414033
18176,16,0.8711420297622681,0.2265625,0.42978161573410034,128.0,0.1217040354385972,2456.813884165138
18192,16,0.9221643209457397,0.5,0.2547248899936676,128.0,0.12187196686863899,2458.7710824217647
18208,16,0.9159915447235107,0.5,0.2645410895347595,128.0,0.12206795625388622,2460.729680386372
18224,16,0.8988233208656311,0.3515625,0.33351579308509827,128.0,0.12190019618719816,2462.695958723314
18240,16,0.934124231338501,0.5703125,0.21149209141731262,128.0,0.1218635756522417,2464.6548836492
18256,16,0.9021026492118835,0.3515625,0.33956968784332275,128.0,0.12177308555692434,2466.6165622938424
18272,16,0.9411651492118835,0.578125,0.19503401219844818,128.0,0.12197156716138124,2468.57631528005
18288,16,0.829185962677002,0.1640625,0.5174837708473206,128.0,0.12221177667379379,2470.5370559878647
18304,16,0.8718171119689941,0.2734375,0.3885189890861511,128.0,0.12193132750689983,2472.496509315446
18320,16,0.9161844253540039,0.53125,0.25992557406425476,128.0,0.12223998736590147,2474.4570073140785
18336,16,0.8803048133850098,0.2578125,0.38864433765411377,128.0,0.12202594615519047,2476.420295590535
18352,16,0.9298804402351379,0.546875,0.2206624150276184,128.0,0.12208871636539698,2478.380006061867
18368,16,0.8702739477157593,0.2421875,0.4186239242553711,128.0,0.12197558674961329,2480.33966202382
18384,16,0.9004629850387573,0.4609375,0.3000897169113159,128.0,0.12205105647444725,2482.3002305645496
18400,16,0.9130979776382446,0.3984375,0.3263126015663147,128.0,0.12186785694211721,2484.2596620675176
18416,16,0.9225502014160156,0.515625,0.24600033462047577,128.0,0.1220218762755394,2486.2220467589796
18432,16,0.8945795297622681,0.328125,0.3861936032772064,128.0,0.12184628657996655,2488.187264847569
18448,16,0.9183063507080078,0.453125,0.27096331119537354,128.0,0.1219679769128561,2490.147403182462
18464,16,0.8656442761421204,0.265625,0.4295326769351959,128.0,0.12270048633217812,2492.1216371627524
18480,16,0.9327739477157593,0.5703125,0.2217792421579361,128.0,0.12176652625203133,2494.0816023899242
18496,16,0.9288194179534912,0.59375,0.23040741682052612,128.0,0.12185694742947817,2496.038526000455
18512,16,0.9048032760620117,0.4140625,0.32209786772727966,128.0,0.12178865820169449,2497.9956351416185
18528,16,0.9042245745658875,0.4296875,0.2889406681060791,128.0,0.12180591747164726,2499.959659455344
18544,16,0.9266976118087769,0.5546875,0.2506920397281647,128.0,0.12170486617833376,2501.916130458936
18560,16,0.9126157760620117,0.4375,0.2928410768508911,128.0,0.12185393832623959,2503.872840152122
18576,16,0.8810763955116272,0.3046875,0.3730471432209015,128.0,0.12184212729334831,2505.829860717058
18592,16,0.9048032760620117,0.40625,0.3147420287132263,128.0,0.12167667876929045,2507.78726056125
18608,16,0.9179205298423767,0.484375,0.28066152334213257,128.0,0.12176717724651098,2509.744154587388
18624,16,0.9085648059844971,0.46875,0.3012636601924896,128.0,0.12180620804429054,2511.7021847339347
18640,16,0.9375964999198914,0.59375,0.2088956981897354,128.0,0.12184279784560204,2513.6612653872
18656,16,0.9010416865348816,0.40625,0.3375508189201355,128.0,0.12202989775687456,2515.6191682443023
18672,16,0.9293981790542603,0.578125,0.22362765669822693,128.0,0.12172758765518665,2517.577808761969
18688,16,0.8803048133850098,0.2421875,0.40378668904304504,128.0,0.12188409827649593,2519.536171779968
18704,16,0.9387538433074951,0.640625,0.191474050283432,128.0,0.12234204635024071,2521.5005961814895
18720,16,0.855131208896637,0.265625,0.4420459568500519,128.0,0.12188332807272673,2523.4588837614283
18736,16,0.9177276492118835,0.5,0.25590595602989197,128.0,0.12181006837636232,2525.4163244022056
18752,16,0.900945246219635,0.40625,0.32332709431648254,128.0,0.12170040793716908,2527.374762422405
18768,16,0.9387538433074951,0.609375,0.1955234557390213,128.0,0.12221596762537956,2529.3476960081607
18784,16,0.8952546119689941,0.296875,0.3897363841533661,128.0,0.12192638777196407,2531.316188579425
18800,16,0.9148341417312622,0.484375,0.27616941928863525,128.0,0.1223295982927084,2533.2789166178554
18816,16,0.9040316343307495,0.4140625,0.3029003441333771,128.0,0.12177525833249092,2535.2399419881403
18832,16,0.9173418283462524,0.5,0.2634826600551605,128.0,0.12191527802497149,2537.2053638044745
18848,16,0.9342206716537476,0.6015625,0.20855924487113953,128.0,0.12190322857350111,2539.168786574155
18864,16,0.8842592835426331,0.3671875,0.3655602037906647,128.0,0.12205558829009533,2541.1320098843426
18880,16,0.9347029328346252,0.515625,0.2304535061120987,128.0,0.12192346807569265,2543.0938833467662
18896,16,0.9291087985038757,0.5546875,0.21842080354690552,128.0,0.12220555916428566,2545.0576027678326
18912,16,0.9145447611808777,0.4765625,0.29217764735221863,128.0,0.12187101785093546,2547.022357248701
18928,16,0.9085648059844971,0.4453125,0.2880736291408539,128.0,0.12185071781277657,2548.9844791125506
18944,16,0.9082754850387573,0.421875,0.3082324266433716,128.0,0.12230090796947479,2550.948336126283
18960,16,0.9536072611808777,0.6953125,0.1541445255279541,128.0,0.12175392918288708,2552.9096015021205
18976,16,0.8765432238578796,0.2421875,0.4242391586303711,128.0,0.12184554897248745,2554.8680512225255
18992,16,0.9235146641731262,0.5546875,0.23849129676818848,128.0,0.12192011903971434,2556.8267181431875
19008,16,0.9016203880310059,0.390625,0.30436909198760986,128.0,0.12225490808486938,2559.115619778633
19024,16,0.9077932238578796,0.3984375,0.30548545718193054,128.0,0.1220262786373496,2561.0768571281806
19040,16,0.9368247985839844,0.6328125,0.2035566121339798,128.0,0.12200208846479654,2563.044968921691
19056,16,0.8994020223617554,0.328125,0.32894396781921387,128.0,0.12277551740407944,2565.0116253755987
19072,16,0.9386574029922485,0.609375,0.19255858659744263,128.0,0.12178814876824617,2566.971644128673
19088,16,0.9094328880310059,0.3671875,0.3088676631450653,128.0,0.12212591897696257,2568.9319102810696
19104,16,0.9255401492118835,0.5703125,0.2371336966753006,128.0,0.12265156768262386,2570.8993024174124
19120,16,0.9091435074806213,0.453125,0.291519433259964,128.0,0.12214057892560959,2572.8674301123247
19136,16,0.933256208896637,0.625,0.21621660888195038,128.0,0.12242481764405966,2574.8281136173755
19152,16,0.908178985118866,0.453125,0.3101195693016052,128.0,0.12212043907493353,2576.7950027259067
19168,16,0.8959298133850098,0.3984375,0.3213125467300415,128.0,0.12182626873254776,2578.7588008083403
19184,16,0.9108796119689941,0.5390625,0.2756006121635437,128.0,0.12189709860831499,2580.721269982867
19200,16,0.8823302984237671,0.2265625,0.4069400429725647,128.0,0.12190455850213766,2582.6803261116147
19216,16,0.9499421119689941,0.7265625,0.15531884133815765,128.0,0.12185538932681084,2584.6395324105397
19232,16,0.8714313507080078,0.21875,0.4409235715866089,128.0,0.12194342911243439,2586.5977142713964
19248,16,0.9348958730697632,0.6328125,0.201456680893898,128.0,0.12194813974201679,2588.565397172235
19264,16,0.8985339403152466,0.3359375,0.35222458839416504,128.0,0.12189387995749712,2590.5253185536712
19280,16,0.9325810670852661,0.6015625,0.22053410112857819,128.0,0.12205953896045685,2592.4847996644676
19296,16,0.899498462677002,0.375,0.34433186054229736,128.0,0.12179704941809177,2594.445168235339
19312,16,0.9362461566925049,0.5859375,0.21602456271648407,128.0,0.1218815604224801,2596.4139796085656
19328,16,0.8927469253540039,0.34375,0.3525512218475342,128.0,0.12182956002652645,2598.3730358621106
19344,16,0.9251543283462524,0.5390625,0.2427491545677185,128.0,0.12237673904746771,2600.337530870922
19360,16,0.9046103358268738,0.4296875,0.3012077510356903,128.0,0.12198633886873722,2602.303001188673
19376,16,0.9302662014961243,0.5234375,0.24416705965995789,128.0,0.12181087862700224,2604.265026681125
19392,16,0.9237076044082642,0.4296875,0.2887614369392395,128.0,0.12174740992486477,2606.2221928695217
19408,16,0.8572530746459961,0.265625,0.42377111315727234,128.0,0.12172958999872208,2608.1803278261796
19424,16,0.9210069179534912,0.421875,0.28085318207740784,128.0,0.12206817977130413,2610.1433011600748
19440,16,0.9351851940155029,0.515625,0.23895001411437988,128.0,0.12184510938823223,2612.1018128488213
19456,16,0.9145447611808777,0.4765625,0.298012375831604,128.0,0.12178745958954096,2614.0604040371254
19472,16,0.9456983208656311,0.59375,0.1950763314962387,128.0,0.12187713012099266,2616.018057508394
19488,16,0.9167631268501282,0.5,0.2758623957633972,128.0,0.12200671900063753,2617.9810705231503
19504,16,0.9321951866149902,0.5703125,0.22374999523162842,128.0,0.12197744008153677,2619.9415806820616
19520,16,0.8713349103927612,0.2265625,0.42761027812957764,128.0,0.12183417938649654,2621.9128637602553
19536,16,0.9451196193695068,0.6328125,0.17502973973751068,128.0,0.1217836607247591,2640.438797723502
19552,16,0.8800154328346252,0.3359375,0.38499027490615845,128.0,0.12173144984990358,2642.3984788190573
19568,16,0.9083719253540039,0.4921875,0.2972200810909271,128.0,0.12201085966080427,2644.362588382326
19584,16,0.8461612462997437,0.125,0.4853408932685852,128.0,0.12195510044693947,2646.32321016863
19600,16,0.95032799243927,0.6640625,0.17817185819149017,128.0,0.12187470030039549,2648.2796992193907
19616,16,0.8832947611808777,0.3359375,0.36616209149360657,128.0,0.12199015077203512,2650.236693361774
19632,16,0.8995949029922485,0.3671875,0.3149813711643219,128.0,0.12163329124450684,2652.1939464127645
19648,16,0.8967978358268738,0.390625,0.31640344858169556,128.0,0.12168895080685616,2654.150094206445
19664,16,0.9212963581085205,0.53125,0.24344350397586823,128.0,0.12177644018083811,2656.106555319391
19680,16,0.9091435670852661,0.421875,0.3017784357070923,128.0,0.1217898903414607,2658.065270711668
19696,16,0.9025849103927612,0.4375,0.2982598841190338,128.0,0.12171815056353807,2660.021707095206
19712,16,0.9204282760620117,0.4609375,0.26781097054481506,128.0,0.12177610117942095,2661.9782100208104
19728,16,0.921875,0.5703125,0.23982733488082886,128.0,0.12176483124494553,2663.9370847335085
19744,16,0.9027777910232544,0.4375,0.31833353638648987,128.0,0.12213565036654472,2665.894022169523
19760,16,0.9076002836227417,0.5,0.2743467092514038,128.0,0.12177032046020031,2667.8518540346995
19776,16,0.9267939925193787,0.5078125,0.2475733608007431,128.0,0.12176287081092596,2669.8089683502913
19792,16,0.9423225522041321,0.609375,0.19745329022407532,128.0,0.12264275085180998,2671.7794524049386
19808,16,0.90345299243927,0.390625,0.3397391140460968,128.0,0.12187088094651699,2673.7503829877824
19824,16,0.9287229776382446,0.5859375,0.224114790558815,128.0,0.12186230067163706,2675.7137451684102
19840,16,0.8879243731498718,0.265625,0.3998572528362274,128.0,0.12187573965638876,2677.6731363553554
19856,16,0.934124231338501,0.625,0.209237739443779,128.0,0.12191104236990213,2679.638791995123
19872,16,0.8954475522041321,0.3828125,0.35068851709365845,128.0,0.12192019168287516,2681.6016220981255
19888,16,0.9268904328346252,0.4921875,0.24875324964523315,128.0,0.12201983109116554,2683.5658897217363
19904,16,0.9002700448036194,0.3984375,0.31545180082321167,128.0,0.12185666151344776,2685.527769227512
19920,16,0.9312307238578796,0.5234375,0.23464767634868622,128.0,0.12213440146297216,2687.487629605457
19936,16,0.8839699029922485,0.3125,0.3824736773967743,128.0,0.12191236112266779,2689.456463234499
19952,16,0.9318094253540039,0.5390625,0.24677585065364838,128.0,0.12183200102299452,2691.4160203933716
19968,16,0.9340277910232544,0.5859375,0.21555836498737335,128.0,0.12178837135434151,2693.3759531434625
19984,16,0.8610146641731262,0.21875,0.44747939705848694,128.0,0.12179000210016966,2695.3348014056683
20000,16,0.9248650074005127,0.5859375,0.23002980649471283,128.0,0.1218182509765029,2697.3065508734435
20016,16,0.8748071193695068,0.21875,0.42625635862350464,128.0,0.12183521222323179,2699.5964712360874
20032,16,0.9336420297622681,0.59375,0.20698407292366028,128.0,0.12354166992008686,2701.562186682597
20048,16,0.9374035596847534,0.515625,0.22571296989917755,128.0,0.12183013092726469,2703.536295889877
20064,16,0.9120370149612427,0.484375,0.2718196511268616,128.0,0.12204879149794579,2705.507139440626
20080,16,0.9020061492919922,0.28125,0.38732823729515076,128.0,0.12218185048550367,2707.4698257315904
20096,16,0.9152199029922485,0.5234375,0.24941428005695343,128.0,0.12196462228894234,2709.430525894277
20112,16,0.8632330894470215,0.203125,0.4811583459377289,128.0,0.12247554212808609,2711.3903910983354
20128,16,0.9309413433074951,0.515625,0.23664477467536926,128.0,0.12205723207443953,2713.3593730842695
20144,16,0.9312307238578796,0.6015625,0.21922524273395538,128.0,0.12218572106212378,2715.322998575866
20160,16,0.8981481790542603,0.375,0.33733290433883667,128.0,0.12256619147956371,2717.2868061475456
20176,16,0.947241485118866,0.6328125,0.18061275780200958,128.0,0.1221415102481842,2719.249435260892
20192,16,0.9126157164573669,0.4765625,0.31193628907203674,128.0,0.12207688111811876,2721.2129402738065
20208,16,0.9024884700775146,0.421875,0.3113502860069275,128.0,0.12200122140347958,2723.181243352592
20224,16,0.9178240895271301,0.5,0.2576770782470703,128.0,0.12229851074516773,2725.142574469559
20240,16,0.9236111640930176,0.4921875,0.26033973693847656,128.0,0.12187685072422028,2727.1027515875176
20256,16,0.9102044701576233,0.5234375,0.2751121520996094,128.0,0.12187533173710108,2729.06455936376
20272,16,0.9227430820465088,0.40625,0.27050894498825073,128.0,0.12187049258500338,2731.02205406595
20288,16,0.9539930820465088,0.6953125,0.15895530581474304,128.0,0.12179366126656532,2732.983147304505
20304,16,0.8851273655891418,0.3984375,0.3388414680957794,128.0,0.1220226027071476,2734.941127876751
20320,16,0.9270833730697632,0.484375,0.2613984942436218,128.0,0.1216921117156744,2736.8993837488815
20336,16,0.922935962677002,0.5,0.25443974137306213,128.0,0.12184343207627535,2738.8576297517866
20352,16,0.890625,0.3046875,0.3625359535217285,128.0,0.12190677225589752,2740.8145196260884
20368,16,0.9372106790542603,0.5625,0.2130749225616455,128.0,0.12183841224759817,2742.7720443103462
20384,16,0.9043209552764893,0.421875,0.30456072092056274,128.0,0.12173187360167503,2744.7292796857655
20400,16,0.9177276492118835,0.453125,0.28858694434165955,128.0,0.12196905165910721,2746.6921505946666
20416,16,0.9258295297622681,0.546875,0.2404496818780899,128.0,0.12170459236949682,2748.6523824082687
20432,16,0.8995949029922485,0.390625,0.3185562789440155,128.0,0.12197382189333439,2750.61006103456
20448,16,0.9196566343307495,0.5078125,0.2559122145175934,128.0,0.12200582213699818,2752.56817455031
20464,16,0.9376928806304932,0.6171875,0.19860714673995972,128.0,0.121788221411407,2754.526070347056
20480,16,0.9025848507881165,0.40625,0.3195445239543915,128.0,0.1218553427606821,2756.483237525448
20496,16,0.9361497163772583,0.5859375,0.21611975133419037,128.0,0.12176702171564102,2758.4462595973164
20512,16,0.8738425970077515,0.265625,0.4001603424549103,128.0,0.12177020218223333,2760.408709901385
20528,16,0.9376929402351379,0.6015625,0.20236560702323914,128.0,0.12179973255842924,2762.3659761203453
20544,16,0.9040316343307495,0.515625,0.2939966917037964,128.0,0.12188280187547207,2764.323587840423
20560,16,0.8634259700775146,0.1953125,0.453139990568161,128.0,0.12170180305838585,2766.2810008106753
20576,16,0.9555362462997437,0.734375,0.14645065367221832,128.0,0.12206585146486759,2768.24051317852
20592,16,0.9025849103927612,0.4375,0.3014095425605774,128.0,0.12173758260905743,2770.2000989178196
20608,16,0.9204282760620117,0.5546875,0.241000697016716,128.0,0.12189530301839113,2772.1624328931794
20624,16,0.8898534178733826,0.34375,0.3333464562892914,128.0,0.12163608334958553,2774.128280806355
20640,16,0.9074074029922485,0.375,0.30528292059898376,128.0,0.1218834426254034,2776.086837527342
20656,16,0.9304591417312622,0.4765625,0.25658759474754333,128.0,0.12179594207555056,2778.0440814197063
20672,16,0.9478201866149902,0.6015625,0.18580526113510132,128.0,0.1219361312687397,2780.0107476925477
20688,16,0.8862847089767456,0.3203125,0.3986489474773407,128.0,0.12172486260533333,2781.96933922451
20704,16,0.9281443357467651,0.5859375,0.23026953637599945,128.0,0.12200960237532854,2783.9285919768736
20720,16,0.901813268661499,0.3671875,0.3250270187854767,128.0,0.12177550233900547,2785.8866600608453
20736,16,0.9359567761421204,0.609375,0.2025572657585144,128.0,0.12190650217235088,2787.8455876233056
20752,16,0.891203761100769,0.328125,0.3450107276439667,128.0,0.12186743225902319,2789.8038437878713
20768,16,0.9027777910232544,0.40625,0.30003949999809265,128.0,0.12174200266599655,2791.7619460513815
20784,16,0.881076455116272,0.265625,0.421185165643692,128.0,0.12202813383191824,2793.72391150333
20800,16,0.944444477558136,0.6328125,0.18494099378585815,128.0,0.1217030817642808,2795.688534690067
20816,16,0.8937114477157593,0.328125,0.38341471552848816,128.0,0.12193376198410988,2797.6476672552526
20832,16,0.9523533582687378,0.734375,0.1508195847272873,128.0,0.12206664215773344,2799.60668787919
20848,16,0.8848379850387573,0.265625,0.42379575967788696,128.0,0.12180228158831596,2801.5649252254516
20864,16,0.9192708730697632,0.5234375,0.24753370881080627,128.0,0.12205704301595688,2803.525674369186
20880,16,0.8895640969276428,0.3359375,0.35492900013923645,128.0,0.12184669263660908,2805.4837094666436
20896,16,0.9592013955116272,0.7265625,0.1381489336490631,128.0,0.1218453524634242,2807.441585903056
20912,16,0.9236111640930176,0.4921875,0.2924496829509735,128.0,0.12210178188979626,2809.4043517522514
20928,16,0.9342206716537476,0.6015625,0.22021935880184174,128.0,0.12187272310256958,2811.3657939881086
20944,16,0.8815586566925049,0.2890625,0.41092240810394287,128.0,0.12217069324105978,2813.326129815541
20960,16,0.9433834552764893,0.625,0.18665210902690887,128.0,0.12187978252768517,2815.286556323059
20976,16,0.8961227536201477,0.375,0.33410677313804626,128.0,0.12208165228366852,2817.2472557704896
20992,16,0.9266975522041321,0.546875,0.23004893958568573,128.0,0.12193346302956343,2819.2079312987626
21008,16,0.922743022441864,0.53125,0.2533552944660187,128.0,0.12205634359270334,2821.5137451877818
21024,16,0.9069252014160156,0.3515625,0.3118918836116791,128.0,0.12206581141799688,2823.4747934462503
21040,16,0.9251543283462524,0.546875,0.24381716549396515,128.0,0.12202594336122274,2825.436616944149
21056,16,0.9446373581886292,0.671875,0.17902565002441406,128.0,0.12238130159676075,2827.3999795503914
21072,16,0.9072145223617554,0.375,0.3181159496307373,128.0,0.12196148280054331,2829.36111552082
21088,16,0.9181134700775146,0.5390625,0.2429274022579193,128.0,0.12195581384003162,2831.321495961398
21104,16,0.9196566343307495,0.4140625,0.28937557339668274,128.0,0.12184401322156191,2833.2862669974566
21120,16,0.8853201866149902,0.3828125,0.3386474549770355,128.0,0.12187467236071825,2835.2455201605335
21136,16,0.8901427984237671,0.3203125,0.34947553277015686,128.0,0.12181758414953947,2837.20797849074
21152,16,0.9370177984237671,0.5390625,0.21396173536777496,128.0,0.12196700274944305,2839.1701723001897
21168,16,0.8913001418113708,0.3046875,0.36957937479019165,128.0,0.12202718295156956,2841.1301374631003
21184,16,0.9154127836227417,0.4765625,0.2618597447872162,128.0,0.12190974410623312,2843.092753654346
21200,16,0.9124228358268738,0.4765625,0.27854326367378235,128.0,0.1219108235090971,2845.056777983904
21216,16,0.9034529328346252,0.3828125,0.32730889320373535,128.0,0.12211071327328682,2847.0232844613492
21232,16,0.9532214403152466,0.6875,0.16776488721370697,128.0,0.1219615526497364,2848.9840258946642
21248,16,0.87220299243927,0.2421875,0.45829179883003235,128.0,0.12199636269360781,2850.9456986980513
21264,16,0.9392361640930176,0.640625,0.1862635463476181,128.0,0.12195163313299417,2852.908777440898
21280,16,0.907889723777771,0.3828125,0.327239066362381,128.0,0.1219775639474392,2854.868629376404
21296,16,0.9360532760620117,0.5703125,0.21467982232570648,128.0,0.12208586372435093,2856.8316466687247
21312,16,0.9244791269302368,0.515625,0.25829240679740906,128.0,0.12189677264541388,2858.7945284321904
21328,16,0.9375000596046448,0.609375,0.201787531375885,128.0,0.122078413143754,2860.7636022698134
21344,16,0.9005594253540039,0.3046875,0.3462378680706024,128.0,0.12220967281609774,2862.728706021793
21360,16,0.9222608208656311,0.5703125,0.2352341264486313,128.0,0.12195123359560966,2864.69707485009
21376,16,0.935571014881134,0.5625,0.2262353003025055,128.0,0.12253498286008835,2866.6635737819597
21392,16,0.9172453880310059,0.4453125,0.27934619784355164,128.0,0.12268052343279123,2868.629344473593
21408,16,0.9421296119689941,0.640625,0.18694999814033508,128.0,0.12183828465640545,2870.591325590387
21424,16,0.8907214403152466,0.359375,0.3567725419998169,128.0,0.12210922315716743,2872.554848585278
21440,16,0.9423224925994873,0.625,0.19053396582603455,128.0,0.12247079331427813,2874.5199171891436
21456,16,0.8741320371627808,0.265625,0.4144083559513092,128.0,0.1228058123961091,2876.5000987481326
21472,16,0.936631977558136,0.578125,0.20972110331058502,128.0,0.1220991425216198,2878.465850882232
21488,16,0.8854166865348816,0.3046875,0.37319517135620117,128.0,0.12239958345890045,2897.049499042332
21504,16,0.9337384104728699,0.5390625,0.2178756445646286,128.0,0.12194449454545975,2899.015346100554
21520,16,0.9361497163772583,0.6015625,0.21324309706687927,128.0,0.12201772443950176,2900.975236814469
21536,16,0.9048997163772583,0.34375,0.32482337951660156,128.0,0.12185842450708151,2902.9340133499354
21552,16,0.9343171119689941,0.6171875,0.2058575302362442,128.0,0.1219902541488409,2904.8930174652487
21568,16,0.9109761118888855,0.40625,0.2997215986251831,128.0,0.12200328428298235,2906.8521673716605
21584,16,0.9262152910232544,0.546875,0.23585665225982666,128.0,0.12184991408139467,2908.8123099664226
21600,16,0.8967978358268738,0.3515625,0.3546815812587738,128.0,0.12191982381045818,2910.7719053328037
21616,16,0.9386574029922485,0.6015625,0.2021195888519287,128.0,0.12180494330823421,2912.7311090091243
21632,16,0.913194477558136,0.390625,0.3255747854709625,128.0,0.12169800419360399,2914.6895678676665
21648,16,0.9015239477157593,0.453125,0.2940823435783386,128.0,0.12185006402432919,2916.646515267901
21664,16,0.8945795297622681,0.3515625,0.3480605483055115,128.0,0.12178826425224543,2918.6047145063058
21680,16,0.9468557238578796,0.640625,0.18258202075958252,128.0,0.12194855324923992,2920.5655466625467
21696,16,0.9037423133850098,0.3515625,0.35469529032707214,128.0,0.12236187420785427,2922.527341188863
21712,16,0.9285300970077515,0.53125,0.23090483248233795,128.0,0.12182371411472559,2924.486908466555
21728,16,0.905189037322998,0.375,0.31479671597480774,128.0,0.12193648423999548,2926.4456725865602
21744,16,0.9241898059844971,0.53125,0.2475842535495758,128.0,0.12185566499829292,2928.4054225655273
21760,16,0.9510995149612427,0.6875,0.1599174588918686,128.0,0.12185290455818176,2930.364907404408
21776,16,0.9132909178733826,0.40625,0.30814167857170105,128.0,0.121795903891325,2932.3270596014336
21792,16,0.9080826044082642,0.46875,0.29353201389312744,128.0,0.12187967356294394,2934.2896868884563
21808,16,0.9260224103927612,0.5,0.25788867473602295,128.0,0.12205605395138264,2936.250082327053
21824,16,0.9389467835426331,0.5390625,0.21363294124603271,128.0,0.12297598272562027,2938.215349082835
21840,16,0.9236111044883728,0.4453125,0.2862408757209778,128.0,0.12210547551512718,2940.179431799799
21856,16,0.9215856790542603,0.59375,0.2297370582818985,128.0,0.12226461432874203,2942.1404278781265
21872,16,0.8834877014160156,0.28125,0.3756466805934906,128.0,0.12195938546210527,2944.100306790322
21888,16,0.9407793283462524,0.5859375,0.2000628113746643,128.0,0.12186652421951294,2946.0632694689557
21904,16,0.9135802388191223,0.484375,0.2827746272087097,128.0,0.12199620436877012,2948.0237431991845
21920,16,0.928626537322998,0.546875,0.2348836362361908,128.0,0.12206977419555187,2949.982277043164
21936,16,0.894193708896637,0.4609375,0.3143346905708313,128.0,0.12187495455145836,2951.9434076547623
21952,16,0.9179205298423767,0.46875,0.27550360560417175,128.0,0.12187507469207048,2953.90208983887
21968,16,0.9470486044883728,0.671875,0.16653431951999664,128.0,0.12199797388166189,2955.8679757751524
21984,16,0.8653549551963806,0.21875,0.44147181510925293,128.0,0.12188404519110918,2957.8275350295007
22000,16,0.9614197015762329,0.71875,0.13499201834201813,128.0,0.1221543736755848,2959.7862281445414
22016,16,0.8699846267700195,0.3359375,0.404346227645874,128.0,0.12201526574790478,2962.0934633007273
22032,16,0.879436731338501,0.3203125,0.3643168807029724,128.0,0.12188131455332041,2964.0529237566516
22048,16,0.9094328880310059,0.421875,0.30291855335235596,128.0,0.12190836388617754,2966.012668710202
22064,16,0.945891261100769,0.6484375,0.18471765518188477,128.0,0.12295251432806253,2967.975000133738
22080,16,0.9318094253540039,0.578125,0.2203952670097351,128.0,0.12203478440642357,2969.9353591771796
22096,16,0.8943865299224854,0.328125,0.36304861307144165,128.0,0.1220399048179388,2971.8937607249245
22112,16,0.9364390969276428,0.6171875,0.20086663961410522,128.0,0.121957634575665,2973.854646809399
22128,16,0.8741319179534912,0.265625,0.4031731188297272,128.0,0.12211799528449774,2975.8136877072975
22144,16,0.9336420297622681,0.6328125,0.21387922763824463,128.0,0.1220067348331213,2977.773250603117
22160,16,0.9015239477157593,0.359375,0.3341400623321533,128.0,0.12205968517810106,2979.734002299607
22176,16,0.916763186454773,0.5703125,0.24829167127609253,128.0,0.12192539498209953,2981.694825905375
22192,16,0.9128086566925049,0.4609375,0.2895681858062744,128.0,0.1219794349744916,2983.655057042837
22208,16,0.9191744327545166,0.46875,0.2552453875541687,128.0,0.12176716513931751,2985.6136756110936
22224,16,0.8917824029922485,0.3203125,0.37456750869750977,128.0,0.1218539047986269,2987.57268251013
22240,16,0.9455054402351379,0.65625,0.17986801266670227,128.0,0.12217334471642971,2989.5325509989634
22256,16,0.9115548133850098,0.4375,0.33543726801872253,128.0,0.12180582620203495,2991.4931030068547
22272,16,0.9312307238578796,0.5546875,0.22558622062206268,128.0,0.12173660472035408,2993.4493905287236
22288,16,0.8887925148010254,0.3359375,0.34180277585983276,128.0,0.12179320491850376,2995.409223727882
22304,16,0.9133874177932739,0.4296875,0.2909301221370697,128.0,0.12210662476718426,2997.3687237072736
22320,16,0.9110725522041321,0.5546875,0.25889208912849426,128.0,0.12178734503686428,2999.3305857544765
22336,16,0.913001537322998,0.4453125,0.2861730754375458,128.0,0.12222669459879398,3001.2904948042706
22352,16,0.9543788433074951,0.71875,0.15467385947704315,128.0,0.12193949520587921,3003.250496934168
22368,16,0.8828125,0.28125,0.41204461455345154,128.0,0.12197334412485361,3005.2095472756773
22384,16,0.9179205298423767,0.5234375,0.2502436339855194,128.0,0.12177595496177673,3007.169435046613
22400,16,0.9070216417312622,0.3671875,0.32190388441085815,128.0,0.12187744583934546,3009.131736924872
22416,16,0.9375964403152466,0.609375,0.20820258557796478,128.0,0.12207797542214394,3011.0921374559402
22432,16,0.9180169701576233,0.5,0.2728259563446045,128.0,0.12203878536820412,3013.0529490569606
22448,16,0.9237076044082642,0.515625,0.24969926476478577,128.0,0.12185315508395433,3015.0140790669248
22464,16,0.9473379850387573,0.625,0.17335790395736694,128.0,0.12188879493623972,3016.9741046587005
22480,16,0.9117476940155029,0.453125,0.2955487370491028,128.0,0.12180435564368963,3018.9327686121687
22496,16,0.9041280746459961,0.4453125,0.3044530749320984,128.0,0.12190079502761364,3020.89203235507
22512,16,0.9230324029922485,0.546875,0.24379625916481018,128.0,0.12197308521717787,3022.8504241192713
22528,16,0.9055748581886292,0.3125,0.3403322696685791,128.0,0.12211310490965843,3024.8159866379574
22544,16,0.9248650074005127,0.5625,0.22728599607944489,128.0,0.12203802540898323,3026.7759979302064
22560,16,0.8801119327545166,0.3203125,0.36343130469322205,128.0,0.12223492469638586,3028.7386235818267
22576,16,0.9266974925994873,0.5703125,0.22515670955181122,128.0,0.12177830561995506,3030.706433426589
22592,16,0.8455826044082642,0.125,0.5051209330558777,128.0,0.12189674470573664,3032.6651575528085
22608,16,0.9432870149612427,0.5703125,0.19688411056995392,128.0,0.1220990652218461,3034.6305525116622
22624,16,0.8933256268501282,0.3984375,0.3485770523548126,128.0,0.12184981536120176,3036.591674774885
22640,16,0.9133872985839844,0.4375,0.2814162075519562,128.0,0.1220094645395875,3038.551346829161
22656,16,0.9303627014160156,0.5,0.24339181184768677,128.0,0.121789475902915,3040.512521213852
22672,16,0.933063268661499,0.5234375,0.2229325920343399,128.0,0.12201388459652662,3042.4708568407223
22688,16,0.9105902910232544,0.5390625,0.25554269552230835,128.0,0.12234442494809628,3044.433787423186
22704,16,0.9329668283462524,0.515625,0.25164827704429626,128.0,0.12180599477142096,3046.3970092665404
22720,16,0.9513888955116272,0.7109375,0.1578216552734375,128.0,0.12254964467138052,3048.3619017666206
22736,16,0.8988233208656311,0.359375,0.362964928150177,128.0,0.12233631499111652,3050.3337413612753
22752,16,0.9289159178733826,0.6015625,0.21497291326522827,128.0,0.12211336474865675,3052.2963900659233
22768,16,0.8976659178733826,0.4140625,0.3239627480506897,128.0,0.12192551512271166,3054.260567607358
22784,16,0.9133873581886292,0.46875,0.2663918733596802,128.0,0.12195838522166014,3056.224694260396
22800,16,0.9273726940155029,0.5703125,0.2425752878189087,128.0,0.12206452433019876,3058.1850561378524
22816,16,0.9266010522842407,0.546875,0.2339477390050888,128.0,0.12230050470679998,3060.1471678838134
22832,16,0.9283372163772583,0.625,0.2094251960515976,128.0,0.12169275525957346,3062.1073887404054
22848,16,0.8767361044883728,0.2578125,0.3903113305568695,128.0,0.12187229469418526,3064.0688768671826
22864,16,0.9372106790542603,0.53125,0.21118919551372528,128.0,0.1219004550948739,3066.030721064657
22880,16,0.9001736044883728,0.4140625,0.33599570393562317,128.0,0.12193961441516876,3067.9915007315576
22896,16,0.9358603954315186,0.59375,0.21697355806827545,128.0,0.12256080564111471,3069.9532350599766
22912,16,0.9071180820465088,0.4453125,0.2944028079509735,128.0,0.12197771482169628,3071.922178018838
22928,16,0.9359567761421204,0.578125,0.21084769070148468,128.0,0.12189171649515629,3073.8871573330835
22944,16,0.9172453880310059,0.4609375,0.27627861499786377,128.0,0.12190329469740391,3075.8470262428746
22960,16,0.9261188507080078,0.546875,0.23109149932861328,128.0,0.12210504617542028,3077.8074614126235
22976,16,0.9272762537002563,0.53125,0.24733611941337585,128.0,0.12190278433263302,3079.76899231039
22992,16,0.9154128432273865,0.46875,0.27557286620140076,128.0,0.12193903513252735,3081.7293294202536
23008,16,0.896508514881134,0.4375,0.3109329640865326,128.0,0.12200311571359634,3084.0253007784486
23024,16,0.9022955894470215,0.4375,0.3026467561721802,128.0,0.12172566633671522,3085.9836136708036
23040,16,0.9258294701576233,0.578125,0.2343701720237732,128.0,0.12177292630076408,3087.9406137652695
23056,16,0.9453125,0.671875,0.18301913142204285,128.0,0.1218473557382822,3089.898575668223
23072,16,0.8421103954315186,0.1484375,0.486722856760025,128.0,0.12175446469336748,3091.8568386919796
23088,16,0.9338349103927612,0.59375,0.20509536564350128,128.0,0.12201541475951672,3093.8183837812394
23104,16,0.9109760522842407,0.46875,0.29645243287086487,128.0,0.1218850165605545,3095.7768245255575
23120,16,0.930748462677002,0.609375,0.2169109731912613,128.0,0.12193356547504663,3097.734924379736
23136,16,0.8855131268501282,0.3125,0.39064231514930725,128.0,0.12185445614159107,3099.6992792375386
23152,16,0.957561731338501,0.75,0.14180633425712585,128.0,0.12182642612606287,3101.659916509874
23168,16,0.8993055820465088,0.3671875,0.33523768186569214,128.0,0.12203034665435553,3103.6200035223737
23184,16,0.928819477558136,0.5625,0.22466962039470673,128.0,0.12183951679617167,3105.581794283353
23200,16,0.9461805820465088,0.65625,0.1761779636144638,128.0,0.12183938547968864,3107.543495015241
23216,16,0.9108796119689941,0.5234375,0.259743869304657,128.0,0.12182964570820332,3109.5030986797065
23232,16,0.8797261118888855,0.296875,0.3888241946697235,128.0,0.1218941854313016,3111.462621493265
23248,16,0.9577546119689941,0.7421875,0.13367125391960144,128.0,0.12265878543257713,3113.4252209356055
23264,16,0.9069252014160156,0.359375,0.35564088821411133,128.0,0.12193375639617443,3115.392018692568
23280,16,0.9328703880310059,0.6171875,0.20978738367557526,128.0,0.12201198562979698,3117.3521565366536
23296,16,0.9086612462997437,0.359375,0.3298691511154175,128.0,0.12193700578063726,3119.3117638211697
23312,16,0.9315201044082642,0.609375,0.2053365707397461,128.0,0.12215716578066349,3121.271319337189
23328,16,0.9112654328346252,0.546875,0.2675977051258087,128.0,0.12192648556083441,3123.2309052627534
23344,16,0.9227430820465088,0.4921875,0.2727316617965698,128.0,0.12192110437899828,3125.1898554889485
23360,16,0.9361497163772583,0.625,0.1965172439813614,128.0,0.12186919618397951,3127.1501046745107
23376,16,0.9504243731498718,0.6640625,0.1755090206861496,128.0,0.12214072607457638,3129.108990821056
23392,16,0.9214892387390137,0.5,0.25892162322998047,128.0,0.12189688626676798,3131.0685505978763
23408,16,0.9471451044082642,0.5546875,0.2103469967842102,128.0,0.12206538580358028,3133.0292995935306
23424,16,0.9117476940155029,0.578125,0.25772494077682495,128.0,0.12202364578843117,3134.987704731524
23440,16,0.9239004850387573,0.5078125,0.2587747871875763,128.0,0.1221534963697195,3153.526024586521
23456,16,0.9457948207855225,0.609375,0.18506979942321777,128.0,0.12180534563958645,3155.4875253131613
23472,16,0.905189037322998,0.40625,0.30984586477279663,128.0,0.12173026707023382,3157.4445094456896
23488,16,0.9322917461395264,0.5234375,0.228077232837677,128.0,0.12177798617631197,3159.4010547474027
23504,16,0.9456018805503845,0.65625,0.18698062002658844,128.0,0.1217560674995184,3161.3576825400814
23520,16,0.9123263955116272,0.4453125,0.3060767948627472,128.0,0.12187147606164217,3163.3157931817695
23536,16,0.9397183656692505,0.6015625,0.1990358829498291,128.0,0.12178233731538057,3165.2735746037215
23552,16,0.8777006268501282,0.3046875,0.3926682472229004,128.0,0.12180047575384378,3167.2323670145124
23568,16,0.9530285596847534,0.6875,0.16023562848567963,128.0,0.12205260526388884,3169.1909492965788
23584,16,0.9220678806304932,0.5078125,0.2487555891275406,128.0,0.12202503625303507,3171.1532943444327
23600,16,0.859953761100769,0.1640625,0.4773184359073639,128.0,0.12206062581390142,3173.115151522681
23616,16,0.9370177984237671,0.5625,0.22090192139148712,128.0,0.12291677482426167,3175.083578374237
23632,16,0.9130980372428894,0.46875,0.2884500026702881,128.0,0.12198144569993019,3177.0512451976538
23648,16,0.9156057238578796,0.515625,0.264753520488739,128.0,0.12182798609137535,3179.010352239944
23664,16,0.9156056642532349,0.546875,0.24814848601818085,128.0,0.1218657772988081,3180.969164491631
23680,16,0.9001736044883728,0.4140625,0.31620851159095764,128.0,0.12189748603850603,3182.928949753754
23696,16,0.9350887537002563,0.5859375,0.20148558914661407,128.0,0.12185131572186947,3184.8875041864812
23712,16,0.8911073207855225,0.28125,0.41211774945259094,128.0,0.1218882268294692,3186.8464360591024
23728,16,0.924575686454773,0.5625,0.23339702188968658,128.0,0.12179492600262165,3188.8092362387106
23744,16,0.8948688507080078,0.421875,0.3218372166156769,128.0,0.12173825688660145,3190.7683513229713
23760,16,0.9267939925193787,0.546875,0.23925940692424774,128.0,0.12191890552639961,3192.7261858861893
23776,16,0.9374035596847534,0.6015625,0.20237359404563904,128.0,0.121793276630342,3194.6847933009267
23792,16,0.9281443357467651,0.5703125,0.22442519664764404,128.0,0.12186095584183931,3196.6445289738476
23808,16,0.9132908582687378,0.4375,0.29347869753837585,128.0,0.12210855633020401,3198.609422701411
23824,16,0.9475308656692505,0.6640625,0.17295591533184052,128.0,0.12177148647606373,3200.566910727881
23840,16,0.8891782760620117,0.34375,0.3681304454803467,128.0,0.12211037706583738,3202.524491013959
23856,16,0.9359568357467651,0.5546875,0.2239612340927124,128.0,0.12188516557216644,3204.4813717892393
23872,16,0.9454089403152466,0.6640625,0.17816729843616486,128.0,0.12172755599021912,3206.438202386722
23888,16,0.8779900074005127,0.3359375,0.37091532349586487,128.0,0.12221179623156786,3208.3988960105926
23904,16,0.9157021641731262,0.4375,0.2747654616832733,128.0,0.12193935737013817,3210.3675640057772
23920,16,0.9308449029922485,0.5625,0.22115382552146912,128.0,0.12221253756433725,3212.3416922753677
23936,16,0.9055748581886292,0.4375,0.31272628903388977,128.0,0.12174491677433252,3214.3071904443204
23952,16,0.944251537322998,0.6953125,0.1704794466495514,128.0,0.12198298703879118,3216.2686520675197
23968,16,0.9041280746459961,0.4453125,0.3209913671016693,128.0,0.1216801768168807,3218.2277150535956
23984,16,0.9122299551963806,0.53125,0.2443085014820099,128.0,0.12209468614310026,3220.195527390577
24000,16,0.9135802388191223,0.4375,0.30190762877464294,128.0,0.12223993614315987,3222.1667117243633
24016,16,0.9383680820465088,0.6171875,0.19657500088214874,128.0,0.12182493694126606,3224.4875078545883
24032,16,0.8993055820465088,0.3359375,0.3606525957584381,128.0,0.12193933594971895,3226.4494027271867
24048,16,0.9550540447235107,0.7109375,0.14621233940124512,128.0,0.12196125742048025,3228.412346860394
24064,16,0.9117476940155029,0.4296875,0.3200136125087738,128.0,0.12236481625586748,3230.3768151812255
24080,16,0.9346064925193787,0.578125,0.21525920927524567,128.0,0.12202930636703968,3232.33996787481
24096,16,0.9293016791343689,0.484375,0.27255260944366455,128.0,0.12192546669393778,3234.3059198055416
24112,16,0.9293981790542603,0.5234375,0.23981432616710663,128.0,0.12357387505471706,3236.2756390115246
24128,16,0.9135802984237671,0.4609375,0.2760411500930786,128.0,0.12241353746503592,3238.2438831701875
24144,16,0.9276620745658875,0.5078125,0.23244653642177582,128.0,0.12198384664952755,3240.21551428549
24160,16,0.9389467835426331,0.5703125,0.2121492624282837,128.0,0.12188129685819149,3242.1778764799237
24176,16,0.9158951044082642,0.4921875,0.274574875831604,128.0,0.12183589581400156,3244.1402201848105
24192,16,0.9435763359069824,0.6796875,0.17475780844688416,128.0,0.12201415654271841,3246.1033399086446
24208,16,0.9136766791343689,0.5546875,0.2599443197250366,128.0,0.12178096733987331,3248.061581598595
24224,16,0.9228395223617554,0.5234375,0.2539827525615692,128.0,0.12172342650592327,3250.02422420308
24240,16,0.9256365895271301,0.5625,0.22891466319561005,128.0,0.12180721759796143,3251.982395122759
24256,16,0.8972800970077515,0.3984375,0.3206098675727844,128.0,0.1217375872656703,3253.942581200972
24272,16,0.9412615895271301,0.5703125,0.20578455924987793,128.0,0.1217725072056055,3255.898897042498
24288,16,0.9331597089767456,0.546875,0.22463363409042358,128.0,0.12175347656011581,3257.86065920908
24304,16,0.8696951866149902,0.1953125,0.45202764868736267,128.0,0.1217460772022605,3259.816555772908
24320,16,0.9527391791343689,0.703125,0.15813347697257996,128.0,0.12172444723546505,3261.7765794806182
24336,16,0.8834877014160156,0.34375,0.3871503472328186,128.0,0.12180709559470415,3263.734120581299
24352,16,0.9197530746459961,0.53125,0.23812617361545563,128.0,0.12182266730815172,3265.6906475042924
24368,16,0.8986304402351379,0.390625,0.31179097294807434,128.0,0.12174990680068731,3267.646741467528
24384,16,0.9404900074005127,0.6015625,0.1936090886592865,128.0,0.12174536753445864,3269.608429355547
24400,16,0.9203317761421204,0.46875,0.2691294252872467,128.0,0.1218304568901658,3271.5708210021257
24416,16,0.923514723777771,0.4921875,0.26155993342399597,128.0,0.12193872686475515,3273.532672850415
24432,16,0.908757746219635,0.3828125,0.31368371844291687,128.0,0.12187538761645555,3275.4917617216706
24448,16,0.9244792461395264,0.5546875,0.23788820207118988,128.0,0.12192022707313299,3277.4507664022967
24464,16,0.9232253432273865,0.4375,0.2753148078918457,128.0,0.12187347747385502,3279.4100796934217
24480,16,0.9025848507881165,0.46875,0.3021843433380127,128.0,0.12189323548227549,3281.3704222226515
24496,16,0.9283372163772583,0.6015625,0.23185518383979797,128.0,0.12183013744652271,3283.330360113643
24512,16,0.910686731338501,0.3671875,0.32165223360061646,128.0,0.12184170726686716,3285.2910337634385
24528,16,0.9194637537002563,0.546875,0.2554035782814026,128.0,0.1217159666121006,3287.248987056315
24544,16,0.9440586566925049,0.65625,0.17577695846557617,128.0,0.12170078698545694,3289.2064870409667
24560,16,0.9143518805503845,0.4765625,0.273105651140213,128.0,0.1218054573982954,3291.168771188706
24576,16,0.9466627836227417,0.6953125,0.17419832944869995,128.0,0.12191007658839226,3293.1281397007406
24592,16,0.9136766791343689,0.421875,0.3020360469818115,128.0,0.12177230697125196,3295.087730942294
24608,16,0.9338349103927612,0.5625,0.21708634495735168,128.0,0.12200203724205494,3297.048076913692
24624,16,0.8876350522041321,0.2734375,0.40883710980415344,128.0,0.1220907662063837,3299.0108499238268
24640,16,0.9227430820465088,0.546875,0.24149440228939056,128.0,0.12182409688830376,3300.972719172947
24656,16,0.9189814925193787,0.4453125,0.2667076885700226,128.0,0.12197480630129576,3302.93113700673
24672,16,0.9257329702377319,0.609375,0.22582657635211945,128.0,0.12221946660429239,3304.891146928072
24688,16,0.9084683656692505,0.3828125,0.33107900619506836,128.0,0.12178812734782696,3306.8518931707367
24704,16,0.9445409178733826,0.6171875,0.1829167753458023,128.0,0.12182400841265917,3308.810920564458
24720,16,0.8996913433074951,0.3515625,0.3344549536705017,128.0,0.1218815678730607,3310.7705747475848
24736,16,0.9339313507080078,0.5625,0.2112099677324295,128.0,0.1218842975795269,3312.7293271217495
24752,16,0.9395254850387573,0.5859375,0.20021280646324158,128.0,0.12183988653123379,3314.6871909461915
24768,16,0.9187885522842407,0.515625,0.25262710452079773,128.0,0.12189767695963383,3316.646523010917
24784,16,0.9142553806304932,0.53125,0.2649422585964203,128.0,0.12191206682473421,3318.6062499033287
24800,16,0.9444444179534912,0.6484375,0.17808960378170013,128.0,0.12196733709424734,3320.5684594446793
24816,16,0.9186921715736389,0.5234375,0.25065234303474426,128.0,0.12290232628583908,3322.5294492077082
24832,16,0.9109760522842407,0.5390625,0.2678508460521698,128.0,0.12188114691525698,3324.4971681134775
24848,16,0.936439037322998,0.5859375,0.22173747420310974,128.0,0.12191996723413467,3326.464092120528
24864,16,0.9181134700775146,0.4609375,0.28387370705604553,128.0,0.12193157710134983,3328.429396139458
24880,16,0.8749035596847534,0.2890625,0.4167047142982483,128.0,0.1228296160697937,3330.396360446699
24896,16,0.9383680820465088,0.640625,0.1966114044189453,128.0,0.12191879749298096,3332.3598193079233
24912,16,0.9392361640930176,0.578125,0.2161203771829605,128.0,0.12206286750733852,3334.325680285692
24928,16,0.9370177388191223,0.5703125,0.2125021070241928,128.0,0.122330816462636,3336.2925887033343
24944,16,0.920814037322998,0.4375,0.282154381275177,128.0,0.1218139473348856,3338.2576805725694
24960,16,0.9432870149612427,0.625,0.18084529042243958,128.0,0.12181057780981064,3340.217167698778
24976,16,0.9031635522842407,0.359375,0.34218794107437134,128.0,0.12218588590621948,3342.1779468422756
24992,16,0.9328703880310059,0.5234375,0.2207397073507309,128.0,0.12206203676760197,3344.1385498279706
25008,16,0.8952546119689941,0.3046875,0.3626422584056854,128.0,0.12192118819803,3346.444534994662
25024,16,0.9354745745658875,0.5546875,0.21160560846328735,128.0,0.12221497669816017,3348.4096481846645
25040,16,0.9464699029922485,0.609375,0.18606898188591003,128.0,0.12192898616194725,3350.369991419837
25056,16,0.9320023059844971,0.5390625,0.2502646744251251,128.0,0.12185568735003471,3352.330037055537
25072,16,0.9350887537002563,0.609375,0.20301590859889984,128.0,0.12190030701458454,3354.2903043413535
25088,16,0.934124231338501,0.546875,0.24187959730625153,128.0,0.12186003662645817,3356.2498316774145
25104,16,0.9380787014961243,0.5859375,0.20498400926589966,128.0,0.12194155715405941,3358.2162121878937
25120,16,0.9501350522041321,0.703125,0.15693184733390808,128.0,0.12182918656617403,3360.1773723121732
25136,16,0.9069251418113708,0.4140625,0.32766076922416687,128.0,0.12178763654083014,3362.1361890304834
25152,16,0.9481096267700195,0.75,0.15454696118831635,128.0,0.12188904732465744,3364.1001252438873
25168,16,0.9019097089767456,0.3359375,0.3384031355381012,128.0,0.12208628747612238,3366.059060741216
25184,16,0.9465663433074951,0.6953125,0.17540039122104645,128.0,0.12237001769244671,3368.01757444907
25200,16,0.9003665447235107,0.359375,0.34201183915138245,128.0,0.12345287576317787,3369.9796459842473
25216,16,0.9094328880310059,0.53125,0.25977540016174316,128.0,0.12177710700780153,3371.941070840694
25232,16,0.8954475522041321,0.3515625,0.35489752888679504,128.0,0.12206532713025808,3373.9096729187295
25248,16,0.9618055820465088,0.7265625,0.13818471133708954,128.0,0.12180580664426088,3375.8677681777626
25264,16,0.9325810074806213,0.5546875,0.26885566115379333,128.0,0.12184217665344477,3377.8256728872657
25280,16,0.9306520223617554,0.546875,0.23689338564872742,128.0,0.12173441797494888,3379.782608128153
25296,16,0.9183063507080078,0.4375,0.3085261583328247,128.0,0.1221527373418212,3381.742358006537
25312,16,0.9422261118888855,0.65625,0.17966774106025696,128.0,0.12176292762160301,3383.7012578556314
25328,16,0.922935962677002,0.453125,0.30661675333976746,128.0,0.12176177650690079,3385.6584015665576
25344,16,0.9475308656692505,0.6953125,0.16710925102233887,128.0,0.12174540758132935,3387.619251173921
25360,16,0.899016261100769,0.3671875,0.3516586720943451,128.0,0.12189717777073383,3389.579547801055
25376,16,0.9251543283462524,0.5078125,0.23756253719329834,128.0,0.1217008177191019,3391.537037573755
25392,16,0.9238040447235107,0.5078125,0.2670884430408478,128.0,0.12275735754519701,3410.120711776428
25408,16,0.9329668283462524,0.59375,0.21253974735736847,128.0,0.12295885663479567,3412.084902212955
25424,16,0.9195601940155029,0.484375,0.2730361819267273,128.0,0.12284871749579906,3414.046708220616
25440,16,0.9499421119689941,0.703125,0.16037659347057343,128.0,0.12179242726415396,3416.0074311597273
25456,16,0.8842592835426331,0.2421875,0.4056326448917389,128.0,0.1220963466912508,3417.970590666868
25472,16,0.9465663433074951,0.625,0.17894533276557922,128.0,0.12190930638462305,3419.9301534071565
25488,16,0.9200424551963806,0.5234375,0.27656933665275574,128.0,0.12174868769943714,3421.895742382854
25504,16,0.9443479776382446,0.625,0.19815976917743683,128.0,0.12189766764640808,3423.861337167211
25520,16,0.9198495745658875,0.5234375,0.24512933194637299,128.0,0.12204445712268353,3425.8288256302476
25536,16,0.9401041865348816,0.5,0.2260688990354538,128.0,0.12185224797576666,3427.7967703938484
25552,16,0.9542824029922485,0.7109375,0.1513458639383316,128.0,0.12229605671018362,3429.76063930057
25568,16,0.8925540447235107,0.3125,0.3840443193912506,128.0,0.12201178725808859,3431.7230002097785
25584,16,0.9222608208656311,0.5703125,0.23158180713653564,128.0,0.12212136667221785,3433.685211967677
25600,16,0.8879244327545166,0.28125,0.40200838446617126,128.0,0.12204978615045547,3435.6450606491417
25616,16,0.9436728358268738,0.6328125,0.1984114944934845,128.0,0.12202093750238419,3437.6043741917238
25632,16,0.9077932238578796,0.4140625,0.3109481930732727,128.0,0.12250546738505363,3439.566224391572
25648,16,0.9350887537002563,0.5546875,0.2229926884174347,128.0,0.1219687070697546,3441.529274009168
25664,16,0.9402971267700195,0.6484375,0.1882401555776596,128.0,0.1219108384102583,3443.490647480823
25680,16,0.9386574029922485,0.625,0.19826318323612213,128.0,0.1219764668494463,3445.4522691303864
25696,16,0.9395254850387573,0.625,0.19142870604991913,128.0,0.12187446653842926,3447.4128175517544
25712,16,0.9157986640930176,0.453125,0.30456244945526123,128.0,0.12182012852281332,3449.374695171602
25728,16,0.9527391791343689,0.65625,0.15469714999198914,128.0,0.12186919711530209,3451.339272469282
25744,16,0.9210069179534912,0.5,0.2673983871936798,128.0,0.1218576580286026,3453.301650779322
25760,16,0.9357638955116272,0.6015625,0.20152907073497772,128.0,0.12208267766982317,3455.2616745922714
25776,16,0.9329668283462524,0.5859375,0.2090752124786377,128.0,0.12261248752474785,3457.223337152973
25792,16,0.9027777910232544,0.4296875,0.3064703345298767,128.0,0.12187711708247662,3459.1823446163908
25808,16,0.9326775074005127,0.5234375,0.23172233998775482,128.0,0.12184221763163805,3461.1415494708344
25824,16,0.9440586566925049,0.640625,0.19172632694244385,128.0,0.12184635736048222,3463.1007522735745
25840,16,0.9294946193695068,0.6328125,0.20933282375335693,128.0,0.12180251814424992,3465.0592732280493
25856,16,0.9242862462997437,0.5234375,0.252178430557251,128.0,0.12190997693687677,3467.0182371223345
25872,16,0.9233218431472778,0.5390625,0.25669482350349426,128.0,0.12194902822375298,3468.9820368625224
25888,16,0.9496527910232544,0.6328125,0.1697448194026947,128.0,0.12190096825361252,3470.9404687574133
25904,16,0.9157986640930176,0.4921875,0.2791375517845154,128.0,0.1221815375611186,3472.8996278317645
25920,16,0.9102045297622681,0.421875,0.28890031576156616,128.0,0.1218064483255148,3474.8590001557022
25936,16,0.9466627836227417,0.546875,0.22251109778881073,128.0,0.12175182718783617,3476.8174222605303
25952,16,0.9522569179534912,0.7109375,0.1738998293876648,128.0,0.12178527843207121,3478.7756450865418
25968,16,0.9244791865348816,0.5078125,0.27276375889778137,128.0,0.12194542773067951,3480.7338908724487
25984,16,0.953993022441864,0.75,0.14790615439414978,128.0,0.12183033768087626,3482.6954666646197
26000,16,0.9029706716537476,0.34375,0.35493770241737366,128.0,0.12186133861541748,3484.6586360353976
26016,16,0.9317129850387573,0.578125,0.20556950569152832,128.0,0.12194194830954075,3486.9580764090642
26032,16,0.8890818357467651,0.359375,0.3494786322116852,128.0,0.12228746619075537,3488.9192161923274
26048,16,0.9461805820465088,0.609375,0.17901267111301422,128.0,0.12190928682684898,3490.879231646657
26064,16,0.9409722089767456,0.6171875,0.19590212404727936,128.0,0.12212321627885103,3492.8419632883742
26080,16,0.9275655746459961,0.4765625,0.26387569308280945,128.0,0.12198103684931993,3494.8004805259407
26096,16,0.9428048133850098,0.625,0.18819281458854675,128.0,0.12207147851586342,3496.763070927933
26112,16,0.9036458730697632,0.4921875,0.30548933148384094,128.0,0.12188211735337973,3498.726678468287
26128,16,0.9148341417312622,0.53125,0.2544487416744232,128.0,0.12204640731215477,3500.6862410139292
26144,16,0.9170524477958679,0.4765625,0.2701481580734253,128.0,0.12179556768387556,3502.647658257745
26160,16,0.945891261100769,0.640625,0.17735452950000763,128.0,0.12183461803942919,3504.6079168822616
26176,16,0.9457947015762329,0.6484375,0.18059693276882172,128.0,0.12182474974542856,3506.5688972361386
26192,16,0.9329668283462524,0.625,0.21219579875469208,128.0,0.12202219758182764,3508.5293620219454
26208,16,0.9231289029121399,0.53125,0.2468918263912201,128.0,0.1220431374385953,3510.4874337995425
26224,16,0.8957369327545166,0.3125,0.3847920596599579,128.0,0.12185939773917198,3512.4466871358454
26240,16,0.9411651492118835,0.6328125,0.1834370493888855,128.0,0.12207833677530289,3514.4060293128714
26256,16,0.8810763955116272,0.328125,0.41595563292503357,128.0,0.1218786770477891,3516.369806324132
26272,16,0.93470299243927,0.59375,0.2148486077785492,128.0,0.12181258853524923,3518.3306170692667
26288,16,0.9239004850387573,0.453125,0.2520133852958679,128.0,0.12173320632427931,3520.2888188865036
26304,16,0.9116512537002563,0.5078125,0.2656777501106262,128.0,0.12191408686339855,3522.2500484418124
26320,16,0.9564043283462524,0.6953125,0.15908220410346985,128.0,0.12216959800571203,3524.2097380189225
26336,16,0.916763186454773,0.5,0.2938959002494812,128.0,0.12186167761683464,3526.1737768705934
26352,16,0.9422261118888855,0.59375,0.18691836297512054,128.0,0.12185780797153711,3528.1386558925733
26368,16,0.9335455298423767,0.5546875,0.22400155663490295,128.0,0.12229644693434238,3530.103015044704
26384,16,0.9248650074005127,0.5546875,0.24038736522197723,128.0,0.1219009580090642,3532.0652346387506
26400,16,0.9261188507080078,0.5390625,0.23530592024326324,128.0,0.12224080692976713,3534.0289808316156
26416,16,0.9293017387390137,0.5859375,0.22116093337535858,128.0,0.12264269683510065,3535.9924995051697
26432,16,0.8966049551963806,0.3515625,0.35920846462249756,128.0,0.12245297711342573,3537.9568164274096
26448,16,0.9453125,0.6328125,0.1863565444946289,128.0,0.12188035808503628,3539.92542251572
26464,16,0.8520447611808777,0.1484375,0.49978533387184143,128.0,0.12261313665658236,3541.899617338553
26480,16,0.9337384104728699,0.6015625,0.2148134410381317,128.0,0.12264026701450348,3543.8721589632332
26496,16,0.9232252836227417,0.40625,0.2908032536506653,128.0,0.12221317738294601,3545.8432842493057
26512,16,0.9291087985038757,0.578125,0.21961939334869385,128.0,0.12235704716295004,3547.813001507893
26528,16,0.9190779328346252,0.4609375,0.2919015884399414,128.0,0.12195914704352617,3549.7770539419726
26544,16,0.9512924551963806,0.7109375,0.16035501658916473,128.0,0.12216043751686811,3551.7368630385026
26560,16,0.9368248581886292,0.609375,0.21462313830852509,128.0,0.12207816820591688,3553.696661666967
26576,16,0.9527391791343689,0.6953125,0.1606367528438568,128.0,0.122160947881639,3555.660234320909
26592,16,0.9496527910232544,0.6796875,0.16441971063613892,128.0,0.12214839737862349,3557.6208042483777
26608,16,0.9375964403152466,0.609375,0.20964694023132324,128.0,0.1218836484476924,3559.581232235767
26624,16,0.9111689925193787,0.4375,0.2956819236278534,128.0,0.12194578815251589,3561.5415518432856
26640,16,0.9464699625968933,0.671875,0.17593993246555328,128.0,0.12194107752293348,3563.5017930418253
26656,16,0.9038387537002563,0.421875,0.3377419412136078,128.0,0.1222609169781208,3565.4617819990963
26672,16,0.9450231194496155,0.671875,0.17292357981204987,128.0,0.12190013844519854,3567.4222192978486
26688,16,0.9088541865348816,0.4609375,0.3027496635913849,128.0,0.12333660759031773,3569.399189159274
26704,16,0.9416473507881165,0.65625,0.19159464538097382,128.0,0.12177521921694279,3571.369611087255
26720,16,0.9413580298423767,0.5859375,0.2127397656440735,128.0,0.12190247792750597,3573.3377391574904
26736,16,0.9561150074005127,0.734375,0.14594121277332306,128.0,0.12232978641986847,3575.3001042837277
26752,16,0.9121334552764893,0.5,0.27761125564575195,128.0,0.12184121925383806,3577.266604636796
26768,16,0.9321951866149902,0.578125,0.22922395169734955,128.0,0.12208914756774902,3579.2373119443655
26784,16,0.9342206716537476,0.65625,0.20461510121822357,128.0,0.12203470896929502,3581.206847124733
26800,16,0.928819477558136,0.5234375,0.23697781562805176,128.0,0.12196228839457035,3583.1701295897365
26816,16,0.9389468431472778,0.6328125,0.19037091732025146,128.0,0.1217951187863946,3585.1289963601157
26832,16,0.9279513955116272,0.4921875,0.265092134475708,128.0,0.12177962809801102,3587.088751329109
26848,16,0.9292052388191223,0.6171875,0.2177119106054306,128.0,0.12199011817574501,3589.0525253154337
26864,16,0.8926504850387573,0.34375,0.35894569754600525,128.0,0.12185361795127392,3591.013505223207
26880,16,0.9549576044082642,0.6875,0.15451905131340027,128.0,0.1219667075201869,3592.9772245492786
26896,16,0.9360532760620117,0.578125,0.23487555980682373,128.0,0.1218763692304492,3594.937898898497
26912,16,0.9290123581886292,0.59375,0.22554771602153778,128.0,0.12250622734427452,3596.901570394635
26928,16,0.9197530746459961,0.40625,0.29099759459495544,128.0,0.12269728723913431,3598.8698186054826
26944,16,0.9452160596847534,0.6171875,0.19168449938297272,128.0,0.12181147839874029,3600.8311861446127
26960,16,0.9337384700775146,0.5234375,0.24198144674301147,128.0,0.12201866786926985,3602.798102837056
26976,16,0.9321951866149902,0.5859375,0.22459843754768372,128.0,0.12185611855238676,3604.7570869084448
26992,16,0.9425154328346252,0.625,0.18451128900051117,128.0,0.12197540793567896,3606.7197792753577
27008,16,0.9348958730697632,0.6171875,0.21022820472717285,128.0,0.12189800851047039,3609.0345339318737
27024,16,0.8966050148010254,0.3515625,0.3389735221862793,128.0,0.12192986812442541,3610.9935300024226
27040,16,0.9396219253540039,0.578125,0.20444531738758087,128.0,0.12188765872269869,3612.9524313630536
27056,16,0.9297839403152466,0.5703125,0.24198035895824432,128.0,0.12204757798463106,3614.912104974501
27072,16,0.9472415447235107,0.7109375,0.16694118082523346,128.0,0.12200142815709114,3616.873220534064
27088,16,0.9356674551963806,0.5234375,0.22756792604923248,128.0,0.1218917379155755,3618.8329635243863
27104,16,0.936439037322998,0.59375,0.20176318287849426,128.0,0.12188736815005541,3620.7945219241083
27120,16,0.8995949029922485,0.359375,0.33958253264427185,128.0,0.12184694781899452,3622.7527775764465
27136,16,0.9373071193695068,0.6484375,0.19226258993148804,128.0,0.12192937824875116,3624.71197443828
27152,16,0.920814037322998,0.5546875,0.2541384696960449,128.0,0.12201979756355286,3626.6709881508723
27168,16,0.8953510522842407,0.4453125,0.3121214210987091,128.0,0.12204244825989008,3628.630300332792
27184,16,0.9289159178733826,0.4609375,0.26486632227897644,128.0,0.12225299794226885,3630.5891755949706
27200,16,0.9343171119689941,0.6328125,0.20974165201187134,128.0,0.1222382877022028,3632.549393455498
27216,16,0.8880208730697632,0.375,0.3619871437549591,128.0,0.12181984819471836,3634.5075014680624
27232,16,0.9604552388191223,0.7578125,0.12892085313796997,128.0,0.12188361864537,3636.4699077671394
27248,16,0.8761574625968933,0.2265625,0.4250916838645935,128.0,0.12208668794482946,3638.430575888604
27264,16,0.9418402910232544,0.578125,0.20130503177642822,128.0,0.12196013890206814,3640.3901416603476
27280,16,0.9383680820465088,0.6328125,0.20083874464035034,128.0,0.12188207916915417,3642.3487695036456
27296,16,0.9179205298423767,0.5,0.2649998664855957,128.0,0.12200026866048574,3644.307169066742
27312,16,0.9432870149612427,0.5859375,0.19267989695072174,128.0,0.1218780679628253,3646.2669080384076
27328,16,0.9339313507080078,0.5546875,0.22248417139053345,128.0,0.12189197819679976,3648.2256932118908
27344,16,0.9473379850387573,0.6328125,0.18133480846881866,128.0,0.1217694990336895,3666.761677296832
27360,16,0.9409722089767456,0.6796875,0.1810971349477768,128.0,0.12225979845970869,3668.7215569391847
27376,16,0.8987268805503845,0.3671875,0.3379654884338379,128.0,0.12212948873639107,3670.6813977127895
27392,16,0.9587191343307495,0.7578125,0.1297922432422638,128.0,0.12201587855815887,3672.6438039131463
27408,16,0.9109760522842407,0.3671875,0.3540607690811157,128.0,0.12200061790645123,3674.602185167372
27424,16,0.9571759104728699,0.7265625,0.13878430426120758,128.0,0.12185864802449942,3676.560774142854
27440,16,0.8533951044082642,0.1875,0.47014397382736206,128.0,0.1218330580741167,3678.520092985593
27456,16,0.9381752014160156,0.609375,0.20107361674308777,128.0,0.12169522885233164,3680.4865723829716
27472,16,0.9118441343307495,0.5078125,0.2689208686351776,128.0,0.12177193909883499,3682.4440111983567
27488,16,0.9315201044082642,0.59375,0.21086914837360382,128.0,0.12174051813781261,3684.401925363578
27504,16,0.9402005672454834,0.6171875,0.19456513226032257,128.0,0.12181585840880871,3686.362121176906
27520,16,0.9359567761421204,0.578125,0.22415722906589508,128.0,0.1220076885074377,3688.3221438201144
27536,16,0.9202353954315186,0.453125,0.2953929603099823,128.0,0.12186584901064634,3690.2823327733204
27552,16,0.9412615895271301,0.6875,0.17898768186569214,128.0,0.12187739834189415,3692.2439176458865
27568,16,0.8976658582687378,0.421875,0.35020729899406433,128.0,0.12186101824045181,3694.2032302292064
27584,16,0.9422260522842407,0.5703125,0.19856861233711243,128.0,0.12190156802535057,3696.1618398549035
27600,16,0.9470486640930176,0.6328125,0.17878945171833038,128.0,0.12177470792084932,3698.1195285301656
27616,16,0.9471451044082642,0.6796875,0.18059459328651428,128.0,0.12178261857479811,3700.078059135936
27632,16,0.9421296119689941,0.625,0.19389359652996063,128.0,0.1218135692179203,3702.0364280017093
27648,16,0.9180170297622681,0.5078125,0.2658270299434662,128.0,0.12186435796320438,3703.996500725858
27664,16,0.9299768209457397,0.5546875,0.2228156328201294,128.0,0.12179109826683998,3705.9646781813353
27680,16,0.894000768661499,0.3046875,0.4014442265033722,128.0,0.12180729769170284,3707.9276810223237
27696,16,0.9561149477958679,0.7421875,0.1428203284740448,128.0,0.12181123904883862,3709.885508088395
27712,16,0.9172453880310059,0.4375,0.28656744956970215,128.0,0.12196245789527893,3711.845984382555
27728,16,0.9392361044883728,0.6328125,0.1905912309885025,128.0,0.12186743784695864,3713.804306528531
27744,16,0.938078761100769,0.59375,0.2055477350950241,128.0,0.121821828186512,3715.7638524938375
27760,16,0.9216821193695068,0.515625,0.24922189116477966,128.0,0.1217296589165926,3717.7217841204256
27776,16,0.9134838581085205,0.421875,0.3118550181388855,128.0,0.12177976779639721,3719.6794978762046
27792,16,0.9505208134651184,0.6953125,0.16186097264289856,128.0,0.12208227906376123,3721.637833313085
27808,16,0.8791474103927612,0.25,0.4316781461238861,128.0,0.12188555859029293,3723.6017439533025
27824,16,0.9574652910232544,0.7265625,0.1329648345708847,128.0,0.12181861884891987,3725.5597089808434
27840,16,0.9181134700775146,0.4375,0.29956376552581787,128.0,0.12185042910277843,3727.523592571728
27856,16,0.9266010522842407,0.5859375,0.22805815935134888,128.0,0.1219828687608242,3729.482981696725
27872,16,0.8885031342506409,0.296875,0.38660508394241333,128.0,0.12184215802699327,3731.4421630920842
27888,16,0.96595299243927,0.765625,0.12061449140310287,128.0,0.12202826794236898,3733.4021625472233
27904,16,0.9388502836227417,0.5703125,0.22855262458324432,128.0,0.12174403760582209,3735.3610360939056
27920,16,0.9254436492919922,0.5234375,0.24885329604148865,128.0,0.12180863879621029,3737.318737251684
27936,16,0.9508101940155029,0.6796875,0.16979555785655975,128.0,0.12186334934085608,3739.2800449952483
27952,16,0.9399112462997437,0.5546875,0.2088688462972641,128.0,0.12196516804397106,3741.2382005127147
27968,16,0.928819477558136,0.59375,0.2344353049993515,128.0,0.12261400744318962,3743.217179908417
27984,16,0.952256977558136,0.6875,0.1669386327266693,128.0,0.12225447781383991,3745.1826510988176
28000,16,0.9454089403152466,0.625,0.19245916604995728,128.0,0.12211685813963413,3747.144978401251
28016,16,0.9520640969276428,0.6796875,0.15824918448925018,128.0,0.12210892792791128,3749.4709015721455
28032,16,0.9012346267700195,0.4375,0.31037113070487976,128.0,0.12181771825999022,3751.432254696265
28048,16,0.9300732612609863,0.59375,0.2205921858549118,128.0,0.12271126825362444,3753.3939975406975
28064,16,0.941936731338501,0.578125,0.20479176938533783,128.0,0.12182531971484423,3755.3608469590545
28080,16,0.9468557238578796,0.640625,0.19776037335395813,128.0,0.1220227275043726,3757.3212353652343
28096,16,0.943383514881134,0.6328125,0.18186481297016144,128.0,0.1221493985503912,3759.282518129796
28112,16,0.8769290447235107,0.328125,0.38815435767173767,128.0,0.12185861822217703,3761.2444312237203
28128,16,0.955053985118866,0.734375,0.14039382338523865,128.0,0.12196468841284513,3763.2066384777427
28144,16,0.9192708730697632,0.46875,0.2785884737968445,128.0,0.12203286960721016,3765.168216531165
28160,16,0.9222607612609863,0.5234375,0.24814997613430023,128.0,0.12210261914879084,3767.1321414345875
28176,16,0.9349923133850098,0.5703125,0.22754688560962677,128.0,0.12198114953935146,3769.0913396319374
28192,16,0.9343171119689941,0.6015625,0.20726026594638824,128.0,0.1219315193593502,3771.050551438704
28208,16,0.9467592835426331,0.5625,0.19356919825077057,128.0,0.12187863886356354,3773.0103862341493
28224,16,0.916570246219635,0.5,0.25959429144859314,128.0,0.12191478908061981,3774.9703543409705
28240,16,0.9241898655891418,0.4609375,0.26225751638412476,128.0,0.1220461493358016,3776.929606608115
28256,16,0.9186921715736389,0.53125,0.2810651659965515,128.0,0.12201898824423552,3778.8891982948408
28272,16,0.9435763955116272,0.65625,0.18328481912612915,128.0,0.12192266806960106,3780.848597352393
28288,16,0.9461805820465088,0.6484375,0.1755780279636383,128.0,0.12177934870123863,3782.8123795352876
28304,16,0.9178240895271301,0.515625,0.2496315836906433,128.0,0.12174743879586458,3784.7702565332875
28320,16,0.9379822015762329,0.5625,0.22201311588287354,128.0,0.12187306769192219,3786.7308128392324
28336,16,0.9493634700775146,0.640625,0.18218348920345306,128.0,0.12254360876977444,3788.69539450109
28352,16,0.8961226940155029,0.421875,0.34886497259140015,128.0,0.12192566879093647,3790.6561228884384
28368,16,0.9559220671653748,0.65625,0.16114014387130737,128.0,0.12210829742252827,3792.614913196303
28384,16,0.9228395223617554,0.453125,0.2860383689403534,128.0,0.12195918802171946,3794.5733921946958
28400,16,0.9512924551963806,0.6875,0.16012383997440338,128.0,0.12198029737919569,3796.532181782648
28416,16,0.9217785596847534,0.484375,0.2644098997116089,128.0,0.1218639686703682,3798.4907618016005
28432,16,0.9437693357467651,0.6171875,0.19624698162078857,128.0,0.12205778807401657,3800.4502225080505
28448,16,0.9321951866149902,0.546875,0.23870733380317688,128.0,0.30107744969427586,3803.4232250265777
28464,16,0.9479166269302368,0.6875,0.1734643578529358,128.0,0.2994060218334198,3808.2677773106843
28480,16,0.9353780746459961,0.59375,0.22118917107582092,128.0,0.3040928868576884,3813.1574010895565
28496,16,0.9019097685813904,0.4453125,0.3050821125507355,128.0,0.3032296085730195,3818.0071007087827
28512,16,0.9428048133850098,0.6171875,0.185428649187088,128.0,0.30103146005421877,3822.860209514387
28528,16,0.9138696193695068,0.5,0.29305124282836914,128.0,0.3026372483000159,3827.7419181726873
28544,16,0.9406828880310059,0.640625,0.18074201047420502,128.0,0.2997348317876458,3832.583132361062
28560,16,0.9163773059844971,0.4453125,0.3115486204624176,128.0,0.3044821051880717,3837.4564615981653
28576,16,0.9450231790542603,0.734375,0.17184002697467804,128.0,0.3004541415721178,3842.3337903218344
28592,16,0.9222608208656311,0.4609375,0.2869480848312378,128.0,0.3046711962670088,3847.2045646719635
28608,16,0.949749231338501,0.6640625,0.15863338112831116,128.0,0.30178621876984835,3852.005343131721
28624,16,0.9348958730697632,0.5546875,0.21562039852142334,128.0,0.29001020174473524,3856.8604900585487
28640,16,0.9636381268501282,0.734375,0.1321430653333664,128.0,0.3032006183639169,3861.7316177282482
28656,16,0.9323881268501282,0.5546875,0.24283093214035034,128.0,0.2999331410974264,3866.5855863578618
28672,16,0.9270833730697632,0.515625,0.23862959444522858,128.0,0.2902432316914201,3871.448673086241
28688,16,0.9249614477157593,0.515625,0.2515089213848114,128.0,0.3023001588881016,3876.3231867840514
28704,16,0.9601659178733826,0.75,0.1383599042892456,128.0,0.2991750119253993,3881.18273460865
28720,16,0.9075038433074951,0.3984375,0.3306272625923157,128.0,0.303004527464509,3886.034821969457
28736,16,0.9110724925994873,0.5,0.260092556476593,128.0,0.30214775912463665,3890.91453623306
28752,16,0.8899498581886292,0.328125,0.3878391683101654,128.0,0.12249784730374813,3894.8907412877306
28768,16,0.9536072611808777,0.6796875,0.1587253212928772,128.0,0.12226102780550718,3896.853113804944
28784,16,0.8731674551963806,0.296875,0.4009162485599518,128.0,0.12216175813227892,3898.8137326631695
28800,16,0.9507137537002563,0.6484375,0.16892647743225098,128.0,0.12236828822642565,3900.7751457011327
28816,16,0.951196014881134,0.65625,0.18164534866809845,128.0,0.12187010888010263,3902.7336411336437
28832,16,0.9241898059844971,0.4921875,0.26061347126960754,128.0,0.12172722909599543,3904.694884972647
28848,16,0.9674961566925049,0.734375,0.12296301126480103,128.0,0.12182374857366085,3906.6537446537986
28864,16,0.9267939925193787,0.5390625,0.24923554062843323,128.0,0.12171879876405,3908.6125232148916
28880,16,0.9418402910232544,0.640625,0.177206888794899,128.0,0.12179773952811956,3910.5785674983636
28896,16,0.9010416269302368,0.421875,0.3048868477344513,128.0,0.12205861881375313,3912.5375391896814
28912,16,0.9399113059043884,0.625,0.19879233837127686,128.0,0.12191076949238777,3914.49527480267
28928,16,0.930748462677002,0.5703125,0.2324949949979782,128.0,0.12242688797414303,3916.466465141624
28944,16,0.9327739477157593,0.59375,0.223049134016037,128.0,0.12183684855699539,3918.4313283367082
28960,16,0.9213927984237671,0.53125,0.25817734003067017,128.0,0.12268724851310253,3920.396367672831
28976,16,0.9207175970077515,0.6015625,0.22717519104480743,128.0,0.1232524374499917,3922.374995793216
28992,16,0.934124231338501,0.53125,0.21910420060157776,128.0,0.12188841868191957,3924.3465280821547
29008,16,0.9220678806304932,0.5546875,0.22629401087760925,128.0,0.12188668828457594,3926.6644719773903
29024,16,0.9132909178733826,0.484375,0.3075832426548004,128.0,0.12189926952123642,3928.62957760226
29040,16,0.9395254850387573,0.6484375,0.19666139781475067,128.0,0.12201721780002117,3930.593931998126
29056,16,0.9293981790542603,0.59375,0.2209833711385727,128.0,0.12311490438878536,3932.5669266432524
29072,16,0.9264081716537476,0.5546875,0.24615943431854248,128.0,0.12209106236696243,3934.5296689923853
29088,16,0.9431905746459961,0.671875,0.18637654185295105,128.0,0.12203334085643291,3936.496061270125
29104,16,0.9333526492118835,0.578125,0.23222224414348602,128.0,0.12220748979598284,3938.458313247189
29120,16,0.9446374177932739,0.6484375,0.18477323651313782,128.0,0.12191268894821405,3940.420757639222
29136,16,0.956500768661499,0.7109375,0.1584630310535431,128.0,0.12185034807771444,3942.382661215961
29152,16,0.941936731338501,0.6328125,0.18781457841396332,128.0,0.12201361730694771,3944.3462109789252
29168,16,0.9470486640930176,0.6328125,0.1895030438899994,128.0,0.12216380704194307,3946.3062305813655
29184,16,0.9559220671653748,0.7109375,0.1460021287202835,128.0,0.1219601845368743,3948.2669122498482
29200,16,0.9285300970077515,0.5859375,0.22623740136623383,128.0,0.12199302576482296,3950.2303436677903
29216,16,0.8995949029922485,0.4296875,0.319019615650177,128.0,0.12216068338602781,3952.1911799050868
29232,16,0.9427083730697632,0.640625,0.18903778493404388,128.0,0.1220908323302865,3954.1602952191606
29248,16,0.9126157760620117,0.4921875,0.29657527804374695,128.0,0.1223720833659172,3956.121546239592
29264,16,0.939139723777771,0.6171875,0.2004822939634323,128.0,0.12192623224109411,3958.086975229904
29280,16,0.9136767387390137,0.3984375,0.2832605540752411,128.0,0.1221926799044013,3960.0493942191824
29296,16,0.9434799551963806,0.5859375,0.1945963203907013,128.0,0.1229662112891674,3978.6315343929455
29312,16,0.9314236044883728,0.5859375,0.20791754126548767,128.0,0.12187551148235798,3980.5911575481296
29328,16,0.9503279328346252,0.6875,0.17590045928955078,128.0,0.12252826057374477,3982.557514107786
29344,16,0.9213927984237671,0.5234375,0.2719670236110687,128.0,0.12280039954930544,3984.533650174737
29360,16,0.943383514881134,0.59375,0.18811243772506714,128.0,0.12277959939092398,3986.507914655842
29376,16,0.9295910596847534,0.53125,0.24171771109104156,128.0,0.1219018567353487,3988.4704920584336
29392,16,0.9413579702377319,0.6484375,0.18784193694591522,128.0,0.12208654638379812,3990.4390001948923
29408,16,0.9077931642532349,0.375,0.33989280462265015,128.0,0.12198587413877249,3992.402175729163
29424,16,0.9288194179534912,0.6015625,0.21047499775886536,128.0,0.12294885609298944,3994.371222468093
29440,16,0.9275655746459961,0.5234375,0.25064000487327576,128.0,0.12231570295989513,3996.342233274132
29456,16,0.9587191343307495,0.6640625,0.16121460497379303,128.0,0.12207777239382267,3998.3126122979447
29472,16,0.9325810074806213,0.53125,0.24523061513900757,128.0,0.1220170222222805,4000.2835250468925
29488,16,0.9505208730697632,0.65625,0.16762137413024902,128.0,0.12208117172122002,4002.2605316089466
29504,16,0.9231288433074951,0.53125,0.24725289642810822,128.0,0.12216414138674736,4004.229242047295
29520,16,0.9424189925193787,0.6015625,0.1802431046962738,128.0,0.1221597408875823,4006.204723200761
29536,16,0.8970872163772583,0.234375,0.41694876551628113,128.0,0.12277699820697308,4008.182330960408
29552,16,0.9510995149612427,0.71875,0.15824513137340546,128.0,0.12336463946849108,4010.1594061683863
29568,16,0.8943865895271301,0.3828125,0.33087947964668274,128.0,0.12293814867734909,4012.1322405273095
29584,16,0.9467592835426331,0.6640625,0.17498299479484558,128.0,0.12236606702208519,4014.1020944193006
29600,16,0.9447337985038757,0.640625,0.17808054387569427,128.0,0.12398767657577991,4016.0710459677503
29616,16,0.9441550970077515,0.625,0.1872476041316986,128.0,0.12196093332022429,4018.038233230822
29632,16,0.9632523059844971,0.7734375,0.13348424434661865,128.0,0.12183372303843498,4020.0018160566688
29648,16,0.9483989477157593,0.671875,0.17232482135295868,128.0,0.12242747284471989,4021.963267427869
29664,16,0.9384645223617554,0.5859375,0.21115577220916748,128.0,0.1222411822527647,4023.9332526233047
29680,16,0.9429976940155029,0.5625,0.22346638143062592,128.0,0.12260620202869177,4025.899677223526
29696,16,0.9389467239379883,0.6484375,0.1896338015794754,128.0,0.12231648154556751,4027.8653661198914
29712,16,0.9091435074806213,0.46875,0.289663165807724,128.0,0.12196948938071728,4029.8348234267905
29728,16,0.9129050970077515,0.5078125,0.26648658514022827,128.0,0.12195512931793928,4031.8018309371546
29744,16,0.9237076044082642,0.6015625,0.22162947058677673,128.0,0.12209583818912506,4033.767865904607
29760,16,0.9295910596847534,0.6015625,0.21789804100990295,128.0,0.12234135810285807,4035.734569470398
29776,16,0.9472415447235107,0.6875,0.16349820792675018,128.0,0.12219282705336809,4037.6997078815475
29792,16,0.8700810074806213,0.2265625,0.4356032907962799,128.0,0.12205434590578079,4039.6613233769313
29808,16,0.9608410596847534,0.734375,0.12549301981925964,128.0,0.1219945540651679,4041.624045409262
29824,16,0.8580247163772583,0.234375,0.46732577681541443,128.0,0.12197768315672874,4043.588287181221
29840,16,0.9460841417312622,0.6953125,0.17469118535518646,128.0,0.1220520231872797,4045.5533331325278
29856,16,0.939139723777771,0.6484375,0.19603393971920013,128.0,0.12201670184731483,4047.5167498597875
29872,16,0.9454089403152466,0.640625,0.17959608137607574,128.0,0.12189469113945961,4049.482102044858
29888,16,0.9172453880310059,0.484375,0.27593794465065,128.0,0.1218520114198327,4051.445589736104
29904,16,0.951196014881134,0.6875,0.16842302680015564,128.0,0.1227213991805911,4053.416174745187
29920,16,0.9392361044883728,0.5859375,0.2051924169063568,128.0,0.12183668930083513,4055.387282850221
29936,16,0.9206211566925049,0.5078125,0.25387269258499146,128.0,0.12233039923012257,4057.360235554166
29952,16,0.9293017387390137,0.5078125,0.2495134472846985,128.0,0.12216491717845201,4059.327434230596
29968,16,0.9412615895271301,0.625,0.1953461766242981,128.0,0.12243362702429295,4061.2943890439346
29984,16,0.9119405746459961,0.4609375,0.2973642647266388,128.0,0.12254907656461,4063.2574717504904
30000,16,0.9496527910232544,0.7109375,0.156528040766716,128.0,0.12189081590622663,4065.2205071961507
30016,16,0.9189814925193787,0.546875,0.2506680190563202,128.0,0.12253771536052227,4067.521813550964
30032,16,0.9332561492919922,0.609375,0.2057628333568573,128.0,0.1224251938983798,4069.4913857355714
30048,16,0.8722029328346252,0.25,0.41602975130081177,128.0,0.12198773305863142,4071.454867152497
30064,16,0.931327223777771,0.578125,0.21632306277751923,128.0,0.12209730222821236,4073.418649688363
30080,16,0.9363425970077515,0.578125,0.23206572234630585,128.0,0.12291598320007324,4075.3864745162427
30096,16,0.9452160596847534,0.6484375,0.17523586750030518,128.0,0.12210086081176996,4077.3538691215217
30112,16,0.9260224103927612,0.5703125,0.23611843585968018,128.0,0.12177260965108871,4079.323256827891
30128,16,0.9515818357467651,0.71875,0.16074274480342865,128.0,0.12275001034140587,4081.292002961971
30144,16,0.9338348507881165,0.5546875,0.22500106692314148,128.0,0.12211035843938589,4083.264257375151
30160,16,0.954185962677002,0.65625,0.16501444578170776,128.0,0.12220987770706415,4085.2310393424705
30176,16,0.9136767387390137,0.4921875,0.2731652855873108,128.0,0.12301562912762165,4087.205562956631
30192,16,0.9256365895271301,0.5546875,0.24743936955928802,128.0,0.12191523611545563,4089.1752177737653
30208,16,0.9378857612609863,0.640625,0.18913833796977997,128.0,0.12200124561786652,4091.1363037629053
30224,16,0.9095293283462524,0.4453125,0.28265973925590515,128.0,0.12185059487819672,4093.104002705775
30240,16,0.9329668283462524,0.6328125,0.21608532965183258,128.0,0.12232446577399969,4095.077371002175
30256,16,0.9125193357467651,0.4453125,0.29873090982437134,128.0,0.12199343461543322,4097.042551741935
30272,16,0.9429012537002563,0.6328125,0.19284294545650482,128.0,0.12174493260681629,4099.007574738935
30288,16,0.9303627014160156,0.5703125,0.2284538596868515,128.0,0.1225693728774786,4100.972912904806
30304,16,0.9305555820465088,0.578125,0.21903839707374573,128.0,0.12222643196582794,4102.938193558715
30320,16,0.9354745149612427,0.5546875,0.22830915451049805,128.0,0.1220121206715703,4104.902871420607
30336,16,0.932195246219635,0.6328125,0.1954808384180069,128.0,0.12176205031573772,4106.867700171657
30352,16,0.9366319179534912,0.59375,0.2114422768354416,128.0,0.12192919012159109,4108.83667773474
30368,16,0.948881208896637,0.6953125,0.1693565398454666,128.0,0.12226586882025003,4110.80731399823
30384,16,0.9328703880310059,0.5859375,0.23643751442432404,128.0,0.12258836906403303,4112.781535033137
30400,16,0.9432870149612427,0.6484375,0.1874963343143463,128.0,0.12239136826246977,4114.749568163417
30416,16,0.9361497163772583,0.59375,0.20536933839321136,128.0,0.12200877722352743,4116.719665683806
30432,16,0.9390432834625244,0.6171875,0.20899240672588348,128.0,0.12220723740756512,4118.685424059629
30448,16,0.9425154328346252,0.6484375,0.1932091861963272,128.0,0.12287272699177265,4120.658970540389
30464,16,0.9227430820465088,0.5546875,0.24416080117225647,128.0,0.12212430499494076,4122.637929613702
30480,16,0.9023919701576233,0.4140625,0.3059179186820984,128.0,0.12237030547112226,4124.6069450890645
30496,16,0.9214892387390137,0.5625,0.23151914775371552,128.0,0.12219605315476656,4126.572501882911
30512,16,0.9396219253540039,0.6328125,0.20030030608177185,128.0,0.12275251373648643,4128.541041516699
30528,16,0.9447338581085205,0.640625,0.17860178649425507,128.0,0.1222870722413063,4130.511956681497
30544,16,0.9424189925193787,0.59375,0.2044484168291092,128.0,0.1224190117791295,4132.474703510292
30560,16,0.9291087985038757,0.546875,0.233401820063591,128.0,0.12204889208078384,4134.4394463906065
30576,16,0.9213926792144775,0.5703125,0.23961679637432098,128.0,0.12263010069727898,4136.403797698207
30592,16,0.9646026492118835,0.671875,0.14251969754695892,128.0,0.12176383938640356,4138.372586310841
30608,16,0.9257330298423767,0.5234375,0.24827754497528076,128.0,0.1219607088714838,4140.331244724803
30624,16,0.9115548133850098,0.4609375,0.27877718210220337,128.0,0.12185335718095303,4142.289584388956
30640,16,0.9403935074806213,0.6484375,0.18293583393096924,128.0,0.12184073776006699,4144.252268735319
30656,16,0.9350887537002563,0.6328125,0.2065991759300232,128.0,0.12182326707988977,4146.210239608772
30672,16,0.934124231338501,0.6328125,0.21463018655776978,128.0,0.12194900680333376,4148.168643051758
30688,16,0.9347029328346252,0.625,0.19862234592437744,128.0,0.12201081588864326,4150.136301689781
30704,16,0.9344135522842407,0.5625,0.22515089809894562,128.0,0.12204456515610218,4152.106358979829
30720,16,0.9588155746459961,0.765625,0.13058458268642426,128.0,0.12206426449120045,4154.072092776187
30736,16,0.8987268805503845,0.4609375,0.3113187849521637,128.0,0.1219690153375268,4156.0464344881475
30752,16,0.9080826044082642,0.4453125,0.30038389563560486,128.0,0.12203244399279356,4158.018118098378
30768,16,0.9388502836227417,0.625,0.19942066073417664,128.0,0.12246380280703306,4159.989097187296
30784,16,0.9285300970077515,0.5390625,0.24161948263645172,128.0,0.12200084235519171,4161.95236325264
30800,16,0.9422260522842407,0.5859375,0.19850586354732513,128.0,0.1218412620946765,4163.915922598913
30816,16,0.938560962677002,0.6015625,0.22004486620426178,128.0,0.12184274103492498,4165.875633750111
30832,16,0.9167631268501282,0.4453125,0.292032927274704,128.0,0.12179121002554893,4167.837404055521
30848,16,0.9237076044082642,0.59375,0.22586935758590698,128.0,0.12176754884421825,4169.794922107831
30864,16,0.8913966417312622,0.3125,0.3841319680213928,128.0,0.12193129863590002,4171.757231062278
30880,16,0.9552469253540039,0.7421875,0.13872776925563812,128.0,0.12222476955503225,4173.717615897767
30896,16,0.9204282760620117,0.5,0.2762814462184906,128.0,0.12212643772363663,4175.6855991454795
30912,16,0.9317129850387573,0.59375,0.20748260617256165,128.0,0.12179909646511078,4177.648722782731
30928,16,0.8675733208656311,0.3203125,0.4194321036338806,128.0,0.12178299762308598,4179.615501331165
30944,16,0.9443480372428894,0.59375,0.20471566915512085,128.0,0.1219762060791254,4181.583655740134
30960,16,0.9200424551963806,0.515625,0.25929534435272217,128.0,0.12196634616702795,4183.549534540623
30976,16,0.9304591417312622,0.59375,0.2326303869485855,128.0,0.12201370391994715,4185.50932453759
30992,16,0.9508101940155029,0.6484375,0.1748262494802475,128.0,0.12188476417213678,4187.476702998392
31008,16,0.9266974925994873,0.546875,0.24568431079387665,128.0,0.12189535330981016,4189.795244512148
31024,16,0.9465663433074951,0.6171875,0.18861985206604004,128.0,0.1220881724730134,4191.757702510804
31040,16,0.9512923955917358,0.6953125,0.16180583834648132,128.0,0.12202984280884266,4193.7232707301155
31056,16,0.9245756268501282,0.5546875,0.24595192074775696,128.0,0.12233308143913746,4195.689976110123
31072,16,0.9369212985038757,0.640625,0.19588497281074524,128.0,0.12267984263598919,4197.663620066829
31088,16,0.920814037322998,0.4609375,0.2845599353313446,128.0,0.12248807121068239,4199.643101455644
31104,16,0.9297839403152466,0.6171875,0.21218153834342957,128.0,0.12211153004318476,4201.609344668686
31120,16,0.917438268661499,0.4296875,0.2826533019542694,128.0,0.12212267890572548,4203.577732192352
31136,16,0.9391396045684814,0.5859375,0.19983939826488495,128.0,0.12185740936547518,4205.5384776247665
31152,16,0.9452160596847534,0.640625,0.19136372208595276,128.0,0.12181612849235535,4207.498256326653
31168,16,0.9232252836227417,0.5078125,0.24401001632213593,128.0,0.12252633832395077,4209.459779800847
31184,16,0.9357638955116272,0.640625,0.19297130405902863,128.0,0.1222138786688447,4211.427829168737
31200,16,0.8856095671653748,0.328125,0.3824032247066498,128.0,0.12239929661154747,4213.400830519386
31216,16,0.9312306642532349,0.6015625,0.20256122946739197,128.0,0.12209519557654858,4215.3731907317415
31232,16,0.9141589403152466,0.4609375,0.28766822814941406,128.0,0.12259147502481937,4217.3390281507745
31248,16,0.9549576044082642,0.7109375,0.14490342140197754,128.0,0.12204696424305439,4219.304586011916
31264,16,0.8982446193695068,0.3984375,0.3326435983181,128.0,0.12260482087731361,4237.857330742292
31280,16,0.9464699029922485,0.6328125,0.20480506122112274,128.0,0.1229504095390439,4239.824690492824
31296,16,0.9240933656692505,0.5390625,0.25224003195762634,128.0,0.1223079590126872,4241.7978977756575
31312,16,0.9510995745658875,0.703125,0.15460409224033356,128.0,0.12194913811981678,4243.763057927601
31328,16,0.9406828880310059,0.640625,0.20774459838867188,128.0,0.12198007851839066,4245.729114741087
31344,16,0.9455053806304932,0.71875,0.16502851247787476,128.0,0.12195329554378986,4247.68946914468
31360,16,0.9069252014160156,0.4453125,0.30059024691581726,128.0,0.1219327375292778,4249.649142318405
31376,16,0.936439037322998,0.625,0.2097926139831543,128.0,0.12188618630170822,4251.608450864442
31392,16,0.8832947611808777,0.3046875,0.38671302795410156,128.0,0.12183699570596218,4253.5704402523115
31408,16,0.9471451044082642,0.6796875,0.16185075044631958,128.0,0.12181939370930195,4255.5320024024695
31424,16,0.9055747985839844,0.4140625,0.30811429023742676,128.0,0.12224414478987455,4257.492058804259
31440,16,0.9662423133850098,0.796875,0.11592438071966171,128.0,0.12224417459219694,4259.453690497205
31456,16,0.9276620149612427,0.5234375,0.2505364716053009,128.0,0.12195697240531445,4261.416585503146
31472,16,0.9247685074806213,0.59375,0.22373540699481964,128.0,0.12330290395766497,4263.389999335632
31488,16,0.9517747163772583,0.6796875,0.15039539337158203,128.0,0.12192481197416782,4265.356300215237
31504,16,0.9154128432273865,0.484375,0.28815901279449463,128.0,0.12235557194799185,4267.318062886596
31520,16,0.9315200448036194,0.578125,0.22095610201358795,128.0,0.12256077118217945,4269.282563210465
31536,16,0.9257330894470215,0.484375,0.2664983570575714,128.0,0.12185865081846714,4271.247290556319
31552,16,0.938560962677002,0.6328125,0.19173234701156616,128.0,0.12203067075461149,4273.2119407644495
31568,16,0.9485918283462524,0.625,0.18070542812347412,128.0,0.12171554006636143,4275.173696572892
31584,16,0.9175347089767456,0.546875,0.24372537434101105,128.0,0.12172483932226896,4277.1321614626795
31600,16,0.9465663433074951,0.6328125,0.19730354845523834,128.0,0.12164270877838135,4279.097707846202
31616,16,0.9021025896072388,0.4765625,0.2873912751674652,128.0,0.12181597948074341,4281.057019240223
31632,16,0.9427083730697632,0.6171875,0.18378029763698578,128.0,0.12169923819601536,4283.0149391666055
31648,16,0.9563078880310059,0.75,0.13703997433185577,128.0,0.12224332801997662,4284.972784874961
31664,16,0.9031636118888855,0.421875,0.32827070355415344,128.0,0.12177534680813551,4286.943573208526
31680,16,0.9483989477157593,0.6875,0.17465774714946747,128.0,0.12176650669425726,4288.9045142214745
31696,16,0.9535108804702759,0.6640625,0.1815444529056549,128.0,0.12175183650106192,4290.8649757076055
31712,16,0.9275655746459961,0.609375,0.2196035236120224,128.0,0.12188047636300325,4292.823047814891
31728,16,0.9403935670852661,0.625,0.19772997498512268,128.0,0.12186458520591259,4294.781923433766
31744,16,0.9302662014961243,0.53125,0.2504728436470032,128.0,0.12188047356903553,4296.7400661651045
31760,16,0.933256208896637,0.625,0.21764498949050903,128.0,0.12247303500771523,4298.705965872854
31776,16,0.9469521045684814,0.65625,0.1691349744796753,128.0,0.12173570320010185,4300.663465498947
31792,16,0.914641261100769,0.40625,0.2921352982521057,128.0,0.12190025299787521,4302.620992937125
31808,16,0.9498456716537476,0.625,0.17920811474323273,128.0,0.12194753345102072,4304.578615179285
31824,16,0.9416474103927612,0.578125,0.20174381136894226,128.0,0.12177685275673866,4306.536947643384
31840,16,0.9292052388191223,0.609375,0.23678268492221832,128.0,0.12192446272820234,4308.495880569331
31856,16,0.9086612462997437,0.375,0.3242260217666626,128.0,0.1220025410875678,4310.455309289508
31872,16,0.9440586566925049,0.671875,0.17938494682312012,128.0,0.12181032076478004,4312.420568973757
31888,16,0.9429976940155029,0.640625,0.19820426404476166,128.0,0.12187919113785028,4314.384966609068
31904,16,0.9528356790542603,0.7109375,0.15605567395687103,128.0,0.12186216004192829,4316.344329856336
31920,16,0.9258295297622681,0.515625,0.260952889919281,128.0,0.12203528825193644,4318.303479196504
31936,16,0.9515818357467651,0.7109375,0.16115564107894897,128.0,0.12206180021166801,4320.262724409811
31952,16,0.9093364477157593,0.4609375,0.31597065925598145,128.0,0.12181466910988092,4322.22493212577
31968,16,0.9540895223617554,0.703125,0.15640197694301605,128.0,0.12188196927309036,4324.183235953562
31984,16,0.9242863059043884,0.5,0.2686766982078552,128.0,0.12194288801401854,4326.1420107632875
32000,16,0.9552469253540039,0.71875,0.144748255610466,128.0,0.12183666788041592,4328.099997127429
32016,16,0.9214892387390137,0.484375,0.2725237011909485,128.0,0.12189654633402824,4330.378535474651
32032,16,0.9314236640930176,0.578125,0.20940446853637695,128.0,0.12184939626604319,4332.3369826423
32048,16,0.9431905746459961,0.5703125,0.210093691945076,128.0,0.12181139644235373,4334.297391283326
32064,16,0.9346064329147339,0.5625,0.21962855756282806,128.0,0.12236001528799534,4336.2564652571455
32080,16,0.9423225522041321,0.609375,0.1966184377670288,128.0,0.12218602560460567,4338.221531425603
32096,16,0.9354745745658875,0.6015625,0.20747117698192596,128.0,0.12196415476500988,4340.182853666134
32112,16,0.9308449029922485,0.6015625,0.21982446312904358,128.0,0.12217995431274176,4342.144616879523
32128,16,0.9386574029922485,0.65625,0.18677835166454315,128.0,0.12177050393074751,4344.10557723511
32144,16,0.9230324029922485,0.546875,0.24417215585708618,128.0,0.12198875285685062,4346.065596534871
32160,16,0.9418402910232544,0.6328125,0.19385065138339996,128.0,0.12181450333446264,4348.025139186531
32176,16,0.9301698207855225,0.6015625,0.21291576325893402,128.0,0.12186156306415796,4349.983593151905
32192,16,0.9578511118888855,0.71875,0.1615428626537323,128.0,0.12187850195914507,4351.942348900251
32208,16,0.9293981194496155,0.5625,0.22455677390098572,128.0,0.1217345418408513,4353.904248922132
32224,16,0.9690393805503845,0.7734375,0.12094712257385254,128.0,0.12184957042336464,4355.862161136232
32240,16,0.9474344253540039,0.6171875,0.19242344796657562,128.0,0.12203413061797619,4357.820638334379
32256,16,0.9477237462997437,0.703125,0.18553468585014343,128.0,0.12192397098988295,4359.779000075534
32272,16,0.9260224103927612,0.5625,0.23132574558258057,128.0,0.12186713982373476,4361.737144869752
32288,16,0.9553433656692505,0.6953125,0.15278463065624237,128.0,0.12187051959335804,4363.697213447653
32304,16,0.905189037322998,0.4375,0.3062300682067871,128.0,0.12182958889752626,4365.656604638323
32320,16,0.9371142387390137,0.625,0.19602306187152863,128.0,0.12176870927214622,4367.618590723723
32336,16,0.9424189925193787,0.6171875,0.20138433575630188,128.0,0.12179753836244345,4369.5765374219045
32352,16,0.9321951866149902,0.546875,0.23763954639434814,128.0,0.1218411773443222,4371.53416211158
32368,16,0.9333525896072388,0.59375,0.21066397428512573,128.0,0.12183115724474192,4373.494005906396
32384,16,0.8952546715736389,0.484375,0.3013664782047272,128.0,0.12184841651469469,4375.452164454386
32400,16,0.9320023059844971,0.625,0.20384621620178223,128.0,0.12178042624145746,4377.410108145326
32416,16,0.9445409178733826,0.671875,0.1781502664089203,128.0,0.12173817679286003,4379.368195760064
32432,16,0.9225502014160156,0.53125,0.2526680827140808,128.0,0.12185306567698717,4381.3279489493
32448,16,0.9379822611808777,0.6328125,0.1924556940793991,128.0,0.12187344674021006,4383.285599001683
32464,16,0.9546681642532349,0.7265625,0.15008831024169922,128.0,0.1217913655564189,4385.2527742879465
32480,16,0.9343171119689941,0.625,0.2147192656993866,128.0,0.12176242377609015,4387.210892907344
32496,16,0.9348958730697632,0.6171875,0.20248869061470032,128.0,0.12239181436598301,4389.184782461263
32512,16,0.967689037322998,0.7265625,0.1228356808423996,128.0,0.12213026266545057,4391.1499888096005
32528,16,0.9561150074005127,0.78125,0.13215193152427673,128.0,0.1217505931854248,4393.116316770203
32544,16,0.9124228954315186,0.5390625,0.26108086109161377,128.0,0.12177570350468159,4395.082105404697
32560,16,0.953125,0.7421875,0.14102613925933838,128.0,0.12258771248161793,4397.04431479238
32576,16,0.9322916269302368,0.5546875,0.23594225943088531,128.0,0.12183279264718294,4399.001404533163
32592,16,0.9456018209457397,0.6953125,0.16116325557231903,128.0,0.12210712302476168,4400.959489308298
32608,16,0.9227430820465088,0.5,0.2653413712978363,128.0,0.12181851081550121,4402.918671297841
32624,16,0.9292052984237671,0.578125,0.224333718419075,128.0,0.12192091066390276,4404.876921439543
32640,16,0.9220678806304932,0.5234375,0.26118579506874084,128.0,0.12194174062460661,4406.842474106699
32656,16,0.9639275074005127,0.75,0.11763838678598404,128.0,0.1217839615419507,4408.805819267407
32672,16,0.9148341417312622,0.4765625,0.30533555150032043,128.0,0.12194581981748343,4410.767371861264
32688,16,0.951196014881134,0.6875,0.16738420724868774,128.0,0.12173752952367067,4412.731090499088
32704,16,0.9567901492118835,0.7109375,0.15062566101551056,128.0,0.12358130887150764,4414.693754121661
32720,16,0.9512923955917358,0.6796875,0.16606798768043518,128.0,0.12186350952833891,4416.670232608914
32736,16,0.9228395223617554,0.5,0.2555815577507019,128.0,0.12239811941981316,4418.631751418114
32752,16,0.9483025074005127,0.703125,0.15790902078151703,128.0,0.12191621866077185,4420.591854242608
32768,16,0.955053985118866,0.7265625,0.14833082258701324,128.0,0.12190084811300039,4422.552757370286
32784,16,0.9636381268501282,0.7890625,0.12438046932220459,128.0,0.12186489719897509,4424.512603362091
32800,16,0.9273726940155029,0.4921875,0.25655215978622437,128.0,0.12182765733450651,4426.470401478931
32816,16,0.9452160596847534,0.671875,0.1764908730983734,128.0,0.12180022709071636,4428.428312078118
32832,16,0.9438657760620117,0.671875,0.1831190586090088,128.0,0.12192031648010015,4430.386451622471
32848,16,0.9573688507080078,0.703125,0.14032329618930817,128.0,0.12262083683162928,4432.345092150383
32864,16,0.9432870149612427,0.640625,0.19422966241836548,128.0,0.12180483434349298,4434.307397833094
32880,16,0.8988232612609863,0.4140625,0.323081910610199,128.0,0.12296203430742025,4436.279278810136
32896,16,0.9484953880310059,0.71875,0.15769633650779724,128.0,0.12189718522131443,4438.254266731441
32912,16,0.9185956716537476,0.390625,0.3244003355503082,128.0,0.1246226541697979,4440.221218736842
32928,16,0.9603587985038757,0.71875,0.13412046432495117,128.0,0.1219339556992054,4442.188548856415
32944,16,0.8968943357467651,0.375,0.3268316388130188,128.0,0.12201435305178165,4444.156713899225
32960,16,0.9439622163772583,0.6953125,0.16343705356121063,128.0,0.12225605268031359,4446.124876087531
32976,16,0.9149305820465088,0.421875,0.308094322681427,128.0,0.12205767259001732,4448.088226020336
32992,16,0.9533178806304932,0.7109375,0.16049468517303467,128.0,0.12200150266289711,4450.052355446853
33008,16,0.9369212985038757,0.5546875,0.22132417559623718,128.0,0.12203289289027452,4452.34255833365
33024,16,0.9347029328346252,0.6015625,0.20737409591674805,128.0,0.12289082165807486,4454.309828077443
33040,16,0.9440586566925049,0.625,0.18827317655086517,128.0,0.12238979060202837,4456.274886125699
33056,16,0.9499421119689941,0.6328125,0.1802377849817276,128.0,0.12177705205976963,4458.237529028207
33072,16,0.9351851940155029,0.6015625,0.2175890952348709,128.0,0.12171987071633339,4460.203188676387
33088,16,0.9435763955116272,0.6328125,0.18561908602714539,128.0,0.12184982094913721,4462.168290658854
33104,16,0.9613232612609863,0.734375,0.13306206464767456,128.0,0.12190809939056635,4464.127083384432
33120,16,0.9453125,0.6171875,0.20011967420578003,128.0,0.12262960895895958,4466.095723244362
33136,16,0.9240933656692505,0.5859375,0.23016880452632904,128.0,0.12300804071128368,4468.067995410413
33152,16,0.9347029328346252,0.625,0.20453502237796783,128.0,0.12229002919048071,4470.039744340815
33168,16,0.9248650074005127,0.5859375,0.22381530702114105,128.0,0.12181954924017191,4472.0101871248335
33184,16,0.933063268661499,0.578125,0.23728136718273163,128.0,0.12221246864646673,4473.9813466137275
33200,16,0.9563078880310059,0.7265625,0.14173753559589386,128.0,0.1218460788950324,4475.943799177185
33216,16,0.907310962677002,0.4453125,0.3221949338912964,128.0,0.12274694535881281,4494.526070811786
33232,16,0.9542824029922485,0.71875,0.14982493221759796,128.0,0.12195860501378775,4496.49308132939
33248,16,0.9321951866149902,0.59375,0.2217005044221878,128.0,0.12184590473771095,4498.451741582714
33264,16,0.9379822611808777,0.625,0.1935415267944336,128.0,0.12184185441583395,4500.41020707041
33280,16,0.9249614477157593,0.515625,0.25282543897628784,128.0,0.12196887377649546,4502.370095033199
33296,16,0.927951455116272,0.5546875,0.22910961508750916,128.0,0.12187110353261232,4504.332509430125
33312,16,0.9344135522842407,0.609375,0.22285744547843933,128.0,0.1219688132405281,4506.292916333303
33328,16,0.9170525074005127,0.53125,0.26078617572784424,128.0,0.12191808223724365,4508.253619530238
33344,16,0.917438268661499,0.5390625,0.2517833411693573,128.0,0.12190502230077982,4510.214709953405
33360,16,0.936631977558136,0.5703125,0.2010597437620163,128.0,0.121881652623415,4512.174747160636
33376,16,0.9572723507881165,0.7265625,0.14744795858860016,128.0,0.12185877189040184,4514.137954802252
33392,16,0.9418402910232544,0.65625,0.20766931772232056,128.0,0.1220504017546773,4516.0998198008165
33408,16,0.9431905746459961,0.6328125,0.18987233936786652,128.0,0.12185203097760677,4518.063151222654
33424,16,0.9275655746459961,0.515625,0.27248960733413696,128.0,0.12199705094099045,4520.023246099241
33440,16,0.9586226940155029,0.7265625,0.1447947472333908,128.0,0.12194646149873734,4521.985341552645
33456,16,0.9203317761421204,0.5390625,0.25922390818595886,128.0,0.1218937011435628,4523.944345720112
33472,16,0.9513888955116272,0.65625,0.16898582875728607,128.0,0.12186619080603123,4525.903490123339
33488,16,0.9437693357467651,0.6328125,0.18934454023838043,128.0,0.1219053789973259,4527.862627810799
33504,16,0.9082754850387573,0.515625,0.2772282660007477,128.0,0.12183574959635735,4529.822583474219
33520,16,0.9525463581085205,0.609375,0.17785926163196564,128.0,0.1219292189925909,4531.78437836282
33536,16,0.9499421119689941,0.6328125,0.17739064991474152,128.0,0.12185780890285969,4533.748057525605
33552,16,0.9475308656692505,0.6640625,0.17660386860370636,128.0,0.12183632887899876,4535.705197064206
33568,16,0.9194637537002563,0.5078125,0.2615133225917816,128.0,0.12276100926101208,4537.665256807581
33584,16,0.9274691343307495,0.5390625,0.22848087549209595,128.0,0.12237416859716177,4539.626000387594
33600,16,0.9378858208656311,0.6484375,0.20580708980560303,128.0,0.12187635712325573,4541.585555491969
33616,16,0.962673544883728,0.7578125,0.1266518235206604,128.0,0.12181643769145012,4543.543802181259
33632,16,0.9320023059844971,0.5703125,0.23132045567035675,128.0,0.12186214793473482,4545.508305946365
33648,16,0.9369212985038757,0.6953125,0.19057248532772064,128.0,0.1218170877546072,4547.4672209965065
33664,16,0.9186921715736389,0.4765625,0.26970598101615906,128.0,0.12177641689777374,4549.424873031676
33680,16,0.9506173133850098,0.6953125,0.16291509568691254,128.0,0.12179980613291264,4551.383170553483
33696,16,0.9340277910232544,0.546875,0.22193315625190735,128.0,0.12186016608029604,4553.34313605912
33712,16,0.9461805820465088,0.71875,0.171145498752594,128.0,0.12180015444755554,4555.300585191697
33728,16,0.9300732612609863,0.5625,0.24679049849510193,128.0,0.12191111594438553,4557.258638049476
33744,16,0.9576581716537476,0.75,0.13940680027008057,128.0,0.12174337450414896,4559.22024610173
33760,16,0.9167631268501282,0.4921875,0.26691216230392456,128.0,0.12185811530798674,4561.178093099967
33776,16,0.9515818357467651,0.703125,0.16018816828727722,128.0,0.12176996562629938,4563.1367505937815
33792,16,0.9404899477958679,0.625,0.19425730407238007,128.0,0.12196311354637146,4565.094592632726
33808,16,0.9562114477157593,0.75,0.13609160482883453,128.0,0.12313806358724833,4567.067210055888
33824,16,0.9272762537002563,0.578125,0.2476610392332077,128.0,0.12190330401062965,4569.032217614353
33840,16,0.9507137537002563,0.703125,0.16255003213882446,128.0,0.12202893290668726,4570.995098199695
33856,16,0.9512924551963806,0.71875,0.15980832278728485,128.0,0.12212802469730377,4572.957929499447
33872,16,0.9435763955116272,0.65625,0.18251921236515045,128.0,0.1220042034983635,4574.9192482167855
33888,16,0.9359568357467651,0.609375,0.19924744963645935,128.0,0.12189172301441431,4576.884722667746
33904,16,0.9381752014160156,0.6015625,0.2076064497232437,128.0,0.12204993236809969,4578.844997195527
33920,16,0.9203318357467651,0.5546875,0.259495347738266,128.0,0.12184595130383968,4580.804795038886
33936,16,0.9561149477958679,0.75,0.15745395421981812,128.0,0.1220102421939373,4582.765657717362
33952,16,0.9504243731498718,0.65625,0.1676761507987976,128.0,0.12197744194418192,4584.725820461288
33968,16,0.9492669701576233,0.6875,0.17864130437374115,128.0,0.12186065129935741,4586.688624691218
33984,16,0.9458912014961243,0.6953125,0.17380118370056152,128.0,0.12191558070480824,4588.64787214715
34000,16,0.8676697611808777,0.265625,0.41270989179611206,128.0,0.12199369166046381,4590.607684719376
34016,16,0.952064037322998,0.6796875,0.1560681015253067,128.0,0.12191349174827337,4592.938309457153
34032,16,0.9456982612609863,0.625,0.19896993041038513,128.0,0.12258601002395153,4594.90523929894
34048,16,0.9339313507080078,0.625,0.2101253867149353,128.0,0.12184409983456135,4596.86835993547
34064,16,0.9532214403152466,0.6953125,0.15786319971084595,128.0,0.12195348925888538,4598.8278394993395
34080,16,0.9460841417312622,0.6875,0.17688056826591492,128.0,0.12185528874397278,4600.789076788351
34096,16,0.9539930820465088,0.7421875,0.15216034650802612,128.0,0.12184699904173613,4602.748435274698
34112,16,0.9432870745658875,0.6015625,0.21624448895454407,128.0,0.12181313894689083,4604.707925585099
34128,16,0.9367284178733826,0.6171875,0.20277853310108185,128.0,0.12219286803156137,4606.667370632291
34144,16,0.9397183656692505,0.5859375,0.21808898448944092,128.0,0.12204305734485388,4608.628099045716
34160,16,0.951196014881134,0.6640625,0.1689426451921463,128.0,0.12317188829183578,4610.6086653908715
34176,16,0.9527392387390137,0.6796875,0.17203138768672943,128.0,0.12192663829773664,4612.572182913311
34192,16,0.9421296119689941,0.65625,0.1856391429901123,128.0,0.12199826817959547,4614.535895423964
34208,16,0.9273726940155029,0.6015625,0.22536881268024445,128.0,0.12207477632910013,4616.5006407387555
34224,16,0.9582368731498718,0.75,0.1419164538383484,128.0,0.1229476472362876,4618.4676790693775
34240,16,0.9377893209457397,0.5859375,0.21268422901630402,128.0,0.1220881063491106,4620.431654357351
34256,16,0.9532214403152466,0.7421875,0.1580616980791092,128.0,0.12196280527859926,4622.393358240835
34272,16,0.8957369327545166,0.3125,0.3658839464187622,128.0,0.12220206763595343,4624.355801569298
34288,16,0.9540895223617554,0.6875,0.15977756679058075,128.0,0.12196046579629183,4626.320695664734
34304,16,0.9493634700775146,0.6875,0.1726916879415512,128.0,0.122002805583179,4628.289970354177
34320,16,0.9482060670852661,0.65625,0.1762363165616989,128.0,0.1222895747050643,4630.25047816243
34336,16,0.9572724103927612,0.765625,0.1387636363506317,128.0,0.12195965461432934,4632.211417486891
34352,16,0.8996913433074951,0.40625,0.3496403694152832,128.0,0.12205420434474945,4634.172295526601
34368,16,0.938560962677002,0.6953125,0.1799955517053604,128.0,0.12193753477185965,4636.133428582922
34384,16,0.9298803806304932,0.6171875,0.2242445945739746,128.0,0.1218700148165226,4638.092349794693
34400,16,0.9532214403152466,0.7109375,0.15426425635814667,128.0,0.12209403421729803,4640.053277492523
34416,16,0.9552469253540039,0.6875,0.16498950123786926,128.0,0.12183138448745012,4642.0128094460815
34432,16,0.9435763955116272,0.6484375,0.18425649404525757,128.0,0.12217623367905617,4643.979691695422
34448,16,0.9422261118888855,0.6796875,0.19024433195590973,128.0,0.12244717311114073,4645.941611321643
34464,16,0.9700038433074951,0.7890625,0.10522837936878204,128.0,0.12200026400387287,4647.903106434271
34480,16,0.9441550970077515,0.671875,0.17550614476203918,128.0,0.12183195259422064,4649.862260713242
34496,16,0.9456018805503845,0.703125,0.16568446159362793,128.0,0.12178491335362196,4651.824297497049
34512,16,0.8933256268501282,0.3828125,0.3320220708847046,128.0,0.12210643291473389,4653.782423279248
34528,16,0.9550540447235107,0.6796875,0.14982889592647552,128.0,0.12187438271939754,4655.743927616626
34544,16,0.9597800970077515,0.6953125,0.15447837114334106,128.0,0.122039251960814,4657.706731339917
34560,16,0.9604552984237671,0.75,0.13829833269119263,128.0,0.12192255072295666,4659.664944369346
34576,16,0.9116512537002563,0.3984375,0.3185797333717346,128.0,0.1218393724411726,4661.623558356427
34592,16,0.9424189925193787,0.65625,0.188023641705513,128.0,0.12208930216729641,4663.582198869437
34608,16,0.9351851940155029,0.5625,0.21865583956241608,128.0,0.12203598115593195,4665.544514867477
34624,16,0.940875768661499,0.671875,0.1794738471508026,128.0,0.12201561126857996,4667.508276431821
34640,16,0.9396219253540039,0.640625,0.19770683348178864,128.0,0.1228812700137496,4669.474569111131
34656,16,0.952064037322998,0.671875,0.1596929430961609,128.0,0.12193293031305075,4671.435430438258
34672,16,0.9339313507080078,0.5390625,0.2284785956144333,128.0,0.12239290121942759,4673.399519361556
34688,16,0.9453125,0.640625,0.18269117176532745,128.0,0.12194584961980581,4675.35972867161
34704,16,0.9314236044883728,0.578125,0.2306261658668518,128.0,0.12221134826540947,4677.321030187421
34720,16,0.9496527910232544,0.671875,0.1713835448026657,128.0,0.12195809930562973,4679.2805426009
34736,16,0.9416473507881165,0.609375,0.20714353024959564,128.0,0.12195547856390476,4681.244090709835
34752,16,0.9161844253540039,0.546875,0.24659480154514313,128.0,0.12190711032599211,4683.210051444359
34768,16,0.9479166865348816,0.6875,0.1633271425962448,128.0,0.12186241894960403,4685.169576996937
34784,16,0.9256365895271301,0.5625,0.2347869724035263,128.0,0.121950788423419,4687.12926750537
34800,16,0.941936731338501,0.6796875,0.1780797690153122,128.0,0.12212260812520981,4689.089011950418
34816,16,0.9437693357467651,0.6015625,0.19876863062381744,128.0,0.12218321766704321,4691.053403160535
34832,16,0.9397183656692505,0.6796875,0.18111200630664825,128.0,0.12207184825092554,4693.021115346812
34848,16,0.927758514881134,0.53125,0.24529653787612915,128.0,0.1218535378575325,4694.980499431491
34864,16,0.9298803806304932,0.59375,0.22116519510746002,128.0,0.12192182801663876,4696.94132236205
34880,16,0.9496527910232544,0.671875,0.16414165496826172,128.0,0.12206441629678011,4698.903174279258
34896,16,0.9471450448036194,0.6328125,0.1711224615573883,128.0,0.12205965723842382,4700.864745153114
34912,16,0.9438657760620117,0.671875,0.17507296800613403,128.0,0.12198381684720516,4702.827883713879
34928,16,0.9501351118087769,0.703125,0.15558460354804993,128.0,0.12212036643177271,4704.787919600494
34944,16,0.9627701044082642,0.7578125,0.1265612542629242,128.0,0.12194456625729799,4706.748199594207
34960,16,0.9461805820465088,0.6328125,0.19873757660388947,128.0,0.12183810770511627,4708.711784773506
34976,16,0.9374035596847534,0.671875,0.19161519408226013,128.0,0.12197302561253309,4710.671096539125
34992,16,0.9111689925193787,0.4921875,0.2702499032020569,128.0,0.12209443468600512,4712.630640744232
35008,16,0.9294946193695068,0.609375,0.214175283908844,128.0,0.12195142637938261,4714.9309153184295
35024,16,0.922935962677002,0.5078125,0.27370893955230713,128.0,0.12175188586115837,4716.887376095168
35040,16,0.9402006268501282,0.6796875,0.1868516355752945,128.0,0.12179701495915651,4718.84441947937
35056,16,0.9350887537002563,0.5859375,0.22081491351127625,128.0,0.12229001428931952,4720.805107058957
35072,16,0.9539930820465088,0.734375,0.14848753809928894,128.0,0.12187620531767607,4722.76688189432
35088,16,0.942804753780365,0.65625,0.18565821647644043,128.0,0.12193071469664574,4724.728028126061
35104,16,0.9467592239379883,0.6484375,0.17153878509998322,128.0,0.12195698451250792,4726.688406086527
35120,16,0.9153163433074951,0.546875,0.26099878549575806,128.0,0.12173616513609886,4728.648971882649
35136,16,0.9401041865348816,0.6328125,0.1948835402727127,128.0,0.12187964469194412,4730.606399956159
35152,16,0.9413579702377319,0.6328125,0.19419290125370026,128.0,0.12181294430047274,4732.563293506391
35168,16,0.9333526492118835,0.59375,0.22483906149864197,128.0,0.12183085177093744,4751.094793281518
35184,16,0.9519675970077515,0.6875,0.1589513123035431,128.0,0.12183181196451187,4753.052992428653
35200,16,0.9432870149612427,0.65625,0.20025095343589783,128.0,0.12172264140099287,4755.0105253029615
35216,16,0.944251537322998,0.6796875,0.1856447011232376,128.0,0.12192319240421057,4756.970136422664
35232,16,0.9342206716537476,0.625,0.2159896045923233,128.0,0.12197253108024597,4758.929015939124
35248,16,0.9407793283462524,0.6953125,0.18594878911972046,128.0,0.1218539010733366,4760.887401403859
35264,16,0.9413580298423767,0.625,0.19704456627368927,128.0,0.12194593250751495,4762.847429765388
35280,16,0.9526427984237671,0.703125,0.15636706352233887,128.0,0.12204454094171524,4764.811010381207
35296,16,0.9080826044082642,0.375,0.31971195340156555,128.0,0.12301353085786104,4766.771724525839
35312,16,0.9523534178733826,0.71875,0.15892308950424194,128.0,0.12164594139903784,4768.735676556826
35328,16,0.9197530746459961,0.4609375,0.2709338366985321,128.0,0.12182391993701458,4770.695211544633
35344,16,0.9589120149612427,0.75,0.13338486850261688,128.0,0.1216989504173398,4772.653825591318
35360,16,0.9186921119689941,0.515625,0.2907775640487671,128.0,0.1218531895428896,4774.616487492807
35376,16,0.9452160596847534,0.6953125,0.16439592838287354,128.0,0.12173528969287872,4776.576737062074
35392,16,0.9420331716537476,0.6328125,0.2015160322189331,128.0,0.12183530069887638,4778.536556749605
35408,16,0.9427083730697632,0.703125,0.17683057487010956,128.0,0.12167157884687185,4780.493718763813
35424,16,0.9319058656692505,0.5859375,0.23420614004135132,128.0,0.12312092818319798,4782.454521604814
35440,16,0.941936731338501,0.6328125,0.18767309188842773,128.0,0.12228413950651884,4784.4342216150835
35456,16,0.9104938507080078,0.4609375,0.29064053297042847,128.0,0.12193241808563471,4786.39769939892
35472,16,0.9587191343307495,0.7421875,0.1365843266248703,128.0,0.1220533587038517,4788.367615877651
35488,16,0.9723186492919922,0.8125,0.09979978948831558,128.0,0.12210731860250235,4790.3365621026605
35504,16,0.9423224925994873,0.6328125,0.19069844484329224,128.0,0.1219057273119688,4792.303799925372
35520,16,0.9522569179534912,0.75,0.14378096163272858,128.0,0.12176474742591381,4794.263753318228
35536,16,0.9403935670852661,0.5625,0.21200679242610931,128.0,0.12201055698096752,4796.223469398916
35552,16,0.9443479776382446,0.6484375,0.18566033244132996,128.0,0.122347516939044,4798.187590344809
35568,16,0.9228395223617554,0.5546875,0.24609719216823578,128.0,0.1220308169722557,4800.150054348633
35584,16,0.9490740895271301,0.7109375,0.16895370185375214,128.0,0.12190391682088375,4802.123206315562
35600,16,0.9413579702377319,0.640625,0.19033877551555634,128.0,0.1220798771828413,4804.082942634821
35616,16,0.9673032760620117,0.7890625,0.11629942804574966,128.0,0.12189152650535107,4806.042734129354
35632,16,0.9501349925994873,0.6328125,0.18407908082008362,128.0,0.12178795598447323,4808.004660101607
35648,16,0.9283372163772583,0.625,0.21675366163253784,128.0,0.12186436634510756,4809.964809771627
35664,16,0.9175347089767456,0.515625,0.2595539391040802,128.0,0.12209301628172398,4811.922620440833
35680,16,0.941936731338501,0.65625,0.19354817271232605,128.0,0.1220245361328125,4813.887083352543
35696,16,0.9334490895271301,0.578125,0.22731353342533112,128.0,0.12181668449193239,4815.845793925226
35712,16,0.947820246219635,0.671875,0.174918532371521,128.0,0.12271073460578918,4817.804030154832
35728,16,0.9530285596847534,0.703125,0.16922752559185028,128.0,0.12175123672932386,4819.762157642283
35744,16,0.9421296119689941,0.6796875,0.1855274736881256,128.0,0.12174115609377623,4821.721221926622
35760,16,0.9389467835426331,0.625,0.19702555239200592,128.0,0.12202196475118399,4823.682844936848
35776,16,0.948688268661499,0.6953125,0.165229931473732,128.0,0.12193063367158175,4825.642125574872
35792,16,0.9492669701576233,0.71875,0.16598089039325714,128.0,0.1219644844532013,4827.6015987508
35808,16,0.9418402910232544,0.625,0.20205532014369965,128.0,0.12184674572199583,4829.5603834548965
35824,16,0.9313271641731262,0.59375,0.21267008781433105,128.0,0.12186041474342346,4831.51828054525
35840,16,0.9655671119689941,0.71875,0.13487659394741058,128.0,0.12187461461871862,4833.475919753313
35856,16,0.9308449029922485,0.5859375,0.21288126707077026,128.0,0.12181238457560539,4835.436933518387
35872,16,0.9597800970077515,0.7734375,0.1336277723312378,128.0,0.1218736544251442,4837.395088241436
35888,16,0.9368248581886292,0.59375,0.21292515099048615,128.0,0.12182073388248682,4839.353200091049
35904,16,0.9276620745658875,0.5234375,0.24839366972446442,128.0,0.12178565468639135,4841.315279887058
35920,16,0.9502314329147339,0.6953125,0.15950144827365875,128.0,0.1218514945358038,4843.279420540668
35936,16,0.9327739477157593,0.546875,0.22808818519115448,128.0,0.12190204299986362,4845.239079771563
35952,16,0.9244791865348816,0.5390625,0.2361857295036316,128.0,0.12177772261202335,4847.19846693147
35968,16,0.9354745149612427,0.5625,0.22176414728164673,128.0,0.12217793334275484,4849.16715753451
35984,16,0.9310377836227417,0.640625,0.20397251844406128,128.0,0.12193775177001953,4851.127813578583
36000,16,0.9510995149612427,0.640625,0.18581745028495789,128.0,0.12178619299083948,4853.0876050191
36016,16,0.9501350522041321,0.7265625,0.15325479209423065,128.0,0.12179757282137871,4855.4227755423635
36032,16,0.9276620149612427,0.5390625,0.2629925012588501,128.0,0.12281260266900063,4857.382346937433
36048,16,0.9639275074005127,0.78125,0.11624124646186829,128.0,0.1217630822211504,4859.342099081725
36064,16,0.9445408582687378,0.640625,0.20839038491249084,128.0,0.1219077417626977,4861.300488552079
36080,16,0.9523533582687378,0.6953125,0.15883350372314453,128.0,0.12451067939400673,4863.264709808864
36096,16,0.9059606194496155,0.4296875,0.31218773126602173,128.0,0.12178303208202124,4865.2217967053875
36112,16,0.949749231338501,0.71875,0.16439825296401978,128.0,0.12182402238249779,4867.179862699471
36128,16,0.9172453880310059,0.578125,0.24274741113185883,128.0,0.12176346220076084,4869.136687871069
36144,16,0.9510995149612427,0.7109375,0.17242494225502014,128.0,0.12179090082645416,4871.094656850211
36160,16,0.9647955298423767,0.78125,0.1205708459019661,128.0,0.12193980161100626,4873.052563606761
36176,16,0.9578510522842407,0.7265625,0.15232053399085999,128.0,0.12185810226947069,4875.013762619346
36192,16,0.964313268661499,0.7421875,0.12823891639709473,128.0,0.12212883122265339,4876.978948717937
36208,16,0.9496527910232544,0.6640625,0.1728902906179428,128.0,0.12325883004814386,4878.943265683949
36224,16,0.9181134700775146,0.53125,0.24206675589084625,128.0,0.1218714714050293,4880.909167348407
36240,16,0.9500386118888855,0.71875,0.16663098335266113,128.0,0.12188234180212021,4882.871237621643
36256,16,0.9431905746459961,0.6640625,0.18456058204174042,128.0,0.12188476044684649,4884.836994979531
36272,16,0.9627701044082642,0.734375,0.13017749786376953,128.0,0.12190586980432272,4886.794047029689
36288,16,0.9608410596847534,0.765625,0.12852582335472107,128.0,0.1218329006806016,4888.756402484141
36304,16,0.8929398059844971,0.4140625,0.33560195565223694,128.0,0.12178984005004168,4890.713953839615
36320,16,0.953703761100769,0.7109375,0.15181054174900055,128.0,0.12171114981174469,4892.671593191102
36336,16,0.9564043283462524,0.734375,0.14429929852485657,128.0,0.12180469837039709,4894.628955561668
36352,16,0.9445408582687378,0.6875,0.17932143807411194,128.0,0.12188286893069744,4896.59831857495
36368,16,0.9603587985038757,0.6953125,0.14703941345214844,128.0,0.12215539906173944,4898.562450407073
36384,16,0.9388503432273865,0.6015625,0.2141188234090805,128.0,0.12192266900092363,4900.521384179592
36400,16,0.9262152910232544,0.546875,0.25093135237693787,128.0,0.12313820794224739,4902.497036833316
36416,16,0.9576581716537476,0.7421875,0.14435699582099915,128.0,0.12190038897097111,4904.4568252414465
36432,16,0.9538966417312622,0.640625,0.16030435264110565,128.0,0.12194012850522995,4906.420486454852
36448,16,0.9287229776382446,0.5859375,0.20980069041252136,128.0,0.12179033923894167,4908.3882326651365
36464,16,0.9155092239379883,0.453125,0.298175573348999,128.0,0.12180983927100897,4910.351083854213
36480,16,0.9560185074806213,0.71875,0.1517215371131897,128.0,0.12174508813768625,4912.3089532628655
36496,16,0.9266011118888855,0.640625,0.23308002948760986,128.0,0.12183763831853867,4914.2670502197
36512,16,0.9515818357467651,0.65625,0.17477062344551086,128.0,0.12180278822779655,4916.228514622897
36528,16,0.9655671119689941,0.78125,0.11523274332284927,128.0,0.12214756850153208,4918.1863973541185
36544,16,0.9413580298423767,0.6640625,0.18407785892486572,128.0,0.12205127812922001,4920.145686023869
36560,16,0.9729938507080078,0.796875,0.10122405737638474,128.0,0.12182113714516163,4922.108116119169
36576,16,0.9641203880310059,0.7265625,0.13641774654388428,128.0,0.12183899711817503,4924.066289343871
36592,16,0.9515817761421204,0.65625,0.17908881604671478,128.0,0.1219930574297905,4926.028373545967
36608,16,0.9692322611808777,0.75,0.1156366840004921,128.0,0.12198137678205967,4927.989334424958
36624,16,0.9620949029922485,0.7421875,0.1345607340335846,128.0,0.12211856711655855,4929.951488151215
36640,16,0.9615162014961243,0.71875,0.14654964208602905,128.0,0.12203747685998678,4931.914864135906
36656,16,0.9495563507080078,0.65625,0.18549731373786926,128.0,0.12206217646598816,4933.882499235682
36672,16,0.9510030746459961,0.6796875,0.1603432148694992,128.0,0.12189026642590761,4935.8436644058675
36688,16,0.9500385522842407,0.75,0.14918678998947144,128.0,0.12194371595978737,4937.80345072411
36704,16,0.9525462985038757,0.71875,0.15333157777786255,128.0,0.12186691723763943,4939.762865641154
36720,16,0.9240933656692505,0.53125,0.24132099747657776,128.0,0.1219030860811472,4941.724213055335
36736,16,0.9547646641731262,0.6875,0.16403311491012573,128.0,0.12189029622823,4943.682678738609
36752,16,0.949749231338501,0.7265625,0.1594800502061844,128.0,0.12179312575608492,4945.640762149356
36768,16,0.9608410596847534,0.71875,0.14196108281612396,128.0,0.12175580579787493,4947.598603738472
36784,16,0.933256208896637,0.6171875,0.21241769194602966,128.0,0.12171718571335077,4949.555986365303
36800,16,0.952256977558136,0.7109375,0.158155158162117,128.0,0.12196207605302334,4951.513479220681
36816,16,0.9192708730697632,0.5234375,0.2535321116447449,128.0,0.12184442486613989,4953.471447672695
36832,16,0.9700038433074951,0.78125,0.10351378470659256,128.0,0.12195980548858643,4955.430738822557
36848,16,0.9421296715736389,0.59375,0.20618760585784912,128.0,0.12206151615828276,4957.406208173372
36864,16,0.9445409178733826,0.6875,0.1802690327167511,128.0,0.12228459492325783,4959.3777838731185
36880,16,0.9338349103927612,0.5859375,0.21356689929962158,128.0,0.12196625396609306,4961.338554936461
36896,16,0.9345099925994873,0.6171875,0.20938201248645782,128.0,0.1219171155244112,4963.304877314717
36912,16,0.9328703880310059,0.5703125,0.25025278329849243,128.0,0.12189086433500051,4965.265543033369
36928,16,0.9421296119689941,0.7109375,0.16966068744659424,128.0,0.12192137446254492,4967.229222918861
36944,16,0.9350887537002563,0.640625,0.20390000939369202,128.0,0.1217873739078641,4969.193370591849
36960,16,0.9362461566925049,0.6171875,0.20337960124015808,128.0,0.1228517834097147,4971.163457799703
36976,16,0.9418402910232544,0.6484375,0.1900993436574936,128.0,0.12214340455830097,4973.131779566407
36992,16,0.8939043283462524,0.421875,0.3285050690174103,128.0,0.12205406464636326,4975.098085642792
37008,16,0.9600694179534912,0.75,0.13017608225345612,128.0,0.1220640642568469,4977.401010461152
37024,16,0.941068708896637,0.625,0.20457275211811066,128.0,0.12195779383182526,4979.368000712246
37040,16,0.9510030746459961,0.6953125,0.1644655019044876,128.0,0.12238451279699802,4981.342382217757
37056,16,0.9333526492118835,0.5859375,0.22858141362667084,128.0,0.12181425280869007,4983.3083162354305
37072,16,0.961998462677002,0.734375,0.13935883343219757,128.0,0.12220068275928497,4985.279148338363
37088,16,0.9671103954315186,0.7265625,0.13741016387939453,128.0,0.12207290343940258,4987.247112611309
37104,16,0.9646990895271301,0.7890625,0.12147686630487442,128.0,0.12187359295785427,4989.208242945373
37120,16,0.9147377014160156,0.53125,0.263156920671463,128.0,0.12190108187496662,5007.78647130914
37136,16,0.9565972089767456,0.75,0.14080855250358582,128.0,0.12232479080557823,5009.7542438693345
37152,16,0.904321014881134,0.421875,0.3172353208065033,128.0,0.12200022023171186,5011.726631766185
37168,16,0.9696180820465088,0.8046875,0.10187453776597977,128.0,0.12179387267678976,5013.689321474172
37184,16,0.9728009700775146,0.7734375,0.11523591727018356,128.0,0.12203388102352619,5015.652504351921
37200,16,0.9436728954315186,0.625,0.18643921613693237,128.0,0.12298967968672514,5017.628868979402
37216,16,0.9428048133850098,0.6015625,0.20693984627723694,128.0,0.12199144158512354,5019.594736911356
37232,16,0.9588155746459961,0.7578125,0.13902099430561066,128.0,0.1218595914542675,5021.552603664808
37248,16,0.941068708896637,0.6171875,0.20831875503063202,128.0,0.1219033095985651,5023.510452956893
37264,16,0.9727044105529785,0.828125,0.09977121651172638,128.0,0.1217968612909317,5025.468757626601
37280,16,0.980806291103363,0.8515625,0.07523857802152634,128.0,0.12190720159560442,5027.429861193523
37296,16,0.9460840821266174,0.625,0.18078476190567017,128.0,0.12178708985447884,5029.390280417167
37312,16,0.9440586566925049,0.71875,0.17463751137256622,128.0,0.12175331171602011,5031.348669229075
37328,16,0.9728009104728699,0.78125,0.10870316624641418,128.0,0.12195827066898346,5033.311602419242
37344,16,0.9297839403152466,0.6171875,0.22290389239788055,128.0,0.1219078404828906,5035.27089265082
37360,16,0.9581404328346252,0.734375,0.14489710330963135,128.0,0.12331240903586149,5037.238768744282
37376,16,0.9500385522842407,0.6640625,0.17720332741737366,128.0,0.12173455022275448,5039.209314616397
37392,16,0.9567900896072388,0.71875,0.1537064164876938,128.0,0.12182905990630388,5041.166206982918
37408,16,0.9652777910232544,0.734375,0.13138584792613983,128.0,0.12197400070726871,5043.124134766869
37424,16,0.9340277910232544,0.625,0.2090754359960556,128.0,0.12186495959758759,5045.082370328717
37440,16,0.9529321193695068,0.703125,0.1550336331129074,128.0,0.12196524906903505,5047.041545428336
37456,16,0.9458912014961243,0.640625,0.18777692317962646,128.0,0.12202041875571012,5049.003624104895
37472,16,0.9601659178733826,0.75,0.13386179506778717,128.0,0.12195442896336317,5050.963646910153
37488,16,0.9515817761421204,0.71875,0.150915265083313,128.0,0.12205797899514437,5052.925168973394
37504,16,0.9610339403152466,0.7578125,0.13870032131671906,128.0,0.12182917911559343,5054.883894446306
37520,16,0.9299768209457397,0.625,0.2098667174577713,128.0,0.12181470915675163,5056.845244536176
37536,16,0.9423225522041321,0.6640625,0.1992291659116745,128.0,0.1219537490978837,5058.803894586861
37552,16,0.9148341417312622,0.515625,0.2575722336769104,128.0,0.12202389724552631,5060.76560252253
37568,16,0.9614197611808777,0.7578125,0.12572714686393738,128.0,0.12220069952309132,5062.725855768658
37584,16,0.954764723777771,0.703125,0.16158568859100342,128.0,0.12211420759558678,5064.69236032851
37600,16,0.9609375,0.7578125,0.1275147944688797,128.0,0.12201621942222118,5066.653300940059
37616,16,0.9395254850387573,0.5390625,0.2354249209165573,128.0,0.12183392886072397,5068.618099508807
37632,16,0.9518711566925049,0.6953125,0.1678856611251831,128.0,0.12193382810801268,5070.58792995289
37648,16,0.9441550970077515,0.5546875,0.21424832940101624,128.0,0.12188909947872162,5072.549566098489
37664,16,0.9725115299224854,0.859375,0.08812447637319565,128.0,0.12192640826106071,5074.512202442624
37680,16,0.9544753432273865,0.65625,0.18893173336982727,128.0,0.12250158842653036,5076.479807682335
37696,16,0.9523533582687378,0.75,0.15299981832504272,128.0,0.12195775751024485,5078.440805233084
37712,16,0.9526427388191223,0.6953125,0.15687446296215057,128.0,0.12181772850453854,5080.404320272617
37728,16,0.9600694179534912,0.7109375,0.14350970089435577,128.0,0.1224639667198062,5082.366704499349
37744,16,0.947820246219635,0.6171875,0.1962466835975647,128.0,0.12218564748764038,5084.328471075743
37760,16,0.9648920297622681,0.7734375,0.1137615293264389,128.0,0.1222542179748416,5086.292464249767
37776,16,0.9502315521240234,0.625,0.18536438047885895,128.0,0.12188036739826202,5088.256322921254
37792,16,0.9338349103927612,0.6328125,0.20029431581497192,128.0,0.12218457646667957,5090.2175406022
37808,16,0.9461805820465088,0.6953125,0.16350381076335907,128.0,0.12203396670520306,5092.182611220516
37824,16,0.9444444179534912,0.671875,0.17520424723625183,128.0,0.12328988686203957,5094.145243878476
37840,16,0.9606481790542603,0.7890625,0.12458949536085129,128.0,0.12203246727585793,5096.110641432926
37856,16,0.9274691343307495,0.5703125,0.24364274740219116,128.0,0.12176651693880558,5098.071728297509
37872,16,0.9506173133850098,0.6953125,0.16222766041755676,128.0,0.12185818701982498,5100.031112502329
37888,16,0.953125,0.6796875,0.164714053273201,128.0,0.12185293715447187,5101.989997485653
37904,16,0.9734761118888855,0.8046875,0.0990205854177475,128.0,0.12181385606527328,5103.954787853174
37920,16,0.9532214403152466,0.703125,0.16509394347667694,128.0,0.12185924593359232,5105.917881421745
37936,16,0.9625771641731262,0.7421875,0.11922840029001236,128.0,0.12206528522074223,5107.87705096975
37952,16,0.9413580298423767,0.609375,0.20401321351528168,128.0,0.12263386603444815,5109.844855132513
37968,16,0.9538002014160156,0.7265625,0.165261909365654,128.0,0.12196067627519369,5111.814261382446
37984,16,0.9551504850387573,0.71875,0.16008120775222778,128.0,0.1230091555044055,5113.781933381222
38000,16,0.9706790447235107,0.7890625,0.10318198800086975,128.0,0.12202771473675966,5115.758940253407
38016,16,0.9375964999198914,0.6328125,0.19647392630577087,128.0,0.12322619464248419,5118.08451868128
38032,16,0.9402970671653748,0.640625,0.19604143500328064,128.0,0.12295872438699007,5120.0506292860955
38048,16,0.9347994327545166,0.59375,0.2249472588300705,128.0,0.12177279591560364,5122.0152963018045
38064,16,0.9555362462997437,0.7265625,0.1436828225851059,128.0,0.12186975590884686,5123.978019074537
38080,16,0.9539930820465088,0.75,0.1481323540210724,128.0,0.12177976500242949,5125.939623967744
38096,16,0.9768518209457397,0.8125,0.09240923076868057,128.0,0.12213264591991901,5127.90243615862
38112,16,0.9483025074005127,0.65625,0.174028679728508,128.0,0.1228878553956747,5129.869618294761
38128,16,0.9630594253540039,0.7578125,0.12908221781253815,128.0,0.12269043363630772,5131.839430999942
38144,16,0.9572723507881165,0.71875,0.15070673823356628,128.0,0.12233536504209042,5133.803734334186
38160,16,0.9425154328346252,0.6328125,0.19446660578250885,128.0,0.12293300498276949,5135.777664553374
38176,16,0.9591049551963806,0.734375,0.1407051980495453,128.0,0.12209759559482336,5137.750463121571
38192,16,0.9599729776382446,0.7421875,0.14394408464431763,128.0,0.12187094520777464,5139.713567452505
38208,16,0.9633487462997437,0.7578125,0.12049178779125214,128.0,0.12236803397536278,5141.683447849937
38224,16,0.9321951866149902,0.5703125,0.23366346955299377,128.0,0.12221305444836617,5143.648835906759
38240,16,0.9409722089767456,0.6796875,0.18511848151683807,128.0,0.12225744407624006,5145.617804140784
38256,16,0.9558256268501282,0.703125,0.1623714417219162,128.0,0.12307287380099297,5147.587993512861
38272,16,0.9722222089767456,0.828125,0.09500966221094131,128.0,0.12201465480029583,5149.5557490848005
38288,16,0.9376928806304932,0.6328125,0.1990513801574707,128.0,0.12189401406794786,5151.518138667569
38304,16,0.9750192761421204,0.7734375,0.10865436494350433,128.0,0.12187199387699366,5153.479380179197
38320,16,0.9675925970077515,0.765625,0.12027625739574432,128.0,0.1218825951218605,5155.43974075187
38336,16,0.9380787014961243,0.6328125,0.20574726164340973,128.0,0.12240678258240223,5157.409684966318
38352,16,0.9347993731498718,0.6484375,0.20346589386463165,128.0,0.12172283418476582,5159.373288062401
38368,16,0.9604552984237671,0.75,0.13119548559188843,128.0,0.12166226282715797,5161.3354865396395
38384,16,0.9436728954315186,0.6328125,0.1998300403356552,128.0,0.1218223525211215,5163.293348585255
38400,16,0.9548611044883728,0.7421875,0.14923465251922607,128.0,0.1218944638967514,5165.253239470534
38416,16,0.9411651492118835,0.59375,0.20899315178394318,128.0,0.12275184318423271,5167.217737391591
38432,16,0.953125,0.71875,0.14735712110996246,128.0,0.12189158424735069,5169.1864170385525
38448,16,0.9507137537002563,0.6875,0.1679556667804718,128.0,0.12324655242264271,5171.153777804226
38464,16,0.9649884700775146,0.8046875,0.10581164807081223,128.0,0.12188040278851986,5173.11944906041
38480,16,0.9616126418113708,0.75,0.13404852151870728,128.0,0.12188944313675165,5175.07898495812
38496,16,0.9604552388191223,0.7578125,0.13358546793460846,128.0,0.12193126324564219,5177.038216445595
38512,16,0.9528356790542603,0.6875,0.16978707909584045,128.0,0.12190226279199123,5178.999128869735
38528,16,0.9420331716537476,0.65625,0.18734396994113922,128.0,0.12195157259702682,5180.961683591828
38544,16,0.9470486640930176,0.6484375,0.18311551213264465,128.0,0.12207392323762178,5182.924156372435
38560,16,0.9636381268501282,0.734375,0.13939130306243896,128.0,0.12181541230529547,5184.887072861195
38576,16,0.9593943357467651,0.7421875,0.1446661800146103,128.0,0.12182421237230301,5186.8449623622
38592,16,0.9459876418113708,0.6640625,0.1771506518125534,128.0,0.1218543816357851,5188.803764830343
38608,16,0.9635416269302368,0.8046875,0.11250476539134979,128.0,0.12207750137895346,5190.762693308294
38624,16,0.9416474103927612,0.5546875,0.22135253250598907,128.0,0.12176274228841066,5192.721387294121
38640,16,0.9703896641731262,0.8046875,0.09978017210960388,128.0,0.12196817249059677,5194.680721879937
38656,16,0.9515817761421204,0.6640625,0.16753916442394257,128.0,0.12205823231488466,5196.644618120976
38672,16,0.9630594253540039,0.796875,0.12138247489929199,128.0,0.12202906142920256,5198.611405107193
38688,16,0.9526427984237671,0.671875,0.1661936342716217,128.0,0.12187565211206675,5200.573603356257
38704,16,0.9623842835426331,0.7734375,0.13033685088157654,128.0,0.12189580127596855,5202.531730876304
38720,16,0.9301697611808777,0.5625,0.23238633573055267,128.0,0.12186604272574186,5204.49203436356
38736,16,0.9459876418113708,0.6640625,0.17918632924556732,128.0,0.12189464271068573,5206.450376641937
38752,16,0.9583333134651184,0.6875,0.15260569751262665,128.0,0.1217391723766923,5208.40865693707
38768,16,0.9584298133850098,0.7265625,0.14385798573493958,128.0,0.12199830077588558,5210.3744330480695
38784,16,0.9686535596847534,0.828125,0.10386483371257782,128.0,0.12189592141658068,5212.334441350773
38800,16,0.9561149477958679,0.734375,0.1419965624809265,128.0,0.12196448165923357,5214.29323113244
38816,16,0.9568865299224854,0.75,0.13996876776218414,128.0,0.12188672181218863,5216.252483872697
38832,16,0.9426119327545166,0.6484375,0.1834850013256073,128.0,0.12185123097151518,5218.211697181687
38848,16,0.9540895223617554,0.7578125,0.16209709644317627,128.0,0.12204376142472029,5220.170915109105
38864,16,0.9606481790542603,0.734375,0.13543067872524261,128.0,0.12189687136560678,5222.1296293661
38880,16,0.9209104776382446,0.578125,0.24589818716049194,128.0,0.12175285164266825,5224.087952222675
38896,16,0.9633487462997437,0.7734375,0.1193448007106781,128.0,0.12184868101030588,5226.054529062472
38912,16,0.9771412014961243,0.8046875,0.09347403049468994,128.0,0.12198164034634829,5228.017635383643
38928,16,0.9338349103927612,0.5703125,0.21824277937412262,128.0,0.12181754224002361,5229.979375473224
38944,16,0.9608410596847534,0.71875,0.12738394737243652,128.0,0.12185969948768616,5231.9378059934825
38960,16,0.9396219253540039,0.6171875,0.20295797288417816,128.0,0.12185207102447748,5233.896772863343
38976,16,0.9638310074806213,0.7265625,0.13229188323020935,128.0,0.12189933005720377,5235.859910208732
38992,16,0.9384645223617554,0.6171875,0.1929161697626114,128.0,0.12190251983702183,5237.822204313241
39008,16,0.952064037322998,0.65625,0.17022356390953064,128.0,0.1220899410545826,5240.124701884575
39024,16,0.9521604776382446,0.71875,0.1535145789384842,128.0,0.12182559072971344,5242.0837702881545
39040,16,0.9306520223617554,0.609375,0.2154679000377655,128.0,0.12193746957927942,5244.042163821869
39056,16,0.9630594253540039,0.765625,0.12491752952337265,128.0,0.12191889993846416,5246.001012183726
39072,16,0.9516782760620117,0.6953125,0.15915769338607788,128.0,0.12204818986356258,5264.526105821133
39088,16,0.9609375,0.765625,0.12754808366298676,128.0,0.12180875893682241,5266.486772970296
39104,16,0.9601658582687378,0.78125,0.12915366888046265,128.0,0.12184813898056746,5268.444681969471
39120,16,0.9635416269302368,0.796875,0.11823169887065887,128.0,0.12182856909930706,5270.402926277369
39136,16,0.9435763955116272,0.5859375,0.20143018662929535,128.0,0.12174534983932972,5272.364405762404
39152,16,0.9832175970077515,0.875,0.07220440357923508,128.0,0.12163420859724283,5274.321365808137
39168,16,0.9500385522842407,0.6796875,0.161353200674057,128.0,0.12170829903334379,5276.278394323774
39184,16,0.9522569179534912,0.6953125,0.16307997703552246,128.0,0.12202130816876888,5278.235518857837
39200,16,0.941068708896637,0.671875,0.17958888411521912,128.0,0.12243345845490694,5280.193597629666
39216,16,0.967689037322998,0.75,0.11788734048604965,128.0,0.12175245862454176,5282.157990137115
39232,16,0.9523533582687378,0.6953125,0.1610904037952423,128.0,0.12188211921602488,5284.117709216662
39248,16,0.9571759104728699,0.765625,0.1279793381690979,128.0,0.12190554849803448,5286.075932045467
39264,16,0.9289159774780273,0.6015625,0.21777714788913727,128.0,0.12183749955147505,5288.0342403221875
39280,16,0.9484953880310059,0.71875,0.16880382597446442,128.0,0.12190888915210962,5289.992175639607
39296,16,0.9603588581085205,0.7265625,0.12953586876392365,128.0,0.12177962902933359,5291.948614016175
39312,16,0.954185962677002,0.765625,0.1402098834514618,128.0,0.12170467898249626,5293.905429511331
39328,16,0.9586226940155029,0.71875,0.1396351307630539,128.0,0.12182166986167431,5295.863351165317
39344,16,0.9335455298423767,0.5546875,0.2254120409488678,128.0,0.12183186784386635,5297.821199887432
39360,16,0.9604552388191223,0.75,0.13235890865325928,128.0,0.12176900915801525,5299.7820954872295
39376,16,0.9468557238578796,0.6640625,0.18701070547103882,128.0,0.12171581853181124,5301.739981628954
39392,16,0.9503279328346252,0.7265625,0.15420247614383698,128.0,0.123746857047081,5303.7098487904295
39408,16,0.9525462985038757,0.7109375,0.1640252321958542,128.0,0.12188552785664797,5305.6815869109705
39424,16,0.9579475522041321,0.7578125,0.1347416639328003,128.0,0.12262084800750017,5307.64446894452
39440,16,0.9298804402351379,0.609375,0.22735920548439026,128.0,0.12406143639236689,5309.614194973372
39456,16,0.9760802388191223,0.8359375,0.08793356269598007,128.0,0.12203977815806866,5311.588619608432
39472,16,0.9646990299224854,0.7265625,0.1319112479686737,128.0,0.12269883789122105,5313.550728970207
39488,16,0.9245756268501282,0.4921875,0.2553769648075104,128.0,0.12212091777473688,5315.51536508929
39504,16,0.9805170297622681,0.859375,0.07585451751947403,128.0,0.12228484638035297,5317.479671437293
39520,16,0.9739583134651184,0.7890625,0.10602512955665588,128.0,0.12273430731147528,5319.44393761456
39536,16,0.9764660596847534,0.8046875,0.09645624458789825,128.0,0.12226378731429577,5321.406507761218
39552,16,0.9487847685813904,0.6484375,0.18925562500953674,128.0,0.12264100648462772,5323.375017744489
39568,16,0.9395254850387573,0.609375,0.2024046629667282,128.0,0.12184005789458752,5325.3396392976865
39584,16,0.9550540447235107,0.7265625,0.1461188793182373,128.0,0.12178246676921844,5327.299450703897
39600,16,0.9406828880310059,0.59375,0.2099831998348236,128.0,0.12183022685348988,5329.259421718307
39616,16,0.9792631268501282,0.84375,0.07890911400318146,128.0,0.12192925717681646,5331.223017629236
39632,16,0.9424189925193787,0.6171875,0.20881664752960205,128.0,0.12179109826683998,5333.185929200612
39648,16,0.9616127014160156,0.78125,0.1190914735198021,128.0,0.12324483692646027,5335.146448941901
39664,16,0.9702932238578796,0.796875,0.1074269488453865,128.0,0.12195822689682245,5337.108562240377
39680,16,0.9667245745658875,0.8359375,0.10968728363513947,128.0,0.12211032677441835,5339.072229287587
39696,16,0.9595871567726135,0.7265625,0.13964411616325378,128.0,0.12219715677201748,5341.033354115672
39712,16,0.9599729776382446,0.7578125,0.12899699807167053,128.0,0.12192325759679079,5342.99643535167
39728,16,0.9569830298423767,0.7109375,0.15449394285678864,128.0,0.12192682735621929,5344.956646027975
39744,16,0.9440586566925049,0.6796875,0.1659681797027588,128.0,0.12195728719234467,5346.917470502667
39760,16,0.9493634700775146,0.6640625,0.17457592487335205,128.0,0.12198089715093374,5348.876990547404
39776,16,0.9657599925994873,0.7578125,0.12209431082010269,128.0,0.12186713702976704,5350.837982290424
39792,16,0.9202353358268738,0.5,0.2642521858215332,128.0,0.1220169672742486,5352.797960023396
39808,16,0.9464699029922485,0.734375,0.15752200782299042,128.0,0.12198188714683056,5354.757188155316
39824,16,0.985435962677002,0.8984375,0.0581129752099514,128.0,0.12197906617075205,5356.725222910754
39840,16,0.9361497163772583,0.5625,0.2134353667497635,128.0,0.12207277584820986,5358.690219227225
39856,16,0.948688268661499,0.7109375,0.16095899045467377,128.0,0.12207433674484491,5360.65711397212
39872,16,0.9657600522041321,0.78125,0.11577478051185608,128.0,0.12218729592859745,5362.618652658537
39888,16,0.9770447015762329,0.859375,0.08079800009727478,128.0,0.12211607582867146,5364.5808083945885
39904,16,0.9509066343307495,0.71875,0.1578986644744873,128.0,0.1219403576105833,5366.546432717703
39920,16,0.9788773059844971,0.8125,0.0899059996008873,128.0,0.12205034587532282,5368.506898331456
39936,16,0.9508101940155029,0.6640625,0.16574381291866302,128.0,0.12202469632029533,5370.469154964201
39952,16,0.9591049551963806,0.71875,0.14842258393764496,128.0,0.12185725755989552,5372.429523287341
39968,16,0.9592013955116272,0.7578125,0.13550983369350433,128.0,0.12192762643098831,5374.401746551506
39984,16,0.9739583730697632,0.8203125,0.10165997594594955,128.0,0.12196622602641582,5376.362034602091
40000,16,0.9604552388191223,0.71875,0.15330088138580322,128.0,0.12354080472141504,5378.324123662896
40016,16,0.9374035596847534,0.625,0.19569291174411774,128.0,0.12185790482908487,5380.638614675961
40032,16,0.9471451044082642,0.6640625,0.1789771318435669,128.0,0.12201747577637434,5382.601196622476
40048,16,0.9599730372428894,0.75,0.13938666880130768,128.0,0.12189797591418028,5384.564915447496
40064,16,0.9680748581886292,0.78125,0.11160175502300262,128.0,0.12180289439857006,5386.527163572609
40080,16,0.9564043283462524,0.6875,0.14804397523403168,128.0,0.12182713579386473,5388.48924475722
40096,16,0.9772376418113708,0.8671875,0.07684022188186646,128.0,0.122009445913136,5390.450115061365
40112,16,0.9110725522041321,0.4140625,0.294792115688324,128.0,0.12281809560954571,5392.413163073361
40128,16,0.9720293283462524,0.8125,0.09901078790426254,128.0,0.12174010556191206,5394.373875725083
40144,16,0.9578510522842407,0.75,0.13146646320819855,128.0,0.12190254498273134,5396.335489566438
40160,16,0.9690393805503845,0.7890625,0.11611071974039078,128.0,0.12181536480784416,5398.293180229142
40176,16,0.9565972089767456,0.7265625,0.14501093327999115,128.0,0.1217543063685298,5400.251448540948
40192,16,0.9667245149612427,0.796875,0.10600750893354416,128.0,0.12174960505217314,5402.209124000743
40208,16,0.9672068357467651,0.75,0.11771745979785919,128.0,0.12187379505485296,5404.167621860281
40224,16,0.9518711566925049,0.734375,0.15297505259513855,128.0,0.12175744492560625,5406.124787979759
40240,16,0.9658564925193787,0.7578125,0.11197131872177124,128.0,0.12182917632162571,5408.085036156699
40256,16,0.9577546119689941,0.78125,0.12657827138900757,128.0,0.12169519439339638,5410.042471573688
40272,16,0.9593943357467651,0.734375,0.1410156488418579,128.0,0.12172001507133245,5412.000970929861
40288,16,0.9401041269302368,0.640625,0.208375483751297,128.0,0.1218868950381875,5413.958476175554
40304,16,0.9728009700775146,0.8125,0.10183846205472946,128.0,0.12231391482055187,5415.927555582486
40320,16,0.9611303806304932,0.765625,0.13143812119960785,128.0,0.12187062483280897,5417.887433785945
40336,16,0.9517747163772583,0.671875,0.1678703874349594,128.0,0.12191660422831774,5419.847584726289
40352,16,0.9672067761421204,0.796875,0.11066770553588867,128.0,0.12189721502363682,5421.810067856684
40368,16,0.9556326866149902,0.7265625,0.16111385822296143,128.0,0.12196575570851564,5423.770158365369
40384,16,0.9320987462997437,0.640625,0.20404794812202454,128.0,0.12187842465937138,5425.730975964107
40400,16,0.96875,0.765625,0.1268654614686966,128.0,0.121916513890028,5427.690210722387
40416,16,0.9682677984237671,0.78125,0.10864651948213577,128.0,0.12183873448520899,5429.650583559647
40432,16,0.9587191343307495,0.6875,0.14814332127571106,128.0,0.12190811429172754,5431.61678885296
40448,16,0.9578510522842407,0.78125,0.12980633974075317,128.0,0.12195791397243738,5433.575524728745
40464,16,0.9504243731498718,0.6640625,0.17542240023612976,128.0,0.12184716481715441,5435.534070874564
40480,16,0.9639275074005127,0.7578125,0.12959513068199158,128.0,0.12194906361401081,5437.493027899414
40496,16,0.9715470671653748,0.8125,0.09623020142316818,128.0,0.12207112461328506,5439.452487913892
40512,16,0.9559220671653748,0.7421875,0.14353086054325104,128.0,0.12201989535242319,5441.413052715361
40528,16,0.9569830298423767,0.6796875,0.1579296886920929,128.0,0.12188441399484873,5443.374991395511
40544,16,0.944251537322998,0.6796875,0.17480848729610443,128.0,0.12191062420606613,5445.333995186724
40560,16,0.9710648059844971,0.78125,0.11388275772333145,128.0,0.12174089439213276,5447.294342356734
40576,16,0.965374231338501,0.7578125,0.12119728326797485,128.0,0.12224878370761871,5449.260482321493
40592,16,0.9451196193695068,0.6953125,0.17310188710689545,128.0,0.12241608370095491,5451.231263223104
40608,16,0.9686535596847534,0.78125,0.11634601652622223,128.0,0.12183231394737959,5453.193450729363
40624,16,0.9570794701576233,0.6953125,0.1562817096710205,128.0,0.1217938344925642,5455.1515097478405
40640,16,0.9673032164573669,0.8203125,0.1019485592842102,128.0,0.12242850288748741,5457.111305163242
40656,16,0.9701967835426331,0.7734375,0.11345705389976501,128.0,0.12191189359873533,5459.074245947413
40672,16,0.9554398059844971,0.6875,0.16769231855869293,128.0,0.12206163350492716,5461.04181106668
40688,16,0.9695215821266174,0.78125,0.10876550525426865,128.0,0.12187001388520002,5463.00083529111
40704,16,0.9514853954315186,0.6796875,0.15502667427062988,128.0,0.1217611338943243,5464.958867085166
40720,16,0.9585262537002563,0.7734375,0.13258028030395508,128.0,0.12179225403815508,5466.921279615723
40736,16,0.9644097089767456,0.78125,0.12166518718004227,128.0,0.1225080331787467,5468.880969307385
40752,16,0.9681713581085205,0.78125,0.1138286143541336,128.0,0.12215869314968586,5470.839670218527
40768,16,0.9411651492118835,0.671875,0.2009897530078888,128.0,0.12196110282093287,5472.80465416424
40784,16,0.9388502836227417,0.6640625,0.1894768476486206,128.0,0.1219284338876605,5474.762969344854
40800,16,0.9728973507881165,0.828125,0.10024597495794296,128.0,0.12267293315380812,5476.735658285208
40816,16,0.9743441343307495,0.8515625,0.08709140121936798,128.0,0.12176221422851086,5478.712005422451
40832,16,0.9669173955917358,0.765625,0.12079979479312897,128.0,0.12185846362262964,5480.6708967499435
40848,16,0.9680748581886292,0.84375,0.10699473321437836,128.0,0.12206365261226892,5482.629244896583
40864,16,0.9666281342506409,0.78125,0.12156545370817184,128.0,0.12222475185990334,5484.5921396305785
40880,16,0.9661458134651184,0.765625,0.12532290816307068,128.0,0.12209881469607353,5486.565430266783
40896,16,0.9604552388191223,0.734375,0.13791488111019135,128.0,0.1219189828261733,5488.5303241461515
40912,16,0.9714506268501282,0.7734375,0.10950415581464767,128.0,0.12194530386477709,5490.491476578638
40928,16,0.9646990299224854,0.75,0.12262367457151413,128.0,0.12209541257470846,5492.45443619974
40944,16,0.9594907760620117,0.71875,0.13821274042129517,128.0,0.1218388732522726,5494.424328574911
40960,16,0.9633487462997437,0.7734375,0.1191636174917221,128.0,0.12185586243867874,5496.384396455251
40976,16,0.9630594253540039,0.765625,0.1209556981921196,128.0,0.12199598364531994,5498.351801870391
40992,16,0.9540895223617554,0.734375,0.14581190049648285,128.0,0.12379736080765724,5500.317614116706
41008,16,0.9656636118888855,0.7265625,0.126718208193779,128.0,0.12198769301176071,5502.628471952863
41024,16,0.9670138955116272,0.7734375,0.11967609822750092,128.0,0.12171657290309668,5521.199999482371
41040,16,0.935571014881134,0.6796875,0.19971346855163574,128.0,0.12185596209019423,5523.157978754491
41056,16,0.9662423133850098,0.796875,0.11457914859056473,128.0,0.12176985200494528,5525.117008235306
41072,16,0.969328761100769,0.8046875,0.10249993205070496,128.0,0.12180693168193102,5527.0861177193
41088,16,0.9432870149612427,0.65625,0.18860897421836853,128.0,0.12182556185871363,5529.046427988447
41104,16,0.9736689925193787,0.8359375,0.08963305503129959,128.0,0.12177909258753061,5531.002862518653
41120,16,0.9635416865348816,0.78125,0.11488156020641327,128.0,0.12178170308470726,5532.963200866245
41136,16,0.9745370149612427,0.84375,0.08726928383111954,128.0,0.12182189058512449,5534.921262303367
41152,16,0.9556326866149902,0.6953125,0.15990233421325684,128.0,0.12176022212952375,5536.8831856399775
41168,16,0.9493634104728699,0.7109375,0.16015557944774628,128.0,0.12182944174855947,5538.849260190502
41184,16,0.9696180820465088,0.84375,0.09565101563930511,128.0,0.1220929715782404,5540.809074755758
41200,16,0.9680748581886292,0.7734375,0.11019495874643326,128.0,0.12204149179160595,5542.777081664652
41216,16,0.9565972089767456,0.7421875,0.1506323218345642,128.0,0.12193363159894943,5544.739230226725
41232,16,0.9797453880310059,0.8671875,0.0839838758111,128.0,0.12230006139725447,5546.701458898373
41248,16,0.9787808656692505,0.84375,0.08866658806800842,128.0,0.12220968119800091,5548.665331137367
41264,16,0.9633487462997437,0.7734375,0.12731195986270905,128.0,0.1221884312108159,5550.626062769443
41280,16,0.9530285596847534,0.703125,0.15757672488689423,128.0,0.12228237092494965,5552.592029426247
41296,16,0.9473379850387573,0.71875,0.15575945377349854,128.0,0.12189479172229767,5554.553128465079
41312,16,0.9559220671653748,0.7578125,0.1379256695508957,128.0,0.12263523135334253,5556.521451059729
41328,16,0.9760802984237671,0.828125,0.08779332786798477,128.0,0.12186370138078928,5558.493701800704
41344,16,0.9469521641731262,0.671875,0.17182523012161255,128.0,0.12192097213119268,5560.46262919344
41360,16,0.9514853358268738,0.703125,0.16272874176502228,128.0,0.12185152061283588,5562.422322141938
41376,16,0.9762731790542603,0.828125,0.08764531463384628,128.0,0.12191557139158249,5564.381571268663
41392,16,0.9649884700775146,0.734375,0.13839924335479736,128.0,0.12233322113752365,5566.345455512404
41408,16,0.9686535596847534,0.8203125,0.10461797565221786,128.0,0.1219244310632348,5568.310760564171
41424,16,0.9429976940155029,0.671875,0.17611491680145264,128.0,0.12192478124052286,5570.271920088679
41440,16,0.9347994327545166,0.6796875,0.18846161663532257,128.0,0.12192344106733799,5572.231430983171
41456,16,0.9631558656692505,0.7578125,0.12767916917800903,128.0,0.12200106028467417,5574.195351214148
41472,16,0.9627701044082642,0.734375,0.14154580235481262,128.0,0.12190609145909548,5576.1590081052855
41488,16,0.9685571193695068,0.8125,0.10145774483680725,128.0,0.12195378076285124,5578.119930777699
41504,16,0.9728974103927612,0.8203125,0.10580070316791534,128.0,0.12194402143359184,5580.0796149894595
41520,16,0.9564043283462524,0.7734375,0.13336069881916046,128.0,0.12211061082780361,5582.040252120234
41536,16,0.9555362462997437,0.6953125,0.159968301653862,128.0,0.12185916118323803,5584.003601088189
41552,16,0.9772377014160156,0.8359375,0.08029648661613464,128.0,0.12187381088733673,5585.9656081572175
41568,16,0.9406828880310059,0.640625,0.20121389627456665,128.0,0.12217729073017836,5587.924391378649
41584,16,0.9659529328346252,0.8046875,0.10802022367715836,128.0,0.12183662131428719,5589.884279827587
41600,16,0.9561150074005127,0.7109375,0.15298260748386383,128.0,0.12195962108671665,5591.843092736788
41616,16,0.9705825448036194,0.8125,0.10642436891794205,128.0,0.12239994015544653,5593.8059239713475
41632,16,0.958429753780365,0.7421875,0.14167781174182892,128.0,0.12191825080662966,5595.772669474594
41648,16,0.9671103358268738,0.8203125,0.10357258468866348,128.0,0.1220675203949213,5597.732262691483
41664,16,0.9402006268501282,0.6640625,0.20837967097759247,128.0,0.12185349129140377,5599.691516637802
41680,16,0.9603587985038757,0.75,0.1308831125497818,128.0,0.12181886099278927,5601.6502740634605
41696,16,0.9319058656692505,0.59375,0.20850764214992523,128.0,0.12238751165568829,5603.610294368118
41712,16,0.9655671119689941,0.8125,0.11183395981788635,128.0,0.1218182509765029,5605.569516412914
41728,16,0.9493634700775146,0.671875,0.17614290118217468,128.0,0.121915721334517,5607.529072476551
41744,16,0.9571759104728699,0.7421875,0.13929212093353271,128.0,0.12185019999742508,5609.487704720348
41760,16,0.9152199029922485,0.5625,0.26663485169410706,128.0,0.12181735038757324,5611.446873972192
41776,16,0.9604552984237671,0.7734375,0.13038693368434906,128.0,0.12194844987243414,5613.406368824653
41792,16,0.9683641791343689,0.796875,0.10834117233753204,128.0,0.12212111987173557,5615.3649487560615
41808,16,0.9514853954315186,0.7109375,0.1604599505662918,128.0,0.12190742045640945,5617.326054786332
41824,16,0.9787808656692505,0.8359375,0.08399476855993271,128.0,0.12196203973144293,5619.28494085744
41840,16,0.9684606790542603,0.75,0.11779219657182693,128.0,0.12183185946196318,5621.243314327672
41856,16,0.9704861044883728,0.78125,0.11117278039455414,128.0,0.12191629037261009,5623.201988907531
41872,16,0.9691358208656311,0.8046875,0.11354798823595047,128.0,0.121791061013937,5625.161148396321
41888,16,0.9670138359069824,0.8515625,0.09865377843379974,128.0,0.12187465000897646,5627.120295514353
41904,16,0.941936731338501,0.609375,0.18768009543418884,128.0,0.12179985083639622,5629.079557131976
41920,16,0.969328761100769,0.828125,0.10245224833488464,128.0,0.12193427979946136,5631.042526206933
41936,16,0.9297839403152466,0.6171875,0.20890361070632935,128.0,0.12189679965376854,5633.002504722215
41952,16,0.9690393209457397,0.8125,0.09531548619270325,128.0,0.12192454002797604,5634.960864789784
41968,16,0.9498456716537476,0.6953125,0.1795811653137207,128.0,0.12194526940584183,5636.91971421428
41984,16,0.9557291865348816,0.7578125,0.13903099298477173,128.0,0.12186895962804556,5638.879067799076
42000,16,0.9793595671653748,0.828125,0.07867638021707535,128.0,0.1219573998823762,5640.83816389367
42016,16,0.9658564925193787,0.8203125,0.10740959644317627,128.0,0.12261767871677876,5643.130789518356
42032,16,0.9564043283462524,0.71875,0.14621713757514954,128.0,0.12199523020535707,5645.093765779398
42048,16,0.9585262537002563,0.78125,0.12434905022382736,128.0,0.12182668969035149,5647.056929879822
42064,16,0.984375,0.8828125,0.06081122159957886,128.0,0.1220226101577282,5649.016232661903
42080,16,0.9649884104728699,0.8125,0.11403972655534744,128.0,0.12279534991830587,5650.998198727146
42096,16,0.9767553806304932,0.8125,0.09109959751367569,128.0,0.1233141589909792,5652.966518272646
42112,16,0.9526427984237671,0.703125,0.15021246671676636,128.0,0.12199405021965504,5654.928998040967
42128,16,0.9600694179534912,0.7109375,0.1392614096403122,128.0,0.12210714910179377,5656.892622867599
42144,16,0.957561731338501,0.703125,0.14376866817474365,128.0,0.12198366038501263,5658.855715584941
42160,16,0.9699074029922485,0.796875,0.10115798562765121,128.0,0.12209390942007303,5660.8253088165075
42176,16,0.9719328880310059,0.8046875,0.11163683980703354,128.0,0.12205678969621658,5662.789230541326
42192,16,0.9563078880310059,0.7578125,0.14160220324993134,128.0,0.12196642905473709,5664.754483955912
42208,16,0.9509066343307495,0.671875,0.17405925691127777,128.0,0.12185053993016481,5666.716573640704
42224,16,0.9596836566925049,0.7421875,0.1319008320569992,128.0,0.1218868587166071,5668.679329814389
42240,16,0.9618055820465088,0.7578125,0.12844212353229523,128.0,0.1219427902251482,5670.639570339583
42256,16,0.9630594253540039,0.734375,0.1270761638879776,128.0,0.12203994859009981,5672.603572632186
42272,16,0.9805169701576233,0.859375,0.07305046170949936,128.0,0.122129219584167,5674.567076324485
42288,16,0.9711612462997437,0.796875,0.10767567902803421,128.0,0.1219027191400528,5676.525516219437
42304,16,0.9702932238578796,0.796875,0.11370700597763062,128.0,0.12190597970038652,5678.488606251776
42320,16,0.9424189925193787,0.6953125,0.17431527376174927,128.0,0.12198362965136766,5680.448848774657
42336,16,0.9596836566925049,0.7421875,0.1386503130197525,128.0,0.12298070825636387,5682.408849366941
42352,16,0.9747298955917358,0.8671875,0.08634091913700104,128.0,0.12198317889124155,5684.369289068505
42368,16,0.969810962677002,0.765625,0.11463875323534012,128.0,0.12204916961491108,5686.330916198902
42384,16,0.9483989477157593,0.6953125,0.1634848713874817,128.0,0.12189914006739855,5688.290398930199
42400,16,0.9839892387390137,0.8515625,0.07649483531713486,128.0,0.12253608927130699,5690.250053131953
42416,16,0.9711612462997437,0.828125,0.10001450777053833,128.0,0.12199309002608061,5692.217286906205
42432,16,0.9622877836227417,0.78125,0.12084638327360153,128.0,0.1219953391700983,5694.178696684539
42448,16,0.964313268661499,0.78125,0.11848653852939606,128.0,0.12201930861920118,5696.139116953127
42464,16,0.9745370745658875,0.8046875,0.09092825651168823,128.0,0.12205695919692516,5698.101442750543
42480,16,0.9633487462997437,0.765625,0.13645082712173462,128.0,0.12202372867614031,5700.067740114406
42496,16,0.9605516791343689,0.7734375,0.12704336643218994,128.0,0.12181955855339766,5702.029433250427
42512,16,0.9515818357467651,0.6953125,0.16594792902469635,128.0,0.12196909729391336,5703.992188955657
42528,16,0.9718364477157593,0.8359375,0.09341909736394882,128.0,0.12187266908586025,5705.954845940694
42544,16,0.9379822611808777,0.5859375,0.2121836096048355,128.0,0.12197628803551197,5707.914446956478
42560,16,0.9558256268501282,0.7890625,0.12490967661142349,128.0,0.1220842283219099,5709.876848910935
42576,16,0.9351851940155029,0.5625,0.23931656777858734,128.0,0.12194586917757988,5711.843229541555
42592,16,0.9392361640930176,0.71875,0.18130435049533844,128.0,0.12198665831238031,5713.809787701815
42608,16,0.9695215821266174,0.765625,0.12457633763551712,128.0,0.1219586580991745,5715.7701642252505
42624,16,0.9753086566925049,0.859375,0.08482111990451813,128.0,0.12193209864199162,5717.729773889296
42640,16,0.9621913433074951,0.7578125,0.13289856910705566,128.0,0.1222265986725688,5719.690625802614
42656,16,0.9760802388191223,0.8515625,0.08765850961208344,128.0,0.12225620821118355,5721.652575463057
42672,16,0.9422260522842407,0.6640625,0.19823363423347473,128.0,0.12185715790838003,5723.612704465166
42688,16,0.956500768661499,0.7109375,0.15854285657405853,128.0,0.12194239906966686,5725.5718029486015
42704,16,0.9628665447235107,0.8046875,0.11871363967657089,128.0,0.12197073828428984,5727.532228579745
42720,16,0.962866485118866,0.71875,0.14217856526374817,128.0,0.12219358794391155,5729.504926431924
42736,16,0.9806134104728699,0.8671875,0.0732184424996376,128.0,0.12193017918616533,5731.470707008615
42752,16,0.9742476940155029,0.8359375,0.10037042945623398,128.0,0.12224665842950344,5733.434299335815
42768,16,0.9499421119689941,0.734375,0.1578233689069748,128.0,0.12196395825594664,5735.397542243823
42784,16,0.9657599925994873,0.734375,0.13695292174816132,128.0,0.12256254907697439,5737.362008558586
42800,16,0.9757909178733826,0.859375,0.08374917507171631,128.0,0.12198956776410341,5739.332990350202
42816,16,0.9666280746459961,0.796875,0.11902857571840286,128.0,0.12204361893236637,5741.294756366871
42832,16,0.9587191343307495,0.75,0.13928015530109406,128.0,0.12231553811579943,5743.259779621847
42848,16,0.9725115895271301,0.8125,0.09702558070421219,128.0,0.12251667771488428,5745.221214527264
42864,16,0.9820601940155029,0.859375,0.08201638609170914,128.0,0.12200044840574265,5747.195207334124
42880,16,0.9707754850387573,0.8125,0.10718757659196854,128.0,0.12205526791512966,5749.157114119269
42896,16,0.9535108804702759,0.703125,0.1594144105911255,128.0,0.1219867980107665,5751.117889975198
42912,16,0.9688464403152466,0.828125,0.11231856048107147,128.0,0.12269636802375317,5753.082138327882
42928,16,0.9772376418113708,0.8515625,0.079853855073452,128.0,0.12193199899047613,5755.04258819297
42944,16,0.9607446193695068,0.7109375,0.15606239438056946,128.0,0.12213427852839231,5757.003251596354
42960,16,0.9645061492919922,0.765625,0.11817483603954315,128.0,0.12198570743203163,5758.964529759251
42976,16,0.9642168283462524,0.7421875,0.12425612658262253,128.0,0.12178773805499077,5777.520159039646
42992,16,0.96595299243927,0.7734375,0.11578848958015442,128.0,0.12214207742363214,5779.479837009683
43008,16,0.9740548133850098,0.796875,0.1104280948638916,128.0,0.12182347849011421,5781.786060295068
43024,16,0.9571759104728699,0.7578125,0.13551419973373413,128.0,0.12193816807121038,5783.745475254953
43040,16,0.9507137537002563,0.71875,0.15126557648181915,128.0,0.12194103840738535,5785.706323792227
43056,16,0.9508101940155029,0.6796875,0.1677521914243698,128.0,0.12199820671230555,5787.666448739357
43072,16,0.980999231338501,0.859375,0.07516688108444214,128.0,0.12202437687665224,5789.626346917823
43088,16,0.9683642387390137,0.7734375,0.10974956303834915,128.0,0.12191247660666704,5791.587073344737
43104,16,0.9727044105529785,0.796875,0.09979414194822311,128.0,0.12213100772351027,5793.54812492989
43120,16,0.9825423955917358,0.859375,0.07413332909345627,128.0,0.1218400876969099,5795.511559023522
43136,16,0.9644097089767456,0.78125,0.12689915299415588,128.0,0.1221184367313981,5797.473134568892
43152,16,0.9806134700775146,0.8515625,0.07869002968072891,128.0,0.12285695690661669,5799.435295152478
43168,16,0.9664351940155029,0.8046875,0.1157255470752716,128.0,0.12216022703796625,5801.396283456124
43184,16,0.9873650074005127,0.9140625,0.051737308502197266,128.0,0.12189202662557364,5803.355700681917
43200,16,0.9551504850387573,0.7421875,0.1480092704296112,128.0,0.12195269763469696,5805.3131692176685
43216,16,0.9613233208656311,0.75,0.13102881610393524,128.0,0.12177174724638462,5807.27379248105
43232,16,0.967110276222229,0.765625,0.12153179198503494,128.0,0.1220106864348054,5809.23444687482
43248,16,0.9675925970077515,0.828125,0.1040174663066864,128.0,0.1221268568187952,5811.194501196966
43264,16,0.9619020223617554,0.78125,0.13222475349903107,128.0,0.12191888689994812,5813.1543925395235
43280,16,0.9812885522842407,0.8828125,0.067463219165802,128.0,0.12192995846271515,5815.113562302664
43296,16,0.9393325448036194,0.640625,0.20079277455806732,128.0,0.1219329871237278,5817.072813664563
43312,16,0.9673997163772583,0.7890625,0.11406580358743668,128.0,0.12258930690586567,5819.0340073257685
43328,16,0.9649884700775146,0.8125,0.11073578894138336,128.0,0.12175470683723688,5820.994762465358
43344,16,0.9867862462997437,0.8984375,0.05333346128463745,128.0,0.12192782759666443,5822.965763089247
43360,16,0.959201455116272,0.71875,0.14826378226280212,128.0,0.12274653650820255,5824.939861939289
43376,16,0.9582368731498718,0.7734375,0.1263917088508606,128.0,0.12208878714591265,5826.901902538724
43392,16,0.9605517387390137,0.765625,0.1324651688337326,128.0,0.12193445675075054,5828.864273746498
43408,16,0.9777199029922485,0.859375,0.0807892456650734,128.0,0.12260692659765482,5830.826892353594
43424,16,0.9630594253540039,0.7734375,0.11837903410196304,128.0,0.12222264800220728,5832.786897102371
43440,16,0.9798418283462524,0.84375,0.0835762470960617,128.0,0.12179183680564165,5834.748772689141
43456,16,0.972125768661499,0.796875,0.11514181643724442,128.0,0.1217822264879942,5836.712865994312
43472,16,0.9632523059844971,0.8125,0.11466997861862183,128.0,0.12207826692610979,5838.672952621244
43488,16,0.9728974103927612,0.84375,0.09165912121534348,128.0,0.12198182567954063,5840.634584677406
43504,16,0.9695215821266174,0.8125,0.12986239790916443,128.0,0.12269537709653378,5842.59676929377
43520,16,0.9773341417312622,0.8515625,0.08240196853876114,128.0,0.12208741717040539,5844.570460840128
43536,16,0.9662423133850098,0.7578125,0.1274094134569168,128.0,0.12260519713163376,5846.53312038444
43552,16,0.9567900896072388,0.7265625,0.1346098631620407,128.0,0.12183611746877432,5848.494700639509
43568,16,0.956693708896637,0.7421875,0.14254093170166016,128.0,0.12204289715737104,5850.453995555639
43584,16,0.9572723507881165,0.7265625,0.1441226452589035,128.0,0.12188482750207186,5852.412580711767
43600,16,0.9785879850387573,0.8359375,0.08189083635807037,128.0,0.12185610644519329,5854.382754168473
43616,16,0.9713541269302368,0.8203125,0.09041281044483185,128.0,0.12192396633327007,5856.341733373702
43632,16,0.9703896045684814,0.8046875,0.10631391406059265,128.0,0.12188923638314009,5858.301095327362
43648,16,0.9612268805503845,0.7890625,0.12046187371015549,128.0,0.1222071060910821,5860.262229890563
43664,16,0.9739583134651184,0.8515625,0.08165737986564636,128.0,0.12185599654912949,5862.222792553715
43680,16,0.9508101940155029,0.65625,0.17897938191890717,128.0,0.12180900666862726,5864.182291596197
43696,16,0.9758873581886292,0.8515625,0.08134403079748154,128.0,0.12206679582595825,5866.140143050812
43712,16,0.953125,0.703125,0.1439766138792038,128.0,0.12185217719525099,5868.098471874371
43728,16,0.9913194179534912,0.9140625,0.04194282367825508,128.0,0.12183595728129148,5870.057361996733
43744,16,0.934124231338501,0.5859375,0.2242821902036667,128.0,0.12183074653148651,5872.0161033682525
43760,16,0.9764660596847534,0.8515625,0.08247768133878708,128.0,0.12184588704258204,5873.97366552148
43776,16,0.9749228358268738,0.84375,0.09052962809801102,128.0,0.12179028708487749,5875.9363592406735
43792,16,0.9597800970077515,0.7578125,0.1310061365365982,128.0,0.12181324604898691,5877.894670851529
43808,16,0.9468556642532349,0.6796875,0.17937882244586945,128.0,0.12183032743632793,5879.8533949228
43824,16,0.9728009104728699,0.8203125,0.09919782727956772,128.0,0.1218232773244381,5881.812228523195
43840,16,0.9801311492919922,0.84375,0.08114942908287048,128.0,0.12189920619130135,5883.773038631305
43856,16,0.9811921119689941,0.8515625,0.07283813506364822,128.0,0.12186109647154808,5885.73397112079
43872,16,0.9696180820465088,0.78125,0.11318744719028473,128.0,0.12182791624218225,5887.692885779776
43888,16,0.9716435074806213,0.7890625,0.1039382815361023,128.0,0.12199413683265448,5889.652333818376
43904,16,0.9755979776382446,0.8515625,0.08419323712587357,128.0,0.12188324704766273,5891.612100086175
43920,16,0.9726080298423767,0.84375,0.0895845890045166,128.0,0.1220108661800623,5893.570850344375
43936,16,0.9742476940155029,0.7734375,0.12251705676317215,128.0,0.12268526572734118,5895.539644906297
43952,16,0.9707754850387573,0.8359375,0.09927616268396378,128.0,0.12186749652028084,5897.5006276723
43968,16,0.965374231338501,0.765625,0.11685097217559814,128.0,0.12184073682874441,5899.460362609476
43984,16,0.9547646641731262,0.7734375,0.13678748905658722,128.0,0.12181950639933348,5901.423239873722
44000,16,0.9818673133850098,0.84375,0.07585093379020691,128.0,0.12190188653767109,5903.382908649743
44016,16,0.9702932238578796,0.7890625,0.10932359099388123,128.0,0.12186715565621853,5905.67384358868
44032,16,0.9759837985038757,0.828125,0.09356138110160828,128.0,0.1217653276398778,5907.634639013559
44048,16,0.9801311492919922,0.8515625,0.0763283371925354,128.0,0.12207346595823765,5909.593962768093
44064,16,0.974826455116272,0.84375,0.0920596569776535,128.0,0.12188985664397478,5911.553764063865
44080,16,0.9602623581886292,0.75,0.13306450843811035,128.0,0.12189680524170399,5913.512108858675
44096,16,0.9662423133850098,0.7578125,0.12675903737545013,128.0,0.12179554626345634,5915.470945423469
44112,16,0.9741512537002563,0.84375,0.08801913261413574,128.0,0.12175879627466202,5917.4303176775575
44128,16,0.9789737462997437,0.84375,0.08935759216547012,128.0,0.12184623535722494,5919.388363232836
44144,16,0.9875578284263611,0.921875,0.04808053374290466,128.0,0.1218744358047843,5921.348026175052
44160,16,0.9847607612609863,0.890625,0.06577687710523605,128.0,0.12184272613376379,5923.306889988482
44176,16,0.9709683656692505,0.8046875,0.1021130308508873,128.0,0.12184127699583769,5925.265541042201
44192,16,0.9610339403152466,0.7421875,0.13012222945690155,128.0,0.12184592615813017,5927.223630835302
44208,16,0.9456019401550293,0.75,0.15877372026443481,128.0,0.12185788620263338,5929.1835134672
44224,16,0.9873650074005127,0.9296875,0.051513634622097015,128.0,0.12192477565258741,5931.143278439529
44240,16,0.980131208896637,0.8671875,0.07494165748357773,128.0,0.12178117595613003,5933.102223100141
44256,16,0.9667245149612427,0.765625,0.12844780087471008,128.0,0.12184029538184404,5935.061457022093
44272,16,0.9844714403152466,0.890625,0.0648987740278244,128.0,0.12253500614315271,5937.029194617644
44288,16,0.9804205298423767,0.828125,0.08906994760036469,128.0,0.1219860864803195,5938.9903141167015
44304,16,0.9637345671653748,0.7890625,0.11307967454195023,128.0,0.12200155667960644,5940.950940446928
44320,16,0.9705825448036194,0.828125,0.10123499482870102,128.0,0.1219484256580472,5942.914310793392
44336,16,0.9754050970077515,0.8359375,0.08887158334255219,128.0,0.12181703560054302,5944.872944093309
44352,16,0.981867253780365,0.859375,0.07415636628866196,128.0,0.12170812673866749,5946.8322835424915
44368,16,0.9816744327545166,0.8671875,0.07254470139741898,128.0,0.3003293825313449,5949.319359218702
44384,16,0.9735724925994873,0.8125,0.09113387018442154,128.0,0.30169073212891817,5954.185269721784
44400,16,0.9706790447235107,0.8359375,0.10069017857313156,128.0,0.30489709973335266,5959.043807768263
44416,16,0.9704861640930176,0.7890625,0.11465423554182053,128.0,0.30162343196570873,5963.90240151342
44432,16,0.9597800970077515,0.7890625,0.1290035843849182,128.0,0.2995074726641178,5968.778047714382
44448,16,0.9614197611808777,0.7265625,0.12894375622272491,128.0,0.30276439152657986,5973.638694065623
44464,16,0.9664351940155029,0.8203125,0.10960165411233902,128.0,0.30177505034953356,5978.505414208397
44480,16,0.9587191343307495,0.734375,0.13840030133724213,128.0,0.2934768507257104,5983.378016796894
44496,16,0.9538002014160156,0.71875,0.14796973764896393,128.0,0.3026316212490201,5988.252894196659
44512,16,0.9735724925994873,0.8046875,0.10737527906894684,128.0,0.30068368557840586,5993.123147138394
44528,16,0.9708719253540039,0.8359375,0.09613781422376633,128.0,0.28517827671021223,5997.87225984782
44544,16,0.9510995149612427,0.6953125,0.16182002425193787,128.0,0.30199936032295227,6002.738361437805
44560,16,0.9648920297622681,0.828125,0.10151512920856476,128.0,0.30519022047519684,6007.600928348489
44576,16,0.9589120149612427,0.7109375,0.16239506006240845,128.0,0.2997729545459151,6012.444045812823
44592,16,0.9620949029922485,0.78125,0.12060573697090149,128.0,0.3013760708272457,6017.311260235496
44608,16,0.9766589403152466,0.78125,0.09367644041776657,128.0,0.302371796220541,6022.155803555623
44624,16,0.9582369327545166,0.703125,0.14806407690048218,128.0,0.30662044882774353,6027.028561366722
44640,16,0.9610339403152466,0.7421875,0.12950563430786133,128.0,0.3026867685839534,6031.918487256393
44656,16,0.9660493731498718,0.796875,0.1123163104057312,128.0,0.3017890667542815,6036.786507900804
44672,16,0.980999231338501,0.8671875,0.06900224089622498,128.0,0.12178879044950008,6041.060367514379
44688,16,0.9470486044883728,0.6640625,0.17765316367149353,128.0,0.12166724912822247,6043.020058278926
44704,16,0.9640239477157593,0.8125,0.10774334520101547,128.0,0.12168167810887098,6044.978391896933
44720,16,0.9846643805503845,0.8515625,0.06543056666851044,128.0,0.1217348575592041,6046.937622504309
44736,16,0.9673997163772583,0.796875,0.13058723509311676,128.0,0.12172821629792452,6048.893400350586
44752,16,0.984953761100769,0.875,0.06963279843330383,128.0,0.12182795349508524,6050.849757276475
44768,16,0.9499421119689941,0.7109375,0.16643911600112915,128.0,0.1216732319444418,6052.805379437283
44784,16,0.9729938507080078,0.84375,0.09299005568027496,128.0,0.12177053187042475,6054.761890760623
44800,16,0.9677854776382446,0.78125,0.11670216917991638,128.0,0.1217337604612112,6056.721626920626
44816,16,0.9742476940155029,0.796875,0.10529757291078568,128.0,0.12173252832144499,6058.679645443335
44832,16,0.9629629850387573,0.8046875,0.11238940805196762,128.0,0.1218058280646801,6060.638666588813
44848,16,0.9689428806304932,0.765625,0.11944085359573364,128.0,0.12185975629836321,6062.596749308519
44864,16,0.9752122163772583,0.84375,0.09116961061954498,128.0,0.12187036499381065,6064.55668895226
44880,16,0.9622877836227417,0.7578125,0.13253752887248993,128.0,0.12193540297448635,6066.513900457881
44896,16,0.9670138955116272,0.78125,0.11545713990926743,128.0,0.12179165054112673,6068.471592903137
44912,16,0.9758873581886292,0.8359375,0.08905865252017975,128.0,0.12173668947070837,6070.428587675095
44928,16,0.9814814925193787,0.859375,0.07158415019512177,128.0,0.12191486824303865,6089.009515938349
44944,16,0.9724150896072388,0.8359375,0.09405608475208282,128.0,0.12183632794767618,6090.969750492834
44960,16,0.9737654328346252,0.8125,0.10487030446529388,128.0,0.12185089662671089,6092.928643471561
44976,16,0.9678819179534912,0.7890625,0.1149178147315979,128.0,0.12177195493131876,6094.889589886181
44992,16,0.9744405746459961,0.828125,0.09135235100984573,128.0,0.12170883361250162,6096.851704814471
45008,16,0.9701967835426331,0.7890625,0.11155560612678528,128.0,0.12205537222325802,6099.16404064931
45024,16,0.9775269627571106,0.859375,0.07937808334827423,128.0,0.12191345077008009,6101.131098845974
45040,16,0.9671103358268738,0.796875,0.11107895523309708,128.0,0.12185143958777189,6103.090936453082
45056,16,0.9688464403152466,0.8359375,0.10618000477552414,128.0,0.12214864883571863,6105.05144367367
45072,16,0.9809027910232544,0.828125,0.07973960041999817,128.0,0.12205283809453249,6107.010310139507
45088,16,0.9826388359069824,0.8515625,0.0768142119050026,128.0,0.1222945461049676,6108.971951492131
45104,16,0.9636381268501282,0.78125,0.12899605929851532,128.0,0.12177450489252806,6110.9308977993205
45120,16,0.9764660596847534,0.796875,0.10405834764242172,128.0,0.12181790359318256,6112.889927147888
45136,16,0.9723186492919922,0.8046875,0.10114016383886337,128.0,0.1217900924384594,6114.848283953965
45152,16,0.9388502836227417,0.625,0.1991984248161316,128.0,0.12184542044997215,6116.808247764595
45168,16,0.9724150896072388,0.828125,0.09499252587556839,128.0,0.1218626806512475,6118.767971415073
45184,16,0.9403935670852661,0.6171875,0.20307044684886932,128.0,0.12187838926911354,6120.728827860206
45200,16,0.9757909178733826,0.8515625,0.08885607123374939,128.0,0.12184612732380629,6122.688777373172
45216,16,0.9774305820465088,0.8359375,0.0814751610159874,128.0,0.12239091750234365,6124.65118852444
45232,16,0.9543789029121399,0.65625,0.16584880650043488,128.0,0.12206343561410904,6126.611451109871
45248,16,0.9578511118888855,0.75,0.14482395350933075,128.0,0.12179091293364763,6128.571139865555
45264,16,0.9749228358268738,0.8359375,0.08568830788135529,128.0,0.12186218332499266,6130.532464246266
45280,16,0.9613233208656311,0.7578125,0.13928940892219543,128.0,0.12190420180559158,6132.492890206166
45296,16,0.9752122163772583,0.8359375,0.09032853692770004,128.0,0.12186392024159431,6134.452673825435
45312,16,0.9681712985038757,0.796875,0.11496734619140625,128.0,0.12189831864088774,6136.413457219489
45328,16,0.9739583730697632,0.8203125,0.08571246266365051,128.0,0.12192672770470381,6138.374922855757
45344,16,0.9548611640930176,0.7109375,0.1704506129026413,128.0,0.12182011734694242,6140.337127224542
45360,16,0.9599729776382446,0.765625,0.12857092916965485,128.0,0.1218868549913168,6142.295036985539
45376,16,0.9241898059844971,0.5625,0.24248135089874268,128.0,0.12180988490581512,6144.252070756629
45392,16,0.9809027910232544,0.8828125,0.06613413989543915,128.0,0.12293658591806889,6146.209976181388
45408,16,0.9594907760620117,0.7890625,0.12859778106212616,128.0,0.12172475270926952,6148.168435228057
45424,16,0.959876537322998,0.75,0.13212305307388306,128.0,0.12189433258026838,6150.126005305909
45440,16,0.9735724925994873,0.8203125,0.09372546523809433,128.0,0.12196407001465559,6152.084613876417
45456,16,0.9779127836227417,0.828125,0.09436218440532684,128.0,0.12184278946369886,6154.043131469749
45472,16,0.9739583134651184,0.859375,0.08959025889635086,128.0,0.12187449727207422,6156.003078068607
45488,16,0.9831211566925049,0.8671875,0.06944220513105392,128.0,0.12184407748281956,6157.9658580664545
45504,16,0.9817708730697632,0.8671875,0.07136066257953644,128.0,0.1217723861336708,6159.92380784452
45520,16,0.9822530746459961,0.859375,0.07494111359119415,128.0,0.12175704445689917,6161.882005085237
45536,16,0.9768518209457397,0.8515625,0.08320994675159454,128.0,0.12187713384628296,6163.840788740665
45552,16,0.9710648059844971,0.8046875,0.10492433607578278,128.0,0.12190343253314495,6165.799920328893
45568,16,0.9659529328346252,0.765625,0.12808310985565186,128.0,0.12188093084841967,6167.758815328591
45584,16,0.978202223777771,0.8515625,0.0892816111445427,128.0,0.12285545188933611,6169.7180274017155
45600,16,0.965374231338501,0.78125,0.12052321434020996,128.0,0.12228350061923265,6171.691642019898
45616,16,0.9637345671653748,0.7890625,0.1182238906621933,128.0,0.12194416765123606,6173.654817686416
45632,16,0.9679784178733826,0.7890625,0.11748112738132477,128.0,0.12204300705343485,6175.615601981059
45648,16,0.9802275896072388,0.8671875,0.07259664684534073,128.0,0.12200759630650282,6177.575198406354
45664,16,0.9709683656692505,0.7890625,0.11134973913431168,128.0,0.12196492496877909,6179.535536565818
45680,16,0.9690393805503845,0.8046875,0.1086270809173584,128.0,0.12187826354056597,6181.496170398779
45696,16,0.9767554402351379,0.8515625,0.08333148807287216,128.0,0.12191614136099815,6183.456743364222
45712,16,0.9692322611808777,0.8125,0.1065506637096405,128.0,0.12183728069067001,6185.419070236385
45728,16,0.9761767387390137,0.8515625,0.08271787315607071,128.0,0.12224828079342842,6187.3868943136185
45744,16,0.9651813507080078,0.78125,0.11726003140211105,128.0,0.12264270149171352,6189.35976041574
45760,16,0.9603587985038757,0.7890625,0.12790602445602417,128.0,0.12268637958914042,6191.33086816594
45776,16,0.9694252014160156,0.7734375,0.11442246288061142,128.0,0.12194889690726995,6193.295376774855
45792,16,0.9658564329147339,0.7890625,0.11484303325414658,128.0,0.12204419728368521,6195.25770135317
45808,16,0.9826388955116272,0.890625,0.06772876530885696,128.0,0.12193701602518559,6197.216523017734
45824,16,0.9679784178733826,0.828125,0.10485491901636124,128.0,0.12187600415199995,6199.176918738522
45840,16,0.9563078880310059,0.7578125,0.14519314467906952,128.0,0.1220771037042141,6201.136616141535
45856,16,0.9688464403152466,0.8203125,0.10466967523097992,128.0,0.12187767215073109,6203.095422146842
45872,16,0.9642168283462524,0.765625,0.13180911540985107,128.0,0.12187145184725523,6205.054316385649
45888,16,0.9607446193695068,0.7578125,0.13693735003471375,128.0,0.1220161709934473,6207.014639890753
45904,16,0.9587191343307495,0.765625,0.13023681938648224,128.0,0.12187325954437256,6208.977852995507
45920,16,0.9724150896072388,0.765625,0.10749781876802444,128.0,0.12184857856482267,6210.936847445555
45936,16,0.9812885522842407,0.8828125,0.07036667317152023,128.0,0.12190289702266455,6212.894936067052
45952,16,0.9506173133850098,0.6875,0.16831444203853607,128.0,0.12228525709360838,6214.857629393227
45968,16,0.9754050970077515,0.828125,0.09147436171770096,128.0,0.12195033580064774,6216.817011707462
45984,16,0.9818673133850098,0.8828125,0.06723224371671677,128.0,0.12185439467430115,6218.776272434741
46000,16,0.9741512537002563,0.8203125,0.09386633336544037,128.0,0.12181489262729883,6220.735324516892
46016,16,0.9644097089767456,0.796875,0.1125328540802002,128.0,0.12190923281013966,6223.05184181314
46032,16,0.9730902910232544,0.828125,0.09483511000871658,128.0,0.12196121085435152,6225.010732469149
46048,16,0.9577546715736389,0.7578125,0.13493314385414124,128.0,0.12198065128177404,6226.96912878938
46064,16,0.977623462677002,0.8515625,0.07697475701570511,128.0,0.1221680399030447,6228.9333273451775
46080,16,0.9806134700775146,0.859375,0.07648222148418427,128.0,0.1220691679045558,6230.8988333474845
46096,16,0.9735724925994873,0.8359375,0.09111733734607697,128.0,0.12187007814645767,6232.859267685562
46112,16,0.9627701044082642,0.8046875,0.11876623332500458,128.0,0.12189035583287477,6234.818737204187
46128,16,0.9795525074005127,0.8828125,0.06759610772132874,128.0,0.1217295452952385,6236.780382313766
46144,16,0.9680748581886292,0.84375,0.10394074022769928,128.0,0.122237054631114,6238.741178445518
46160,16,0.9769483208656311,0.875,0.07639405876398087,128.0,0.1217988533899188,6240.698702545837
46176,16,0.977623462677002,0.8515625,0.08510468155145645,128.0,0.1219202633947134,6242.655697410926
46192,16,0.9798418283462524,0.890625,0.07459785044193268,128.0,0.12192121241241693,6244.613249330781
46208,16,0.9672068357467651,0.78125,0.1123967096209526,128.0,0.12173608038574457,6246.570152924396
46224,16,0.9791666269302368,0.859375,0.07642075419425964,128.0,0.12182245030999184,6248.527138554491
46240,16,0.9736689925193787,0.8203125,0.09425079077482224,128.0,0.12174341827630997,6250.484730379656
46256,16,0.9694251418113708,0.8046875,0.10454583913087845,128.0,0.1217277767136693,6252.442040080205
46272,16,0.9796489477157593,0.8671875,0.0802403911948204,128.0,0.12175910640507936,6254.398621584289
46288,16,0.9658564925193787,0.8203125,0.11213704198598862,128.0,0.12189269717782736,6256.356437676586
46304,16,0.9768518209457397,0.8359375,0.09322302043437958,128.0,0.12198057491332293,6258.317323208787
46320,16,0.9797453880310059,0.875,0.0721912756562233,128.0,0.12197563424706459,6260.277147314511
46336,16,0.9766589403152466,0.875,0.07633143663406372,128.0,0.1217996533960104,6262.249594669789
46352,16,0.9821566343307495,0.8828125,0.0640980526804924,128.0,0.12245401460677385,6264.220519806258
46368,16,0.9651813507080078,0.7734375,0.12956207990646362,128.0,0.12252843379974365,6266.184982767329
46384,16,0.9695216417312622,0.8046875,0.11262676119804382,128.0,0.12194794043898582,6268.148487881757
46400,16,0.962866485118866,0.7734375,0.12641511857509613,128.0,0.12309885211288929,6270.123546642251
46416,16,0.9646990895271301,0.8125,0.10851996392011642,128.0,0.12490208446979523,6272.096482345834
46432,16,0.9761767387390137,0.84375,0.09356137365102768,128.0,0.12201356794685125,6274.077038376592
46448,16,0.9748263359069824,0.8671875,0.08374425023794174,128.0,0.12227415852248669,6276.0520617244765
46464,16,0.980999231338501,0.890625,0.0687251016497612,128.0,0.1221146872267127,6278.017545629293
46480,16,0.9384645223617554,0.625,0.207833930850029,128.0,0.122250497341156,6279.981420819648
46496,16,0.9701967835426331,0.8203125,0.09965790063142776,128.0,0.12228280585259199,6281.943237270229
46512,16,0.9797453880310059,0.8828125,0.07487934827804565,128.0,0.12261978536844254,6283.910699127242
46528,16,0.9783951044082642,0.859375,0.08101888000965118,128.0,0.12238420266658068,6285.878777211532
46544,16,0.9757908582687378,0.8359375,0.09118680655956268,128.0,0.12211404275149107,6287.843803666532
46560,16,0.9810956716537476,0.84375,0.08593958616256714,128.0,0.12198386061936617,6289.808801427484
46576,16,0.9834104776382446,0.8984375,0.06315501034259796,128.0,0.1221277816221118,6291.773642884567
46592,16,0.9795525074005127,0.875,0.06981565803289413,128.0,0.12208517920225859,6293.7439841572195
46608,16,0.9685571193695068,0.796875,0.10959194600582123,128.0,0.12186383828520775,6295.7070205630735
46624,16,0.9897762537002563,0.921875,0.04450328275561333,128.0,0.12209462840110064,6297.6708615385
46640,16,0.9748263955116272,0.8671875,0.07978545129299164,128.0,0.12203874718397856,6299.633663547225
46656,16,0.9781057238578796,0.84375,0.08186199516057968,128.0,0.12277330737560987,6301.598785716109
46672,16,0.9728974103927612,0.8515625,0.08941951394081116,128.0,0.12272117659449577,6303.580123478547
46688,16,0.9717400074005127,0.84375,0.09912679344415665,128.0,0.12190369423478842,6305.551828611642
46704,16,0.9572724103927612,0.75,0.14174865186214447,128.0,0.12189073394984007,6307.51670240052
46720,16,0.975501537322998,0.8125,0.09499502927064896,128.0,0.12184896226972342,6309.486522552557
46736,16,0.9667245149612427,0.84375,0.10308367758989334,128.0,0.12199858203530312,6311.448783309199
46752,16,0.9814814925193787,0.8671875,0.06700712442398071,128.0,0.12213395163416862,6313.412647696212
46768,16,0.9500385522842407,0.6953125,0.17493262887001038,128.0,0.12194986082613468,6315.37460974697
46784,16,0.964313268661499,0.7890625,0.11173204332590103,128.0,0.12227050866931677,6317.341531161219
46800,16,0.9814814925193787,0.8984375,0.0741986334323883,128.0,0.12196734920144081,6319.304558397271
46816,16,0.9780092239379883,0.8359375,0.08668074756860733,128.0,0.12199296988546848,6321.274138040841
46832,16,0.9674961566925049,0.8125,0.10601954162120819,128.0,0.1219386775046587,6323.241495697759
46848,16,0.9848572611808777,0.90625,0.061947014182806015,128.0,0.12200368568301201,6325.203163002618
46864,16,0.9851465821266174,0.90625,0.0566897988319397,128.0,0.12590007204562426,6327.1693443302065
46880,16,0.9890046119689941,0.9296875,0.04576407000422478,128.0,0.12214957922697067,6345.7117723738775
46896,16,0.9722222089767456,0.796875,0.1111215278506279,128.0,0.12189228739589453,6347.677658309229
46912,16,0.9859182238578796,0.90625,0.05461329594254494,128.0,0.12264352757483721,6349.640998119488
46928,16,0.9659529328346252,0.796875,0.1179027259349823,128.0,0.12205603625625372,6351.615394534543
46944,16,0.9750193357467651,0.8046875,0.09327773749828339,128.0,0.12238696496933699,6353.580054241233
46960,16,0.9729938507080078,0.8203125,0.09240268915891647,128.0,0.12229017447680235,6355.544468996115
46976,16,0.9789737462997437,0.875,0.09153484553098679,128.0,0.1219088938087225,6357.506480606273
46992,16,0.9712576866149902,0.8046875,0.09989139437675476,128.0,0.12189917266368866,6359.470547776669
47008,16,0.9777199029922485,0.8515625,0.08248713612556458,128.0,0.12203963287174702,6361.748705602251
47024,16,0.9622877836227417,0.765625,0.1223708838224411,128.0,0.1232245834544301,6363.719760057516
47040,16,0.9580439925193787,0.734375,0.1473408043384552,128.0,0.12212624028325081,6365.687941546552
47056,16,0.9864004850387573,0.890625,0.05825459584593773,128.0,0.12209931947290897,6367.652046426199
47072,16,0.9862076044082642,0.8984375,0.05522213131189346,128.0,0.1223392803221941,6369.61982994061
47088,16,0.9413580298423767,0.6875,0.18062067031860352,128.0,0.12203563936054707,6371.586315330118
47104,16,0.9758873581886292,0.8359375,0.08601649850606918,128.0,0.12238757777959108,6373.553823869675
47120,16,0.9757909178733826,0.8515625,0.0878220871090889,128.0,0.12206734716892242,6375.517707192339
47136,16,0.9671103358268738,0.8046875,0.11470337957143784,128.0,0.12201743572950363,6377.481937804259
47152,16,0.9633487462997437,0.7890625,0.12631501257419586,128.0,0.12206144444644451,6379.444643391296
47168,16,0.973186731338501,0.8515625,0.08851855993270874,128.0,0.1220545032992959,6381.407278517261
47184,16,0.9836033582687378,0.890625,0.06972169876098633,128.0,0.12202186323702335,6383.36895223055
47200,16,0.9710648059844971,0.8046875,0.10037149488925934,128.0,0.12197472248226404,6385.3301481716335
47216,16,0.9789737462997437,0.8828125,0.07516223937273026,128.0,0.12195698171854019,6387.291187740862
47232,16,0.975501537322998,0.828125,0.08888041973114014,128.0,0.1218868512660265,6389.250958616845
47248,16,0.980131208896637,0.8515625,0.10411644726991653,128.0,0.12203734088689089,6391.21255537495
47264,16,0.9758873581886292,0.8203125,0.09094695746898651,128.0,0.12201954983174801,6393.178068745881
47280,16,0.9826388955116272,0.859375,0.07090576738119125,128.0,0.12207714933902025,6395.139404379763
47296,16,0.9826388955116272,0.9140625,0.06359496712684631,128.0,0.1220108587294817,6397.099607391283
47312,16,0.9715471267700195,0.765625,0.11621268838644028,128.0,0.12204354908317327,6399.0606811232865
47328,16,0.9747299551963806,0.8671875,0.08041957765817642,128.0,0.12202158756554127,6401.021797353402
47344,16,0.9705825448036194,0.8203125,0.10520206391811371,128.0,0.12212849780917168,6402.982447952963
47360,16,0.9619020223617554,0.7890625,0.1224236786365509,128.0,0.12213444616645575,6404.943782220595
47376,16,0.9766589403152466,0.84375,0.08906622976064682,128.0,0.12195778544992208,6406.904054436833
47392,16,0.9661458730697632,0.8203125,0.10892170667648315,128.0,0.12194304540753365,6408.863581880927
47408,16,0.9792631268501282,0.8515625,0.0836474597454071,128.0,0.12191895395517349,6410.82228857372
47424,16,0.9794560074806213,0.859375,0.07711350917816162,128.0,0.12181494291871786,6412.785656710155
47440,16,0.9728009700775146,0.828125,0.09723997861146927,128.0,0.12196524161845446,6414.747893305495
47456,16,0.9615162014961243,0.703125,0.14972011744976044,128.0,0.12186024244874716,6416.708041837439
47472,16,0.9777199029922485,0.8671875,0.07612867653369904,128.0,0.12201614119112492,6418.673814046197
47488,16,0.980131208896637,0.8359375,0.07801143825054169,128.0,0.12258739117532969,6420.646477292292
47504,16,0.9726079702377319,0.8125,0.10773462057113647,128.0,0.12191293016076088,6422.607087912969
47520,16,0.9795524477958679,0.8359375,0.08409509807825089,128.0,0.12190153822302818,6424.567145711742
47536,16,0.9571759700775146,0.78125,0.13498903810977936,128.0,0.12196382880210876,6426.528417731635
47552,16,0.9695216417312622,0.7890625,0.11122900247573853,128.0,0.12175177875906229,6428.493008414283
47568,16,0.9646990299224854,0.8125,0.11042217910289764,128.0,0.1220244076102972,6430.453385372646
47584,16,0.9765625,0.828125,0.08989730477333069,128.0,0.12251823674887419,6432.415859372355
47600,16,0.9595872163772583,0.765625,0.13277387619018555,128.0,0.12199908588081598,6434.377288409509
47616,16,0.967689037322998,0.828125,0.10202264785766602,128.0,0.1222001165151596,6436.339436838403
47632,16,0.9788773059844971,0.8828125,0.07231497764587402,128.0,0.12190118432044983,6438.300502444617
47648,16,0.9713541865348816,0.8125,0.09962095320224762,128.0,0.12198671419173479,6440.262552882545
47664,16,0.9714506268501282,0.8203125,0.09104907512664795,128.0,0.12199865374714136,6442.2226300071925
47680,16,0.9614197015762329,0.796875,0.12175673991441727,128.0,0.12190841231495142,6444.187732978724
47696,16,0.9651813507080078,0.8125,0.11494723707437515,128.0,0.12209871225059032,6446.153053399175
47712,16,0.9777199029922485,0.84375,0.07975760102272034,128.0,0.12184572219848633,6448.115738906898
47728,16,0.9576581716537476,0.765625,0.13120494782924652,128.0,0.12229929119348526,6450.079546735622
47744,16,0.9699074029922485,0.8359375,0.10051093250513077,128.0,0.12208765093237162,6452.044516005553
47760,16,0.956500768661499,0.71875,0.15502122044563293,128.0,0.12206523027271032,6454.013978171162
47776,16,0.975694477558136,0.859375,0.07918499410152435,128.0,0.12207430880516768,6455.977704119869
47792,16,0.9635416865348816,0.7734375,0.12669920921325684,128.0,0.12192408833652735,6457.938964464702
47808,16,0.9680747985839844,0.84375,0.0983198955655098,128.0,0.12179860845208168,6459.904406745918
47824,16,0.9684606790542603,0.7734375,0.11956820636987686,128.0,0.12187410704791546,6461.86606075149
47840,16,0.9729938507080078,0.859375,0.08929632604122162,128.0,0.12187679670751095,6463.825612435117
47856,16,0.964313268661499,0.75,0.13101941347122192,128.0,0.12194582540541887,6465.786098490469
47872,16,0.9717400074005127,0.84375,0.09481491893529892,128.0,0.12211061641573906,6467.747276676819
47888,16,0.9742476940155029,0.8359375,0.08862365037202835,128.0,0.121930374763906,6469.711402866058
47904,16,0.9715470671653748,0.84375,0.09879661351442337,128.0,0.12212687451392412,6471.675264046527
47920,16,0.9761767387390137,0.859375,0.08678219467401505,128.0,0.12202458456158638,6473.635785172693
47936,16,0.9659529328346252,0.7578125,0.1249023899435997,128.0,0.12203224282711744,6475.595766548067
47952,16,0.9634451866149902,0.7890625,0.1268378645181656,128.0,0.12194458302110434,6477.556055205874
47968,16,0.9836033582687378,0.890625,0.06036453694105148,128.0,0.12182803172618151,6479.515089361928
47984,16,0.9679784178733826,0.796875,0.11447206884622574,128.0,0.12178170215338469,6481.475643389858
48000,16,0.9780092239379883,0.8359375,0.08352012932300568,128.0,0.12191411107778549,6483.4372484581545
48016,16,0.9644097089767456,0.7890625,0.11450549960136414,128.0,0.121900400146842,6485.710320247337
48032,16,0.9841821193695068,0.90625,0.05939466506242752,128.0,0.12185905873775482,6487.669419503771
48048,16,0.9768518209457397,0.8515625,0.08751372992992401,128.0,0.12208293937146664,6489.630738783628
48064,16,0.979938268661499,0.8828125,0.07739675790071487,128.0,0.12178120855242014,6491.59190542344
48080,16,0.9559220671653748,0.765625,0.13765883445739746,128.0,0.12232980877161026,6493.553434134461
48096,16,0.9813849925994873,0.8828125,0.07391142845153809,128.0,0.12216120678931475,6495.516556439921
48112,16,0.9502314925193787,0.65625,0.17305894196033478,128.0,0.12198009621351957,6497.479247552343
48128,16,0.9805169701576233,0.8515625,0.08475462347269058,128.0,0.12190259620547295,6499.44182698708
48144,16,0.983314037322998,0.875,0.0709070935845375,128.0,0.12196464464068413,6501.409011938609
48160,16,0.9810956716537476,0.8671875,0.07065264880657196,128.0,0.1221613148227334,6503.373693707399
48176,16,0.9771412014961243,0.84375,0.0857965350151062,128.0,0.12190760392695665,6505.337502276525
48192,16,0.9661458730697632,0.8125,0.1091461330652237,128.0,0.12197708431631327,6507.29667697195
48208,16,0.9675925970077515,0.8046875,0.10808592289686203,128.0,0.12180430348962545,6509.25632646773
48224,16,0.9651813507080078,0.828125,0.11067155003547668,128.0,0.1220210837200284,6511.219054267742
48240,16,0.9626736044883728,0.7890625,0.10884015262126923,128.0,0.12187238223850727,6513.17767917458
48256,16,0.9588155746459961,0.734375,0.14271041750907898,128.0,0.12188590224832296,6515.137424484827
48272,16,0.9743441343307495,0.84375,0.08618246763944626,128.0,0.12266024202108383,6517.104407412931
48288,16,0.9660493731498718,0.7890625,0.10971178859472275,128.0,0.12213239166885614,6519.0804315516725
48304,16,0.9780092835426331,0.8828125,0.07341675460338593,128.0,0.12188223004341125,6521.042922617868
48320,16,0.9661458134651184,0.8046875,0.10369474440813065,128.0,0.12280199117958546,6523.012635522522
48336,16,0.9760802388191223,0.8125,0.09249754250049591,128.0,0.12216025870293379,6524.981558707543
48352,16,0.9786844253540039,0.890625,0.08100538700819016,128.0,0.12235239893198013,6526.943692986853
48368,16,0.9860146045684814,0.9140625,0.0498124398291111,128.0,0.12206592783331871,6528.904901226051
48384,16,0.9728973507881165,0.8203125,0.11035740375518799,128.0,0.1222254978492856,6530.871671762317
48400,16,0.9739583134651184,0.8359375,0.09199195355176926,128.0,0.12195451743900776,6532.834393006749
48416,16,0.9781057238578796,0.890625,0.07136169075965881,128.0,0.12222137581557035,6534.802040416747
48432,16,0.9782986044883728,0.8359375,0.08389216661453247,128.0,0.12219140585511923,6536.767351036891
48448,16,0.9642168283462524,0.8046875,0.12026835232973099,128.0,0.12176663428544998,6538.727989601903
48464,16,0.9797453880310059,0.8984375,0.07041610032320023,128.0,0.1218307251110673,6540.692194492556
48480,16,0.9855324029922485,0.859375,0.07517226785421371,128.0,0.12195829302072525,6542.656795035116
48496,16,0.9812885522842407,0.859375,0.07144127041101456,128.0,0.12201475258916616,6544.617488026619
48512,16,0.9834104776382446,0.890625,0.06679441779851913,128.0,0.12200181372463703,6546.5787946190685
48528,16,0.9755979776382446,0.8828125,0.07879791408777237,128.0,0.1218761233612895,6548.538247642107
48544,16,0.9779127836227417,0.8125,0.0991368293762207,128.0,0.12192817218601704,6550.50107064005
48560,16,0.9770447611808777,0.8828125,0.07951167970895767,128.0,0.12178544048219919,6552.459640505724
48576,16,0.9881365299224854,0.90625,0.05062254145741463,128.0,0.12182947993278503,6554.418944623321
48592,16,0.9829282760620117,0.9296875,0.05589595437049866,128.0,0.12186313141137362,6556.377835332416
48608,16,0.9576581716537476,0.8125,0.129863902926445,128.0,0.12232234980911016,6558.343137499876
48624,16,0.9811921119689941,0.8515625,0.07893466204404831,128.0,0.12181128840893507,6560.306389716454
48640,16,0.9813850522041321,0.8828125,0.06726479530334473,128.0,0.12177879828959703,6562.266644102521
48656,16,0.9784915447235107,0.890625,0.07146400958299637,128.0,0.12192415911704302,6564.2257580999285
48672,16,0.9792630672454834,0.8671875,0.0751369446516037,128.0,0.12196462787687778,6566.186008689925
48688,16,0.9890046119689941,0.9296875,0.04811601713299751,128.0,0.12169470638036728,6568.145998570137
48704,16,0.9897762537002563,0.921875,0.04308152571320534,128.0,0.12177404668182135,6570.108893097378
48720,16,0.9819637537002563,0.8828125,0.06733948737382889,128.0,0.12219956703484058,6572.069460933097
48736,16,0.9713541865348816,0.8359375,0.11145562678575516,128.0,0.12199923675507307,6574.031714363955
48752,16,0.9817708730697632,0.84375,0.07435087859630585,128.0,0.12177815567702055,6575.99960036017
48768,16,0.9660493731498718,0.78125,0.12189840525388718,128.0,0.12187372520565987,6577.960590523668
48784,16,0.992766261100769,0.9375,0.03955730050802231,128.0,0.12189838383346796,6579.920867497101
48800,16,0.9592013955116272,0.7421875,0.13998347520828247,128.0,0.12231058534234762,6581.88246083539
48816,16,0.9783950448036194,0.8515625,0.08197344839572906,128.0,0.12199065275490284,6583.847895348445
48832,16,0.9814814925193787,0.859375,0.07868791371583939,128.0,0.12209114897996187,6602.419260193594
48848,16,0.9782986640930176,0.859375,0.07444975525140762,128.0,0.12224079947918653,6604.38319372572
48864,16,0.9716435074806213,0.84375,0.09331101924180984,128.0,0.1219653282314539,6606.344632458873
48880,16,0.9836998581886292,0.90625,0.05738416686654091,128.0,0.12198562826961279,6608.310442077927
48896,16,0.9747299551963806,0.8203125,0.09738299995660782,128.0,0.12191424705088139,6610.270480103791
48912,16,0.9735724925994873,0.8359375,0.09064371138811111,128.0,0.12201747670769691,6612.234278096817
48928,16,0.9883295297622681,0.9453125,0.04388729855418205,128.0,0.1217148955911398,6614.194449497387
48944,16,0.979263186454773,0.859375,0.08598799258470535,128.0,0.12211933638900518,6616.155486833304
48960,16,0.9820601940155029,0.890625,0.06632032990455627,128.0,0.12202916573733091,6618.117552172393
48976,16,0.9660494327545166,0.78125,0.12544023990631104,128.0,0.12234230432659388,6620.079581493512
48992,16,0.9813850522041321,0.8984375,0.06313935667276382,128.0,0.12245955597609282,6622.041263117455
49008,16,0.9673997163772583,0.8515625,0.0971512645483017,128.0,0.12188844289630651,6624.327902331948
49024,16,0.9769483208656311,0.8515625,0.07567159831523895,128.0,0.1219543432816863,6626.287682729773
49040,16,0.9750192761421204,0.859375,0.0870765894651413,128.0,0.1219411138445139,6628.247065128759
49056,16,0.9742476940155029,0.859375,0.08304235339164734,128.0,0.12197981216013432,6630.2077137110755
49072,16,0.96875,0.7890625,0.11142650991678238,128.0,0.12195722199976444,6632.167427557521
49088,16,0.9884259700775146,0.9140625,0.0513252392411232,128.0,0.1217717807739973,6634.1268071057275
49104,16,0.9883294701576233,0.90625,0.05535966530442238,128.0,0.12180521059781313,6636.089524569921
49120,16,0.9871720671653748,0.9140625,0.05272062495350838,128.0,0.12185972090810537,6638.048218133859
49136,16,0.9642168283462524,0.765625,0.12518565356731415,128.0,0.12186628021299839,6640.01003342215
49152,16,0.9839891791343689,0.90625,0.05528661981225014,128.0,0.1217431602999568,6641.970778923482
49168,16,0.9837962985038757,0.859375,0.06521717458963394,128.0,0.12187852058559656,6643.9292630665
49184,16,0.979938268661499,0.84375,0.08094692975282669,128.0,0.12179951928555965,6645.88850675337
49200,16,0.9865933656692505,0.8984375,0.0560915581882,128.0,0.12177974916994572,6647.846329631284
49216,16,0.9737654328346252,0.84375,0.11612114310264587,128.0,0.12176856957376003,6649.805301824585
49232,16,0.9785879850387573,0.8515625,0.07799714803695679,128.0,0.12213870882987976,6651.764359639958
49248,16,0.9485918283462524,0.71875,0.1865515410900116,128.0,0.12181994691491127,6653.722881348804
49264,16,0.9763696193695068,0.8671875,0.07544949650764465,128.0,0.12313590850681067,6655.689054686576
49280,16,0.9631558656692505,0.7734375,0.12876220047473907,128.0,0.12179829739034176,6657.655240507796
49296,16,0.9809027910232544,0.859375,0.07355029881000519,128.0,0.12191577535122633,6659.614040765911
49312,16,0.9811921119689941,0.875,0.07736220210790634,128.0,0.12212937604635954,6661.574643909931
49328,16,0.9726080298423767,0.828125,0.1058589443564415,128.0,0.12182657513767481,6663.533426954411
49344,16,0.9861111640930176,0.8984375,0.055063553154468536,128.0,0.12179290503263474,6665.492219613865
49360,16,0.9594907164573669,0.7421875,0.13505852222442627,128.0,0.12172445468604565,6667.4525929261
49376,16,0.9822530746459961,0.890625,0.06933075189590454,128.0,0.12278798501938581,6669.413639513776
49392,16,0.9792630672454834,0.8828125,0.06948459148406982,128.0,0.12184696365147829,6671.377800966613
49408,16,0.9537037014961243,0.7109375,0.1518876552581787,128.0,0.1223831744864583,6673.337951339781
49424,16,0.9720293283462524,0.8125,0.10307078063488007,128.0,0.12187489308416843,6675.2978024361655
49440,16,0.9772377014160156,0.859375,0.07783689349889755,128.0,0.12187520321458578,6677.256965156645
49456,16,0.977623462677002,0.859375,0.08928032219409943,128.0,0.12187708169221878,6679.216000219807
49472,16,0.9777199029922485,0.8671875,0.07832611352205276,128.0,0.12176068034023046,6681.178460128605
49488,16,0.982446014881134,0.875,0.07493644207715988,128.0,0.1218104213476181,6683.1400891803205
49504,16,0.9836997985839844,0.8984375,0.062909334897995,128.0,0.12180858105421066,6685.097504483536
49520,16,0.9592013955116272,0.734375,0.14235113561153412,128.0,0.12199607025831938,6687.057772551663
49536,16,0.9778163433074951,0.8359375,0.08761288225650787,128.0,0.12200453132390976,6689.018188604154
49552,16,0.9801311492919922,0.859375,0.07344874739646912,128.0,0.12235003989189863,6690.988387447782
49568,16,0.975501537322998,0.84375,0.08897488564252853,128.0,0.12198883853852749,6692.959853564389
49584,16,0.9806134104728699,0.890625,0.06929605454206467,128.0,0.12185432948172092,6694.927316763438
49600,16,0.9845678806304932,0.890625,0.06079259142279625,128.0,0.12223617825657129,6696.894190164283
49616,16,0.9708719253540039,0.78125,0.10957616567611694,128.0,0.12202221807092428,6698.866358334199
49632,16,0.9672067761421204,0.78125,0.12355441600084305,128.0,0.1218349076807499,6700.826550928876
49648,16,0.9724150896072388,0.84375,0.08518822491168976,128.0,0.12207665853202343,6702.7887726081535
49664,16,0.9667245149612427,0.7734375,0.12379524111747742,128.0,0.12218115758150816,6704.75935995765
49680,16,0.9766589403152466,0.84375,0.08434497565031052,128.0,0.12208383716642857,6706.725519138388
49696,16,0.9869791865348816,0.8671875,0.06595351547002792,128.0,0.12197469547390938,6708.693611393683
49712,16,0.965374231338501,0.78125,0.11954431980848312,128.0,0.12196693755686283,6710.654728318565
49728,16,0.9738618731498718,0.8359375,0.0936022698879242,128.0,0.12180344481021166,6712.619418318383
49744,16,0.9777199029922485,0.8828125,0.07196421176195145,128.0,0.12217052467167377,6714.58165941108
49760,16,0.9827353954315186,0.890625,0.062371399253606796,128.0,0.12174259498715401,6716.541898537427
49776,16,0.9900655746459961,0.9140625,0.04886282980442047,128.0,0.12191282492130995,6718.50100949686
49792,16,0.9796488881111145,0.875,0.07182786613702774,128.0,0.12184534408152103,6720.460603829473
49808,16,0.9727045297622681,0.7890625,0.10076870024204254,128.0,0.12190652266144753,6722.419636416249
49824,16,0.9835069179534912,0.8828125,0.06594642996788025,128.0,0.12179274298250675,6724.381015179679
49840,16,0.9839892387390137,0.875,0.06567686051130295,128.0,0.12208390235900879,6726.343212026171
49856,16,0.9744405746459961,0.8203125,0.09736709296703339,128.0,0.12184195313602686,6728.305269338191
49872,16,0.977623462677002,0.8828125,0.06880050897598267,128.0,0.12186279240995646,6730.264585032128
49888,16,0.9812885522842407,0.890625,0.06489887833595276,128.0,0.12181717250496149,6732.226528431289
49904,16,0.9761767387390137,0.84375,0.0827062577009201,128.0,0.12183651141822338,6734.188482325524
49920,16,0.9787808656692505,0.8671875,0.07208245992660522,128.0,0.12175860069692135,6736.1473785713315
49936,16,0.9761766791343689,0.828125,0.08988304436206818,128.0,0.12194923963397741,6738.108260532841
49952,16,0.986014723777771,0.890625,0.058247193694114685,128.0,0.12206121999770403,6740.068934228271
49968,16,0.9809027910232544,0.8671875,0.07256591320037842,128.0,0.1218015206977725,6742.029772258364
49984,16,0.9701002836227417,0.8515625,0.09319403767585754,128.0,0.12210248038172722,6743.989236811176
50000,16,0.9459877014160156,0.671875,0.18492218852043152,128.0,0.12191733904182911,6745.9495511204
50016,16,0.9728009104728699,0.875,0.1024700179696083,128.0,0.12195776868611574,6748.244109989144
50032,16,0.9775270223617554,0.828125,0.08907578140497208,128.0,0.12177523784339428,6750.203903615475
50048,16,0.964313268661499,0.7734375,0.12188870459794998,128.0,0.12198441941291094,6752.162725785747
50064,16,0.9821566343307495,0.9140625,0.06728515774011612,128.0,0.12176805827766657,6754.123948160559
50080,16,0.9815779328346252,0.8671875,0.08090339601039886,128.0,0.12188216764479876,6756.083173059858
50096,16,0.9769482612609863,0.890625,0.07850618660449982,128.0,0.12199983652681112,6758.0442096935585
50112,16,0.9839892387390137,0.875,0.06841987371444702,128.0,0.12191447615623474,6760.002514130436
50128,16,0.9690393209457397,0.859375,0.08918730914592743,128.0,0.12172181624919176,6761.964372344315
50144,16,0.9739583730697632,0.8359375,0.08973420411348343,128.0,0.12202300690114498,6763.92172568012
50160,16,0.9728009104728699,0.859375,0.08839888870716095,128.0,0.12179262470453978,6765.880040741526
50176,16,0.9806134104728699,0.890625,0.06911841034889221,128.0,0.12182149477303028,6767.845389340073
50192,16,0.9816744327545166,0.8671875,0.06467516720294952,128.0,0.12205503601580858,6769.804364851676
50208,16,0.984375,0.859375,0.07354135811328888,128.0,0.12181706447154284,6771.763883326203
50224,16,0.9778164029121399,0.859375,0.07707809656858444,128.0,0.12185952346771955,6773.724181926809
50240,16,0.9707754850387573,0.8203125,0.10337386280298233,128.0,0.12276400439441204,6775.690453555435
50256,16,0.979070246219635,0.8359375,0.0854540467262268,128.0,0.1218735734000802,6777.650116904639
50272,16,0.9625771641731262,0.75,0.14207972586154938,128.0,0.1219422435387969,6779.6128559708595
50288,16,0.9748263955116272,0.8515625,0.09132110327482224,128.0,0.12175342347472906,6781.573232819326
50304,16,0.9951775074005127,0.9765625,0.026322199031710625,128.0,0.12170342169702053,6783.534818923101
50320,16,0.9836034178733826,0.8515625,0.0844845175743103,128.0,0.12176200188696384,6785.493894601241
50336,16,0.96875,0.8046875,0.10900817811489105,128.0,0.1219819625839591,6787.451423373073
50352,16,0.9744405746459961,0.828125,0.09270880371332169,128.0,0.1220610924065113,6789.412017251365
50368,16,0.9743441343307495,0.84375,0.08637506514787674,128.0,0.1250947928056121,6791.37511921674
50384,16,0.9817708730697632,0.859375,0.06875684857368469,128.0,0.12198112066835165,6793.335779834539
50400,16,0.9586226940155029,0.7734375,0.14428170025348663,128.0,0.1218516705557704,6795.29670854751
50416,16,0.9806134104728699,0.859375,0.07154250890016556,128.0,0.12194729968905449,6797.256716414355
50432,16,0.9733796119689941,0.828125,0.0933842808008194,128.0,0.12203150056302547,6799.217795397155
50448,16,0.9885223507881165,0.9453125,0.040298935025930405,128.0,0.12188658025115728,6801.184286028147
50464,16,0.9732831716537476,0.8359375,0.09831291437149048,128.0,0.12200869992375374,6803.147378352471
50480,16,0.9806134104728699,0.8984375,0.0682130828499794,128.0,0.12181362882256508,6805.111726761796
50496,16,0.983314037322998,0.8515625,0.07426010817289352,128.0,0.12207117862999439,6807.0721790436655
50512,16,0.9565972089767456,0.7109375,0.1529337465763092,128.0,0.12191278766840696,6809.037564203143
50528,16,0.9816743731498718,0.8828125,0.06817860156297684,128.0,0.12219204846769571,6811.01900626719
50544,16,0.9767553806304932,0.828125,0.08807646483182907,128.0,0.12286295928061008,6812.9855656782165
50560,16,0.9774305820465088,0.8515625,0.08096237480640411,128.0,0.12233042810112238,6814.955389515497
50576,16,0.975501537322998,0.890625,0.0816885232925415,128.0,0.12223994638770819,6816.928179579787
50592,16,0.9826388955116272,0.875,0.07262540608644485,128.0,0.12193229701370001,6818.890206702054
50608,16,0.9883294105529785,0.921875,0.04958047345280647,128.0,0.12181403674185276,6820.849397519603
50624,16,0.9905478358268738,0.9296875,0.04268745705485344,128.0,0.12184333615005016,6822.815030944534
50640,16,0.9852430820465088,0.90625,0.06133972108364105,128.0,0.12179760728031397,6824.776891693473
50656,16,0.9892939925193787,0.921875,0.042894355952739716,128.0,0.12287245597690344,6826.740351027809
50672,16,0.9780092239379883,0.84375,0.08927547931671143,128.0,0.12180419638752937,6828.703757477924
50688,16,0.9830246567726135,0.8984375,0.06468956172466278,128.0,0.12183023430407047,6830.664049840532
50704,16,0.9830247163772583,0.8984375,0.06454795598983765,128.0,0.12188739515841007,6832.624806568958
50720,16,0.9890046119689941,0.9296875,0.04603557288646698,128.0,0.12208417523652315,6834.585357282311
50736,16,0.9796489477157593,0.84375,0.08042892068624496,128.0,0.1220634551718831,6836.544900561683
50752,16,0.9638310074806213,0.8359375,0.10961266607046127,128.0,0.12219362426549196,6838.511756778695
50768,16,0.9735724925994873,0.8515625,0.09472469985485077,128.0,0.1218396844342351,6840.470538807102
50784,16,0.956500768661499,0.75,0.145868718624115,128.0,0.1218630513176322,6858.9701370624825
50800,16,0.9767554402351379,0.8671875,0.07665374130010605,128.0,0.12200570106506348,6860.931995544583
50816,16,0.9916087985038757,0.9453125,0.04121335223317146,128.0,0.12190308980643749,6862.891751440242
50832,16,0.9886188507080078,0.921875,0.048542484641075134,128.0,0.1221037209033966,6864.861863317899
50848,16,0.9732831716537476,0.828125,0.09806634485721588,128.0,0.12194666918367147,6866.833012790419
50864,16,0.9853395223617554,0.9140625,0.052740227431058884,128.0,0.12214586045593023,6868.793152034283
50880,16,0.9686535596847534,0.8125,0.10236799716949463,128.0,0.12195695005357265,6870.755927914754
50896,16,0.9790701866149902,0.859375,0.07750215381383896,128.0,0.12207228969782591,6872.717856619507
50912,16,0.9836034178733826,0.8984375,0.06463678926229477,128.0,0.12221100833266973,6874.680839530192
50928,16,0.984375,0.90625,0.05567203462123871,128.0,0.12242645025253296,6876.642698217183
50944,16,0.9743441343307495,0.84375,0.08360262960195541,128.0,0.12215320859104395,6878.604030258954
50960,16,0.9857253432273865,0.8984375,0.06006665527820587,128.0,0.12191217858344316,6880.565927776508
50976,16,0.9850502014160156,0.8671875,0.06303870677947998,128.0,0.12326237838715315,6882.529052839614
50992,16,0.9867862462997437,0.90625,0.05522463843226433,128.0,0.12210092786699533,6884.4932643491775
51008,16,0.9839891791343689,0.8984375,0.06163306161761284,128.0,0.12245695851743221,6886.771591533907
51024,16,0.9710648059844971,0.7890625,0.10958831757307053,128.0,0.12233829777687788,6888.734155123122
51040,16,0.974633514881134,0.84375,0.09099282324314117,128.0,0.12215735670179129,6890.702172011137
51056,16,0.9699074029922485,0.8515625,0.09252439439296722,128.0,0.12194689642637968,6892.663071182556
51072,16,0.9804205298423767,0.875,0.07506895810365677,128.0,0.12182794604450464,6894.627398779616
51088,16,0.9943094253540039,0.953125,0.02952215075492859,128.0,0.12266472727060318,6896.58803124167
51104,16,0.9586226940155029,0.7578125,0.15310795605182648,128.0,0.12214561458677053,6898.549029439688
51120,16,0.9815778732299805,0.8984375,0.06329824030399323,128.0,0.12195142544806004,6900.510338284075
51136,16,0.977623462677002,0.8359375,0.09122344106435776,128.0,0.12196642439812422,6902.471070433967
51152,16,0.9673997163772583,0.8359375,0.09946465492248535,128.0,0.12210920453071594,6904.435881270096
51168,16,0.985435962677002,0.890625,0.060963984578847885,128.0,0.12183196377009153,6906.401822984219
51184,16,0.983506977558136,0.9140625,0.05887363851070404,128.0,0.1221434036269784,6908.368822464719
51200,16,0.9779127836227417,0.890625,0.07469269633293152,128.0,0.12178938277065754,6910.32994669769
51216,16,0.9757909178733826,0.8515625,0.08420173078775406,128.0,0.12218232452869415,6912.295205837116
51232,16,0.9829282164573669,0.8984375,0.061273641884326935,128.0,0.121669783256948,6914.257941463962
51248,16,0.9875578880310059,0.9140625,0.053781505674123764,128.0,0.121767682954669,6916.217038373463
51264,16,0.9796488881111145,0.890625,0.06974852085113525,128.0,0.12187172286212444,6918.175128008239
51280,16,0.9781056642532349,0.859375,0.08302358537912369,128.0,0.12187058292329311,6920.134398300201
51296,16,0.9860146641731262,0.8984375,0.05488027632236481,128.0,0.12199299223721027,6922.094283068553
51312,16,0.9866898059844971,0.890625,0.05909300595521927,128.0,0.12217307183891535,6924.058326974511
51328,16,0.9841820597648621,0.890625,0.059896260499954224,128.0,0.12189025152474642,6926.019697065465
51344,16,0.9876543283462524,0.921875,0.05236451327800751,128.0,0.12235275190323591,6927.98140270263
51360,16,0.972125768661499,0.8671875,0.08712604641914368,128.0,0.12216383218765259,6929.9435721552
51376,16,0.9825423955917358,0.875,0.07527749985456467,128.0,0.1219467418268323,6931.903673474677
51392,16,0.961998462677002,0.8046875,0.12002403289079666,128.0,0.12346416153013706,6933.8706339318305
51408,16,0.9735725522041321,0.828125,0.10055214166641235,128.0,0.12215506099164486,6935.843123797327
51424,16,0.9875578880310059,0.890625,0.05349104106426239,128.0,0.12197489012032747,6937.8046938646585
51440,16,0.9836997985839844,0.921875,0.05669991299510002,128.0,0.12222007103264332,6939.765568707138
51456,16,0.9704861044883728,0.8203125,0.09502777457237244,128.0,0.12192201148718596,6941.726238276809
51472,16,0.9846643209457397,0.9296875,0.052325647324323654,128.0,0.12195839080959558,6943.6892288737
51488,16,0.9855324029922485,0.9140625,0.059129830449819565,128.0,0.12186446040868759,6945.651234985329
51504,16,0.9847608208656311,0.875,0.0692460834980011,128.0,0.1221016701310873,6947.613630153239
51520,16,0.9825423955917358,0.9140625,0.06101449579000473,128.0,0.12194578908383846,6949.582899080589
51536,16,0.9745370149612427,0.8828125,0.07393606007099152,128.0,0.12191518861800432,6951.548308882862
51552,16,0.9768518805503845,0.8671875,0.08319160342216492,128.0,0.1218841690570116,6953.508504038677
51568,16,0.9842785596847534,0.90625,0.05785113573074341,128.0,0.12194352876394987,6955.468862511218
51584,16,0.9866898059844971,0.9140625,0.05572732537984848,128.0,0.12194664776325226,6957.42986429017
51600,16,0.9654706716537476,0.796875,0.11577004939317703,128.0,0.12194385845214128,6959.392119835131
51616,16,0.9770447611808777,0.859375,0.08092447370290756,128.0,0.12189215701073408,6961.353593817912
51632,16,0.9749228358268738,0.859375,0.0899762362241745,128.0,0.12196885794401169,6963.315600885078
51648,16,0.991608738899231,0.9453125,0.03756083548069,128.0,0.12182479817420244,6965.281875741668
51664,16,0.9789737462997437,0.8515625,0.07798665761947632,128.0,0.12214786652475595,6967.243335011415
51680,16,0.9826388955116272,0.8515625,0.07282371073961258,128.0,0.12192158680409193,6969.205083268695
51696,16,0.9827353358268738,0.8984375,0.08058718591928482,128.0,0.12193840742111206,6971.168333752081
51712,16,0.9733796119689941,0.859375,0.07961484044790268,128.0,0.1223236471414566,6973.133524533361
51728,16,0.9849537014961243,0.9140625,0.058158501982688904,128.0,0.12191035598516464,6975.098845820874
51744,16,0.9612268209457397,0.7734375,0.13129612803459167,128.0,0.12197630666196346,6977.06362918485
51760,16,0.9723186492919922,0.8203125,0.09528136998414993,128.0,0.1218268945813179,6979.023433222435
51776,16,0.9734760522842407,0.8671875,0.08657101541757584,128.0,0.12186819594353437,6980.985517547466
51792,16,0.9798418283462524,0.875,0.07389285415410995,128.0,0.12194243632256985,6982.947696398944
51808,16,0.9753086566925049,0.84375,0.08706232905387878,128.0,0.1220279848203063,6984.908577546477
51824,16,0.9830247163772583,0.890625,0.07389554381370544,128.0,0.12193043529987335,6986.868672340177
51840,16,0.9824459552764893,0.8671875,0.06890907138586044,128.0,0.12197462376207113,6988.830427581444
51856,16,0.9866898059844971,0.90625,0.05177962779998779,128.0,0.12208487372845411,6990.791717178188
51872,16,0.9830247163772583,0.8828125,0.06461484730243683,128.0,0.12180629558861256,6992.756611463614
51888,16,0.9681712985038757,0.828125,0.10431959480047226,128.0,0.12183612398803234,6994.717264044099
51904,16,0.9830247163772583,0.8828125,0.06465217471122742,128.0,0.12195395398885012,6996.678193270229
51920,16,0.9756944179534912,0.875,0.07379428297281265,128.0,0.12182174436748028,6998.642180655152
51936,16,0.9880400896072388,0.921875,0.06153707206249237,128.0,0.12195731420069933,7000.607060546055
51952,16,0.9830247163772583,0.8671875,0.07609756290912628,128.0,0.12202797271311283,7002.568378372118
51968,16,0.9764660596847534,0.8125,0.09395544230937958,128.0,0.12204605247825384,7004.531610046513
51984,16,0.9836033582687378,0.890625,0.060243427753448486,128.0,0.12178513314574957,7006.496210447513
52000,16,0.9710648059844971,0.8359375,0.09827977418899536,128.0,0.12196605186909437,7008.461772884242
52016,16,0.9896798133850098,0.9296875,0.04474950209259987,128.0,0.12184548191726208,7010.75462954212
52032,16,0.9728009700775146,0.8359375,0.0938822403550148,128.0,0.12190189212560654,7012.718606932089
52048,16,0.9802275896072388,0.875,0.0750562772154808,128.0,0.12217368185520172,7014.681156388484
52064,16,0.9823495149612427,0.890625,0.06208978220820427,128.0,0.12209432199597359,7016.645795991644
52080,16,0.9831211566925049,0.890625,0.07090090960264206,128.0,0.12196140177547932,7018.612141392194
52096,16,0.9860146045684814,0.9140625,0.06673884391784668,128.0,0.12179295066744089,7020.572543447837
52112,16,0.9744405746459961,0.859375,0.08580110222101212,128.0,0.1220160024240613,7022.533997030929
52128,16,0.9838927388191223,0.8984375,0.05851836875081062,128.0,0.12198569066822529,7024.497800949961
52144,16,0.9777199029922485,0.8359375,0.0902678593993187,128.0,0.1219275314360857,7026.46025234554
52160,16,0.9867862462997437,0.90625,0.052142370492219925,128.0,0.12197632994502783,7028.4203675678
52176,16,0.9794560670852661,0.8828125,0.07040330022573471,128.0,0.1221246812492609,7030.385389028117
52192,16,0.9868826866149902,0.90625,0.04917977377772331,128.0,0.12185784988105297,7032.345774353482
52208,16,0.9817708134651184,0.8828125,0.06864167749881744,128.0,0.12180490046739578,7034.305670036934
52224,16,0.9810956716537476,0.8671875,0.06485915184020996,128.0,0.12193475011736155,7036.264538284391
52240,16,0.9864969253540039,0.8828125,0.0655740275979042,128.0,0.12278420012444258,7038.237274504267
52256,16,0.9894869327545166,0.9453125,0.040518954396247864,128.0,0.12183856964111328,7040.207082810812
52272,16,0.9392361044883728,0.6953125,0.1806780844926834,128.0,0.12222995888441801,7042.168536780402
52288,16,0.9834104776382446,0.875,0.06780721992254257,128.0,0.12201541848480701,7044.130202316679
52304,16,0.9748263955116272,0.828125,0.09320833534002304,128.0,0.12192704807966948,7046.095851211809
52320,16,0.9848572015762329,0.8671875,0.06313107162714005,128.0,0.12199728842824697,7048.062957843766
52336,16,0.9824459552764893,0.8828125,0.06731612235307693,128.0,0.12275130767375231,7050.029481593519
52352,16,0.983314037322998,0.890625,0.06428579986095428,128.0,0.12212819792330265,7051.995436758734
52368,16,0.9752122163772583,0.8359375,0.09045656025409698,128.0,0.1221146984025836,7053.95770805981
52384,16,0.9896798133850098,0.921875,0.044210225343704224,128.0,0.12237055785953999,7055.924405909143
52400,16,0.9709683656692505,0.828125,0.09895053505897522,128.0,0.12209010776132345,7057.885447123088
52416,16,0.9732831716537476,0.8671875,0.08246279507875443,128.0,0.12211804650723934,7059.847921645269
52432,16,0.9851465821266174,0.8984375,0.05948151275515556,128.0,0.1221368657425046,7061.816724546254
52448,16,0.9781057238578796,0.8828125,0.06804188340902328,128.0,0.12251206673681736,7063.780242803507
52464,16,0.9764660596847534,0.8671875,0.07575183361768723,128.0,0.12172804679721594,7065.743761436082
52480,16,0.9845678806304932,0.90625,0.05645722523331642,128.0,0.12233874760568142,7067.7060403861105
52496,16,0.9846643209457397,0.890625,0.0629810318350792,128.0,0.12194756604731083,7069.672388644889
52512,16,0.9861111640930176,0.9140625,0.054251641035079956,128.0,0.12212129589170218,7071.637593338266
52528,16,0.9937307238578796,0.953125,0.033870238810777664,128.0,0.12264844588935375,7073.6011786600575
52544,16,0.9757908582687378,0.8203125,0.09352583438158035,128.0,0.12244005501270294,7075.562825917266
52560,16,0.9755979776382446,0.875,0.07689684629440308,128.0,0.12225131597369909,7077.54030105751
52576,16,0.9699074029922485,0.8203125,0.1031671091914177,128.0,0.12304914649575949,7079.508682301268
52592,16,0.9797453880310059,0.8828125,0.0712425708770752,128.0,0.12236211448907852,7081.477524311282
52608,16,0.9879436492919922,0.9140625,0.04822928085923195,128.0,0.12194542493671179,7083.438487657346
52624,16,0.9699074029922485,0.8359375,0.0968155562877655,128.0,0.12221010494977236,7085.404223911464
52640,16,0.9750193357467651,0.8671875,0.08359398692846298,128.0,0.12182852532714605,7087.365787301213
52656,16,0.9941165447235107,0.953125,0.038973189890384674,128.0,0.12191497534513474,7089.326153987087
52672,16,0.9855324029922485,0.890625,0.05657960847020149,128.0,0.12190037406980991,7091.286071971059
52688,16,0.9729938507080078,0.828125,0.09544100612401962,128.0,0.12199219409376383,7093.249778043479
52704,16,0.9857252836227417,0.90625,0.055431678891181946,128.0,0.12194090336561203,7095.210801921785
52720,16,0.9742476940155029,0.8125,0.09382270276546478,128.0,0.1219499921426177,7097.170814036392
52736,16,0.9811921119689941,0.890625,0.06743494421243668,128.0,0.12191835232079029,7115.723402897827
52752,16,0.9756944179534912,0.875,0.07775739580392838,128.0,0.1217756038531661,7117.68265676219
52768,16,0.9705825448036194,0.8203125,0.12527571618556976,128.0,0.12187007162719965,7119.643731356598
52784,16,0.9860146641731262,0.890625,0.05288976430892944,128.0,0.12197960168123245,7121.606750077568
52800,16,0.9883294701576233,0.9140625,0.04672076180577278,128.0,0.12200835067778826,7123.571253706701
52816,16,0.9919945597648621,0.953125,0.03508928790688515,128.0,0.12240500189363956,7125.534591042437
52832,16,0.9855324029922485,0.921875,0.04992811754345894,128.0,0.12241156026721,7127.497773755342
52848,16,0.9798418283462524,0.875,0.06934762746095657,128.0,0.12189766019582748,7129.460080096498
52864,16,0.9846643209457397,0.8828125,0.06216228008270264,128.0,0.12181482091546059,7131.429218505509
52880,16,0.9936342239379883,0.953125,0.03250005468726158,128.0,0.12171100080013275,7133.399888842367
52896,16,0.9746334552764893,0.84375,0.09076373279094696,128.0,0.12181204091757536,7135.360775634646
52912,16,0.9786844253540039,0.8671875,0.078616201877594,128.0,0.12220860086381435,7137.324879064225
52928,16,0.9797453880310059,0.8671875,0.07695449888706207,128.0,0.12195011973381042,7139.290217762813
52944,16,0.9715470671653748,0.875,0.08555690944194794,128.0,0.12224993947893381,7141.257083937526
52960,16,0.980131208896637,0.8671875,0.0694449245929718,128.0,0.12204491999000311,7143.220182389952
52976,16,0.9856288433074951,0.8984375,0.06265155971050262,128.0,0.12217391934245825,7145.180310817435
52992,16,0.9765625,0.8671875,0.08715371787548065,128.0,0.12196870986372232,7147.155949417502
