[LT] num_processes=1
[LT] accelerate 사용 불가 (ModuleNotFoundError: No module named 'accelerate') — torch.distributed 폴백
[LT] out_dir = /workspace/LinearTuring/2026-09-09/run_v17  (쓰기 가능)
[LT] ※ 체크포인트 없음 — step 0 부터 시작한다. 이어서 돌릴 의도였다면 CFG['resume_from'] 에 이전 세션 output 경로를 지정하라 (예외사항.md §4).
[LT] inductor: persistent_reductions=False (소배치 축약 병리 회피)
[LT] world_size=1 local_bs=128 params=7,156,075 total_steps=390625 total_iters=200 out=/workspace/LinearTuring/2026-09-09/run_v17
[LT] 시작 step=0 iter=0 batch_in_iter=0
W0909 00:59:01.949000 39823 torch/_inductor/utils.py:1436] [0/0] Not enough SMs to use max_autotune_gemm mode
/usr/local/lib/python3.12/dist-packages/torch/_inductor/compile_fx.py:282: UserWarning: TensorFloat32 tensor cores for float32 matrix multiplication available but not enabled. Consider setting `torch.set_float32_matmul_precision('high')` for better performance.
  warnings.warn(
/usr/local/lib/python3.12/dist-packages/torch/_inductor/lowering.py:1696: FutureWarning: `torch._prims_common.check` is deprecated and will be removed in the future. Please use `torch._check*` functions instead.
  check(
/usr/local/lib/python3.12/dist-packages/torch/_inductor/lowering.py:1696: FutureWarning: `torch._prims_common.check` is deprecated and will be removed in the future. Please use `torch._check*` functions instead.
  check(
[LT] step 250  lm_loss 1.5337  acc 0.4416  exact 0.0000 (~0/128) [halt step 240]
[LT] step 500  lm_loss 1.2932  acc 0.5078  exact 0.0000 (~0/128) [halt step 496]
[LT] step 750  lm_loss 1.1321  acc 0.5425  exact 0.0000 (~0/128) [halt step 736]
[LT] step 1000  lm_loss 1.0902  acc 0.5840  exact 0.0000 (~0/128) [halt step 992]
[LT] step 1250  lm_loss 1.0771  acc 0.6291  exact 0.0000 (~0/128) [halt step 1248]
[LT] step 1500  lm_loss 0.8812  acc 0.6783  exact 0.0000 (~0/128) [halt step 1488]
[LT] step 1750  lm_loss 0.9042  acc 0.7275  exact 0.0000 (~0/128) [halt step 1744]
[EVAL] step 1953  acc 0.4805  exact 0/2048
[LT] step 2000  lm_loss 0.5911  acc 0.7790  exact 0.0000 (~0/128) [halt step 2000]
[LT] step 2250  lm_loss 0.7750  acc 0.7664  exact 0.0078 (~1/128) [halt step 2240]
[LT] step 2500  lm_loss 0.8659  acc 0.7593  exact 0.0078 (~1/128) [halt step 2496]
[LT] step 2750  lm_loss 0.6909  acc 0.8015  exact 0.0156 (~2/128) [halt step 2736]
[LT] step 3000  lm_loss 0.7523  acc 0.7563  exact 0.0234 (~3/128) [halt step 2992]
[LT] step 3250  lm_loss 0.8674  acc 0.8060  exact 0.0234 (~3/128) [halt step 3248]
[LT] step 3500  lm_loss 0.6805  acc 0.7818  exact 0.0156 (~2/128) [halt step 3488]
[LT] step 3750  lm_loss 0.8276  acc 0.8056  exact 0.0391 (~5/128) [halt step 3744]
[EVAL] step 3906  acc 0.6265  exact 26/2048
[LT] step 4000  lm_loss 0.5962  acc 0.7867  exact 0.0312 (~4/128) [halt step 4000]
[LT] step 4250  lm_loss 0.7537  acc 0.8193  exact 0.0312 (~4/128) [halt step 4240]
[LT] step 4500  lm_loss 0.8975  acc 0.8297  exact 0.0469 (~6/128) [halt step 4496]
[LT] step 4750  lm_loss 0.6968  acc 0.8338  exact 0.0625 (~8/128) [halt step 4736]
[LT] step 5000  lm_loss 0.7631  acc 0.8010  exact 0.0391 (~5/128) [halt step 4992]
[LT] step 5250  lm_loss 0.8352  acc 0.7789  exact 0.0156 (~2/128) [halt step 5248]
[LT] step 5500  lm_loss 0.6838  acc 0.8215  exact 0.0469 (~6/128) [halt step 5488]
[LT] step 5750  lm_loss 0.8242  acc 0.8322  exact 0.0703 (~9/128) [halt step 5744]
[EVAL] step 5859  acc 0.6680  exact 141/2048
[LT] step 6000  lm_loss 0.5437  acc 0.8166  exact 0.0078 (~1/128) [halt step 6000]
[LT] step 6250  lm_loss 0.7097  acc 0.8226  exact 0.0938 (~12/128) [halt step 6240]
[LT] step 6500  lm_loss 0.8666  acc 0.8131  exact 0.0156 (~2/128) [halt step 6496]
[LT] step 6750  lm_loss 0.5673  acc 0.7972  exact 0.0234 (~3/128) [halt step 6736]
[LT] step 7000  lm_loss 0.7243  acc 0.8191  exact 0.0859 (~11/128) [halt step 6992]
[LT] step 7250  lm_loss 0.8486  acc 0.8314  exact 0.1250 (~16/128) [halt step 7248]
[LT] step 7500  lm_loss 0.6786  acc 0.8421  exact 0.1328 (~17/128) [halt step 7488]
[LT] step 7750  lm_loss 0.8412  acc 0.8304  exact 0.0938 (~12/128) [halt step 7744]
[EVAL] step 7812  acc 0.6725  exact 194/2048
[LT] step 8000  lm_loss 0.4580  acc 0.8447  exact 0.2109 (~27/128) [halt step 8000]
[LT] step 8250  lm_loss 0.6889  acc 0.8357  exact 0.1250 (~16/128) [halt step 8240]
[LT] step 8500  lm_loss 0.8622  acc 0.8517  exact 0.1328 (~17/128) [halt step 8496]
[LT] step 8750  lm_loss 0.5684  acc 0.7606  exact 0.0078 (~1/128) [halt step 8736]
[LT] step 9000  lm_loss 0.7313  acc 0.8171  exact 0.0938 (~12/128) [halt step 8992]
[LT] step 9250  lm_loss 0.8047  acc 0.8188  exact 0.1250 (~16/128) [halt step 9248]
[LT] step 9500  lm_loss 0.6875  acc 0.8260  exact 0.1094 (~14/128) [halt step 9488]
[LT] step 9750  lm_loss 0.7390  acc 0.7456  exact 0.0312 (~4/128) [halt step 9744]
[EVAL] step 9765  acc 0.6733  exact 259/2048
[LT] step 10000  lm_loss 0.4817  acc 0.8351  exact 0.1172 (~15/128) [halt step 10000]
[LT] step 10250  lm_loss 0.6509  acc 0.8052  exact 0.0703 (~9/128) [halt step 10240]
[LT] step 10500  lm_loss 0.8265  acc 0.8061  exact 0.0938 (~12/128) [halt step 10496]
[LT] step 10750  lm_loss 0.6360  acc 0.8541  exact 0.2812 (~36/128) [halt step 10736]
[LT] step 11000  lm_loss 0.7798  acc 0.8324  exact 0.1953 (~25/128) [halt step 10992]
[LT] step 11250  lm_loss 0.7890  acc 0.8025  exact 0.0781 (~10/128) [halt step 11248]
[LT] step 11500  lm_loss 0.6904  acc 0.8326  exact 0.2188 (~28/128) [halt step 11488]
[EVAL] step 11718  acc 0.6727  exact 287/2048
[LT] step 11750  lm_loss 0.7784  acc 0.7889  exact 0.0312 (~4/128) [halt step 11744]
[LT] step 12000  lm_loss 0.5337  acc 0.8063  exact 0.0859 (~11/128) [halt step 12000]
[LT] step 12250  lm_loss 0.6955  acc 0.8164  exact 0.1562 (~20/128) [halt step 12240]
[LT] step 12500  lm_loss 0.7928  acc 0.8054  exact 0.0859 (~11/128) [halt step 12496]
[LT] step 12750  lm_loss 0.4029  acc 0.7862  exact 0.1094 (~14/128) [halt step 12736]
[LT] step 13000  lm_loss 0.7774  acc 0.8162  exact 0.0859 (~11/128) [halt step 12992]
[LT] step 13250  lm_loss 0.8080  acc 0.8162  exact 0.1641 (~21/128) [halt step 13248]
[LT] step 13500  lm_loss 0.6720  acc 0.8252  exact 0.1406 (~18/128) [halt step 13488]
[EVAL] step 13671  acc 0.6784  exact 307/2048
[LT] step 13750  lm_loss 0.7855  acc 0.7968  exact 0.0547 (~7/128) [halt step 13744]
[LT] step 14000  lm_loss 0.4912  acc 0.8266  exact 0.1406 (~18/128) [halt step 14000]
[LT] step 14250  lm_loss 0.6859  acc 0.8398  exact 0.2422 (~31/128) [halt step 14240]
[LT] step 14500  lm_loss 0.7837  acc 0.8320  exact 0.2344 (~30/128) [halt step 14496]
[LT] step 14750  lm_loss 0.4983  acc 0.8089  exact 0.0625 (~8/128) [halt step 14736]
[LT] step 15000  lm_loss 0.8168  acc 0.8677  exact 0.2656 (~34/128) [halt step 14992]
[LT] step 15250  lm_loss 0.7993  acc 0.8071  exact 0.1172 (~15/128) [halt step 15248]
[LT] step 15500  lm_loss 0.6417  acc 0.7921  exact 0.0547 (~7/128) [halt step 15488]
[EVAL] step 15624  acc 0.6781  exact 331/2048
[LT] step 15750  lm_loss 0.7650  acc 0.8107  exact 0.1328 (~17/128) [halt step 15744]
[LT] step 16000  lm_loss 0.5288  acc 0.8190  exact 0.0859 (~11/128) [halt step 16000]
[LT] step 16250  lm_loss 0.6990  acc 0.8446  exact 0.2812 (~36/128) [halt step 16240]
[LT] step 16500  lm_loss 0.7768  acc 0.7847  exact 0.0703 (~9/128) [halt step 16496]
[LT] step 16750  lm_loss 0.5807  acc 0.8431  exact 0.2578 (~33/128) [halt step 16736]
[LT] step 17000  lm_loss 0.7213  acc 0.8265  exact 0.1875 (~24/128) [halt step 16992]
[LT] step 17250  lm_loss 0.8144  acc 0.8116  exact 0.1016 (~13/128) [halt step 17248]
[LT] step 17500  lm_loss 0.6215  acc 0.8388  exact 0.2266 (~29/128) [halt step 17488]
[EVAL] step 17577  acc 0.6781  exact 325/2048
[LT] step 17750  lm_loss 0.8241  acc 0.8462  exact 0.2734 (~35/128) [halt step 17744]
[LT] step 18000  lm_loss 0.4336  acc 0.8477  exact 0.2578 (~33/128) [halt step 18000]
[LT] step 18250  lm_loss 0.6403  acc 0.8217  exact 0.2266 (~29/128) [halt step 18240]
[LT] step 18500  lm_loss 0.7603  acc 0.8253  exact 0.1250 (~16/128) [halt step 18496]
[LT] step 18750  lm_loss 0.5094  acc 0.8298  exact 0.2344 (~30/128) [halt step 18736]
[LT] step 19000  lm_loss 0.7181  acc 0.7969  exact 0.0781 (~10/128) [halt step 18992]
[LT] step 19250  lm_loss 0.7995  acc 0.8478  exact 0.2891 (~37/128) [halt step 19248]
[LT] step 19500  lm_loss 0.6111  acc 0.8438  exact 0.2578 (~33/128) [halt step 19488]
[EVAL] step 19530  acc 0.6876  exact 351/2048
[LT] step 19750  lm_loss 0.7730  acc 0.8240  exact 0.2031 (~26/128) [halt step 19744]
[LT] step 20000  lm_loss 0.4484  acc 0.8476  exact 0.2812 (~36/128) [halt step 20000]
[LT] step 20250  lm_loss 0.6319  acc 0.8621  exact 0.3438 (~44/128) [halt step 20240]
[LT] step 20500  lm_loss 0.7673  acc 0.7532  exact 0.0156 (~2/128) [halt step 20496]
[LT] step 20750  lm_loss 0.4962  acc 0.8273  exact 0.2266 (~29/128) [halt step 20736]
[LT] step 21000  lm_loss 0.6605  acc 0.8402  exact 0.2734 (~35/128) [halt step 20992]
[LT] step 21250  lm_loss 0.7886  acc 0.8413  exact 0.3125 (~40/128) [halt step 21248]
[EVAL] step 21483  acc 0.6837  exact 246/2048
[LT] step 21500  lm_loss 0.5839  acc 0.8155  exact 0.2109 (~27/128) [halt step 21488]
[LT] step 21750  lm_loss 0.7444  acc 0.8196  exact 0.2578 (~33/128) [halt step 21744]
[LT] step 22000  lm_loss 0.5356  acc 0.8037  exact 0.1719 (~22/128) [halt step 22000]
[LT] step 22250  lm_loss 0.6206  acc 0.8406  exact 0.3125 (~40/128) [halt step 22240]
[LT] step 22500  lm_loss 0.7900  acc 0.8516  exact 0.3594 (~46/128) [halt step 22496]
[LT] step 22750  lm_loss 0.5552  acc 0.7622  exact 0.1250 (~16/128) [halt step 22736]
[LT] step 23000  lm_loss 0.6926  acc 0.8238  exact 0.1719 (~22/128) [halt step 22992]
[LT] step 23250  lm_loss 0.7632  acc 0.8263  exact 0.1719 (~22/128) [halt step 23248]
[EVAL] step 23436  acc 0.6909  exact 349/2048
[LT] step 23500  lm_loss 0.6086  acc 0.8591  exact 0.2812 (~36/128) [halt step 23488]
[LT] step 23750  lm_loss 0.7312  acc 0.8600  exact 0.3750 (~48/128) [halt step 23744]
[LT] step 24000  lm_loss 0.4595  acc 0.8320  exact 0.2656 (~34/128) [halt step 24000]
[LT] step 24250  lm_loss 0.6997  acc 0.8586  exact 0.3672 (~47/128) [halt step 24240]
[LT] step 24500  lm_loss 0.7695  acc 0.8169  exact 0.2188 (~28/128) [halt step 24496]
[LT] step 24750  lm_loss 0.6815  acc 0.8131  exact 0.1953 (~25/128) [halt step 24736]
[LT] step 25000  lm_loss 0.7037  acc 0.8148  exact 0.2031 (~26/128) [halt step 24992]
[LT] step 25250  lm_loss 0.7971  acc 0.8868  exact 0.4141 (~53/128) [halt step 25248]
[EVAL] step 25389  acc 0.6949  exact 300/2048
[LT] step 25500  lm_loss 0.5160  acc 0.8671  exact 0.3203 (~41/128) [halt step 25488]
[LT] step 25750  lm_loss 0.7104  acc 0.8322  exact 0.2578 (~33/128) [halt step 25744]
[LT] step 26000  lm_loss 0.4453  acc 0.8390  exact 0.2891 (~37/128) [halt step 26000]
[LT] step 26250  lm_loss 0.6142  acc 0.8390  exact 0.3047 (~39/128) [halt step 26240]
[LT] step 26500  lm_loss 0.7747  acc 0.8547  exact 0.2734 (~35/128) [halt step 26496]
[LT] step 26750  lm_loss 0.4887  acc 0.8449  exact 0.3906 (~50/128) [halt step 26736]
[LT] step 27000  lm_loss 0.6787  acc 0.8750  exact 0.4219 (~54/128) [halt step 26992]
[LT] step 27250  lm_loss 0.7709  acc 0.8655  exact 0.3750 (~48/128) [halt step 27248]
[EVAL] step 27342  acc 0.6908  exact 306/2048
[LT] step 27500  lm_loss 0.5701  acc 0.8685  exact 0.4062 (~52/128) [halt step 27488]
[LT] step 27750  lm_loss 0.7173  acc 0.8560  exact 0.3750 (~48/128) [halt step 27744]
[LT] step 28000  lm_loss 0.4659  acc 0.8379  exact 0.2578 (~33/128) [halt step 28000]
[LT] step 28250  lm_loss 0.6610  acc 0.8273  exact 0.2656 (~34/128) [halt step 28240]
[LT] step 28500  lm_loss 0.7679  acc 0.8204  exact 0.1719 (~22/128) [halt step 28496]
[LT] step 28750  lm_loss 0.5124  acc 0.8304  exact 0.2891 (~37/128) [halt step 28736]
[LT] step 29000  lm_loss 0.6642  acc 0.8337  exact 0.2734 (~35/128) [halt step 28992]
[LT] step 29250  lm_loss 0.7626  acc 0.8382  exact 0.3203 (~41/128) [halt step 29248]
[EVAL] step 29295  acc 0.6998  exact 353/2048
[LT] step 29500  lm_loss 0.6128  acc 0.8662  exact 0.3125 (~40/128) [halt step 29488]
[LT] step 29750  lm_loss 0.7299  acc 0.8370  exact 0.2969 (~38/128) [halt step 29744]
[LT] step 30000  lm_loss 0.4088  acc 0.8540  exact 0.2656 (~34/128) [halt step 30000]
[LT] step 30250  lm_loss 0.6500  acc 0.8444  exact 0.3125 (~40/128) [halt step 30240]
[LT] step 30500  lm_loss 0.7728  acc 0.8570  exact 0.3281 (~42/128) [halt step 30496]
[LT] step 30750  lm_loss 0.5400  acc 0.8433  exact 0.3750 (~48/128) [halt step 30736]
[LT] step 31000  lm_loss 0.6933  acc 0.8608  exact 0.3047 (~39/128) [halt step 30992]
[EVAL] step 31248  acc 0.6984  exact 339/2048
[LT] step 31250  lm_loss 0.7882  acc 0.8353  exact 0.2891 (~37/128) [halt step 31248]
[LT] step 31500  lm_loss 0.5540  acc 0.8416  exact 0.3047 (~39/128) [halt step 31488]
[LT] step 31750  lm_loss 0.7214  acc 0.8417  exact 0.3203 (~41/128) [halt step 31744]
[LT] step 32000  lm_loss 0.4103  acc 0.8463  exact 0.2969 (~38/128) [halt step 32000]
[LT] step 32250  lm_loss 0.5993  acc 0.8300  exact 0.2656 (~34/128) [halt step 32240]
[LT] step 32500  lm_loss 0.7216  acc 0.8657  exact 0.4062 (~52/128) [halt step 32496]
[LT] step 32750  lm_loss 0.4905  acc 0.8538  exact 0.3047 (~39/128) [halt step 32736]
[LT] step 33000  lm_loss 0.6968  acc 0.8720  exact 0.4297 (~55/128) [halt step 32992]
[EVAL] step 33201  acc 0.7066  exact 363/2048
[LT] step 33250  lm_loss 0.7884  acc 0.8576  exact 0.3672 (~47/128) [halt step 33248]
[LT] step 33500  lm_loss 0.5823  acc 0.8630  exact 0.3828 (~49/128) [halt step 33488]
[LT] step 33750  lm_loss 0.7272  acc 0.8835  exact 0.4297 (~55/128) [halt step 33744]
[LT] step 34000  lm_loss 0.3758  acc 0.8631  exact 0.4297 (~55/128) [halt step 34000]
[LT] step 34250  lm_loss 0.5772  acc 0.8375  exact 0.2969 (~38/128) [halt step 34240]
[LT] step 34500  lm_loss 0.7205  acc 0.8565  exact 0.3828 (~49/128) [halt step 34496]
[LT] step 34750  lm_loss 0.5155  acc 0.8519  exact 0.3438 (~44/128) [halt step 34736]
[LT] step 35000  lm_loss 0.6762  acc 0.8304  exact 0.2188 (~28/128) [halt step 34992]
[EVAL] step 35154  acc 0.7053  exact 365/2048
[LT] step 35250  lm_loss 0.7870  acc 0.8303  exact 0.3047 (~39/128) [halt step 35248]
[LT] step 35500  lm_loss 0.6150  acc 0.8488  exact 0.3438 (~44/128) [halt step 35488]
[LT] step 35750  lm_loss 0.7126  acc 0.8395  exact 0.2656 (~34/128) [halt step 35744]
[LT] step 36000  lm_loss 0.3913  acc 0.8640  exact 0.3438 (~44/128) [halt step 36000]
[LT] step 36250  lm_loss 0.6295  acc 0.8502  exact 0.3828 (~49/128) [halt step 36240]
[LT] step 36500  lm_loss 0.8169  acc 0.8684  exact 0.3984 (~51/128) [halt step 36496]
[LT] step 36750  lm_loss 0.4825  acc 0.8454  exact 0.3203 (~41/128) [halt step 36736]
[LT] step 37000  lm_loss 0.6621  acc 0.8068  exact 0.3047 (~39/128) [halt step 36992]
[EVAL] step 37107  acc 0.7042  exact 333/2048
[LT] step 37250  lm_loss 0.7455  acc 0.8650  exact 0.4531 (~58/128) [halt step 37248]
[LT] step 37500  lm_loss 0.5147  acc 0.8413  exact 0.3594 (~46/128) [halt step 37488]
[LT] step 37750  lm_loss 0.7310  acc 0.8671  exact 0.4297 (~55/128) [halt step 37744]
[LT] step 38000  lm_loss 0.3949  acc 0.8609  exact 0.3438 (~44/128) [halt step 38000]
[LT] step 38250  lm_loss 0.6431  acc 0.8572  exact 0.3750 (~48/128) [halt step 38240]
[LT] step 38500  lm_loss 0.7737  acc 0.8340  exact 0.2734 (~35/128) [halt step 38496]
[LT] step 38750  lm_loss 0.4760  acc 0.8467  exact 0.3516 (~45/128) [halt step 38736]
[LT] step 39000  lm_loss 0.6816  acc 0.8524  exact 0.3281 (~42/128) [halt step 38992]
[EVAL] step 39060  acc 0.6987  exact 303/2048
[LT] step 39250  lm_loss 0.7561  acc 0.8748  exact 0.4141 (~53/128) [halt step 39248]
[LT] step 39500  lm_loss 0.6032  acc 0.8389  exact 0.3281 (~42/128) [halt step 39488]
[LT] step 39750  lm_loss 0.6982  acc 0.8071  exact 0.1875 (~24/128) [halt step 39744]
[LT] step 40000  lm_loss 0.4768  acc 0.8358  exact 0.3281 (~42/128) [halt step 40000]
[LT] step 40250  lm_loss 0.6230  acc 0.8707  exact 0.3828 (~49/128) [halt step 40240]
[LT] step 40500  lm_loss 0.7365  acc 0.8712  exact 0.4453 (~57/128) [halt step 40496]
[LT] step 40750  lm_loss 0.5930  acc 0.8124  exact 0.1797 (~23/128) [halt step 40736]
[LT] step 41000  lm_loss 0.6298  acc 0.8317  exact 0.2891 (~37/128) [halt step 40992]
[EVAL] step 41013  acc 0.6970  exact 284/2048
[LT] step 41250  lm_loss 0.7564  acc 0.8901  exact 0.5000 (~64/128) [halt step 41248]
[LT] step 41500  lm_loss 0.4866  acc 0.8565  exact 0.3047 (~39/128) [halt step 41488]
[LT] step 41750  lm_loss 0.7431  acc 0.8404  exact 0.3203 (~41/128) [halt step 41744]
[LT] step 42000  lm_loss 0.4224  acc 0.8605  exact 0.3438 (~44/128) [halt step 42000]
[LT] step 42250  lm_loss 0.6159  acc 0.8546  exact 0.3359 (~43/128) [halt step 42240]
[LT] step 42500  lm_loss 0.7756  acc 0.8601  exact 0.4062 (~52/128) [halt step 42496]
[LT] step 42750  lm_loss 0.5072  acc 0.8351  exact 0.2031 (~26/128) [halt step 42736]
[EVAL] step 42966  acc 0.7117  exact 396/2048
[LT] step 43000  lm_loss 0.6803  acc 0.8117  exact 0.1875 (~24/128) [halt step 42992]
[LT] step 43250  lm_loss 0.9791  acc 0.8713  exact 0.3516 (~45/128) [halt step 43248]
[LT] step 43500  lm_loss 0.6470  acc 0.8611  exact 0.2656 (~34/128) [halt step 43488]
[LT] step 43750  lm_loss 0.7221  acc 0.8669  exact 0.3984 (~51/128) [halt step 43744]
[LT] step 44000  lm_loss 0.4251  acc 0.8516  exact 0.2578 (~33/128) [halt step 44000]
[LT] step 44250  lm_loss 0.5862  acc 0.8582  exact 0.3594 (~46/128) [halt step 44240]
[LT] step 44500  lm_loss 0.7550  acc 0.8632  exact 0.4062 (~52/128) [halt step 44496]
[LT] step 44750  lm_loss 0.4473  acc 0.8519  exact 0.3516 (~45/128) [halt step 44736]
[EVAL] step 44919  acc 0.7098  exact 353/2048
[LT] step 45000  lm_loss 0.6499  acc 0.8577  exact 0.3125 (~40/128) [halt step 44992]
[LT] step 45250  lm_loss 0.7749  acc 0.8837  exact 0.4688 (~60/128) [halt step 45248]
[LT] step 45500  lm_loss 0.5311  acc 0.8783  exact 0.4141 (~53/128) [halt step 45488]
[LT] step 45750  lm_loss 0.6786  acc 0.8702  exact 0.3750 (~48/128) [halt step 45744]
[LT] step 46000  lm_loss 0.3750  acc 0.8693  exact 0.3516 (~45/128) [halt step 46000]
[LT] step 46250  lm_loss 0.5228  acc 0.8702  exact 0.3828 (~49/128) [halt step 46240]
[LT] step 46500  lm_loss 0.8196  acc 0.6867  exact 0.0078 (~1/128) [halt step 46496]
[LT] step 46750  lm_loss 0.4310  acc 0.8800  exact 0.4062 (~52/128) [halt step 46736]
[EVAL] step 46872  acc 0.6826  exact 155/2048
[LT] step 47000  lm_loss 0.6763  acc 0.8673  exact 0.3594 (~46/128) [halt step 46992]
[LT] step 47250  lm_loss 0.7903  acc 0.8492  exact 0.2500 (~32/128) [halt step 47248]
[LT] step 47500  lm_loss 0.5582  acc 0.8649  exact 0.3281 (~42/128) [halt step 47488]
[LT] step 47750  lm_loss 0.7326  acc 0.8680  exact 0.3516 (~45/128) [halt step 47744]
[LT] step 48000  lm_loss 0.4242  acc 0.8508  exact 0.3047 (~39/128) [halt step 48000]
[LT] step 48250  lm_loss 0.6289  acc 0.8811  exact 0.4219 (~54/128) [halt step 48240]
[LT] step 48500  lm_loss 0.7382  acc 0.8594  exact 0.3438 (~44/128) [halt step 48496]
[LT] step 48750  lm_loss 0.5126  acc 0.9115  exact 0.5078 (~65/128) [halt step 48736]
[EVAL] step 48825  acc 0.6685  exact 77/2048
[LT] step 49000  lm_loss 0.6507  acc 0.8606  exact 0.3359 (~43/128) [halt step 48992]
[LT] step 49250  lm_loss 0.7550  acc 0.8524  exact 0.3281 (~42/128) [halt step 49248]
[LT] step 49500  lm_loss 0.5252  acc 0.8793  exact 0.4844 (~62/128) [halt step 49488]
[LT] step 49750  lm_loss 0.7097  acc 0.8540  exact 0.3516 (~45/128) [halt step 49744]
[LT] step 50000  lm_loss 0.4436  acc 0.8329  exact 0.2578 (~33/128) [halt step 50000]
[LT] step 50250  lm_loss 0.5815  acc 0.8556  exact 0.3516 (~45/128) [halt step 50240]
[LT] step 50500  lm_loss 0.7579  acc 0.8687  exact 0.3750 (~48/128) [halt step 50496]
[LT] step 50750  lm_loss 0.4315  acc 0.9003  exact 0.4922 (~63/128) [halt step 50736]
[EVAL] step 50778  acc 0.7026  exact 282/2048
[LT] step 51000  lm_loss 0.7016  acc 0.8493  exact 0.3438 (~44/128) [halt step 50992]
[LT] step 51250  lm_loss 0.7880  acc 0.8781  exact 0.3906 (~50/128) [halt step 51248]
[LT] step 51500  lm_loss 0.4713  acc 0.8543  exact 0.3281 (~42/128) [halt step 51488]
[LT] step 51750  lm_loss 0.7069  acc 0.8495  exact 0.3438 (~44/128) [halt step 51744]
[LT] step 52000  lm_loss 0.3649  acc 0.8751  exact 0.3828 (~49/128) [halt step 52000]
[LT] step 52250  lm_loss 0.5659  acc 0.8998  exact 0.5312 (~68/128) [halt step 52240]
[LT] step 52500  lm_loss 0.7362  acc 0.8867  exact 0.4062 (~52/128) [halt step 52496]
[EVAL] step 52731  acc 0.7004  exact 226/2048
[LT] step 52750  lm_loss 0.4339  acc 0.8920  exact 0.4297 (~55/128) [halt step 52736]
[LT] step 53000  lm_loss 0.6575  acc 0.8414  exact 0.2969 (~38/128) [halt step 52992]
[LT] step 53250  lm_loss 0.7721  acc 0.8620  exact 0.3359 (~43/128) [halt step 53248]
[LT] step 53500  lm_loss 0.5547  acc 0.8571  exact 0.3047 (~39/128) [halt step 53488]
[LT] step 53750  lm_loss 0.6734  acc 0.8498  exact 0.3828 (~49/128) [halt step 53744]
[LT] step 54000  lm_loss 0.4075  acc 0.8511  exact 0.3203 (~41/128) [halt step 54000]
[LT] step 54250  lm_loss 0.6814  acc 0.8668  exact 0.4141 (~53/128) [halt step 54240]
[LT] step 54500  lm_loss 0.7649  acc 0.8654  exact 0.3828 (~49/128) [halt step 54496]
[EVAL] step 54684  acc 0.6702  exact 99/2048
[LT] step 54750  lm_loss 0.4876  acc 0.8523  exact 0.3438 (~44/128) [halt step 54736]
[LT] step 55000  lm_loss 0.6496  acc 0.8796  exact 0.3906 (~50/128) [halt step 54992]
[LT] step 55250  lm_loss 0.8134  acc 0.8740  exact 0.4062 (~52/128) [halt step 55248]
[LT] step 55500  lm_loss 0.5833  acc 0.8514  exact 0.2422 (~31/128) [halt step 55488]
[LT] step 55750  lm_loss 0.7163  acc 0.8709  exact 0.3516 (~45/128) [halt step 55744]
[LT] step 56000  lm_loss 0.3241  acc 0.8958  exact 0.4297 (~55/128) [halt step 56000]
[LT] step 56250  lm_loss 0.6041  acc 0.9020  exact 0.4609 (~59/128) [halt step 56240]
[LT] step 56500  lm_loss 0.7671  acc 0.8683  exact 0.3672 (~47/128) [halt step 56496]
[EVAL] step 56637  acc 0.7205  exact 348/2048
[LT] step 56750  lm_loss 0.4799  acc 0.8730  exact 0.4375 (~56/128) [halt step 56736]
[LT] step 57000  lm_loss 0.6841  acc 0.9187  exact 0.4922 (~63/128) [halt step 56992]
[LT] step 57250  lm_loss 0.7693  acc 0.8849  exact 0.4141 (~53/128) [halt step 57248]
[LT] step 57500  lm_loss 0.4613  acc 0.8810  exact 0.3984 (~51/128) [halt step 57488]
[LT] step 57750  lm_loss 0.7078  acc 0.9103  exact 0.4688 (~60/128) [halt step 57744]
[LT] step 58000  lm_loss 0.4277  acc 0.8480  exact 0.3047 (~39/128) [halt step 58000]
[LT] step 58250  lm_loss 0.5243  acc 0.8752  exact 0.4219 (~54/128) [halt step 58240]
[LT] step 58500  lm_loss 0.7317  acc 0.8700  exact 0.3828 (~49/128) [halt step 58496]
[EVAL] step 58590  acc 0.7256  exact 388/2048
[LT] step 58750  lm_loss 0.4247  acc 0.8440  exact 0.3047 (~39/128) [halt step 58736]
[LT] step 59000  lm_loss 0.6459  acc 0.9025  exact 0.4531 (~58/128) [halt step 58992]
[LT] step 59250  lm_loss 0.7979  acc 0.8884  exact 0.4922 (~63/128) [halt step 59248]
[LT] step 59500  lm_loss 0.6155  acc 0.8197  exact 0.2188 (~28/128) [halt step 59488]
[LT] step 59750  lm_loss 0.6713  acc 0.8721  exact 0.3750 (~48/128) [halt step 59744]
[LT] step 60000  lm_loss 0.4386  acc 0.8411  exact 0.3047 (~39/128) [halt step 60000]
[LT] step 60250  lm_loss 0.5675  acc 0.9062  exact 0.5000 (~64/128) [halt step 60240]
[LT] step 60500  lm_loss 0.7421  acc 0.8299  exact 0.2734 (~35/128) [halt step 60496]
[EVAL] step 60543  acc 0.7214  exact 347/2048
[LT] step 60750  lm_loss 0.5109  acc 0.8778  exact 0.3984 (~51/128) [halt step 60736]
[LT] step 61000  lm_loss 0.6716  acc 0.8606  exact 0.3750 (~48/128) [halt step 60992]
[LT] step 61250  lm_loss 0.7463  acc 0.8907  exact 0.4375 (~56/128) [halt step 61248]
[LT] step 61500  lm_loss 0.5792  acc 0.8439  exact 0.3672 (~47/128) [halt step 61488]
[LT] step 61750  lm_loss 0.7107  acc 0.8617  exact 0.3906 (~50/128) [halt step 61744]
[LT] step 62000  lm_loss 0.3106  acc 0.8950  exact 0.4375 (~56/128) [halt step 62000]
[LT] step 62250  lm_loss 0.6022  acc 0.8738  exact 0.3828 (~49/128) [halt step 62240]
[EVAL] step 62496  acc 0.7206  exact 420/2048
[LT] step 62500  lm_loss 0.7184  acc 0.8818  exact 0.4844 (~62/128) [halt step 62496]
[LT] step 62750  lm_loss 0.3777  acc 0.8553  exact 0.4375 (~56/128) [halt step 62736]
[LT] step 63000  lm_loss 0.6158  acc 0.9086  exact 0.5156 (~66/128) [halt step 62992]
[LT] step 63250  lm_loss 0.7587  acc 0.8554  exact 0.3516 (~45/128) [halt step 63248]
[LT] step 63500  lm_loss 0.4864  acc 0.8560  exact 0.3203 (~41/128) [halt step 63488]
[LT] step 63750  lm_loss 0.7154  acc 0.8710  exact 0.3281 (~42/128) [halt step 63744]
[LT] step 64000  lm_loss 0.2890  acc 0.9014  exact 0.4844 (~62/128) [halt step 64000]
[LT] step 64250  lm_loss 0.5490  acc 0.8900  exact 0.3984 (~51/128) [halt step 64240]
[EVAL] step 64449  acc 0.7242  exact 471/2048
[LT] step 64500  lm_loss 0.7508  acc 0.8974  exact 0.3984 (~51/128) [halt step 64496]
[LT] step 64750  lm_loss 0.3727  acc 0.8401  exact 0.2891 (~37/128) [halt step 64736]
[LT] step 65000  lm_loss 0.6891  acc 0.8686  exact 0.3125 (~40/128) [halt step 64992]
[LT] step 65250  lm_loss 0.7467  acc 0.8831  exact 0.2969 (~38/128) [halt step 65248]
[LT] step 65500  lm_loss 0.4927  acc 0.8752  exact 0.3906 (~50/128) [halt step 65488]
[LT] step 65750  lm_loss 0.6558  acc 0.9174  exact 0.5703 (~73/128) [halt step 65744]
[LT] step 66000  lm_loss 0.4158  acc 0.8458  exact 0.3594 (~46/128) [halt step 66000]
[LT] step 66250  lm_loss 0.6268  acc 0.9075  exact 0.4453 (~57/128) [halt step 66240]
[EVAL] step 66402  acc 0.7303  exact 521/2048
[LT] step 66500  lm_loss 0.7400  acc 0.8873  exact 0.4375 (~56/128) [halt step 66496]
[LT] step 66750  lm_loss 0.4424  acc 0.8957  exact 0.4453 (~57/128) [halt step 66736]
[LT] step 67000  lm_loss 0.6607  acc 0.8959  exact 0.4766 (~61/128) [halt step 66992]
[LT] step 67250  lm_loss 0.7831  acc 0.8933  exact 0.4531 (~58/128) [halt step 67248]
[LT] step 67500  lm_loss 0.6977  acc 0.8694  exact 0.3828 (~49/128) [halt step 67488]
[LT] step 67750  lm_loss 0.7188  acc 0.8831  exact 0.4453 (~57/128) [halt step 67744]
[LT] step 68000  lm_loss 0.3628  acc 0.8693  exact 0.3984 (~51/128) [halt step 68000]
[LT] step 68250  lm_loss 0.6481  acc 0.8692  exact 0.4141 (~53/128) [halt step 68240]
[EVAL] step 68355  acc 0.6887  exact 286/2048
[LT] step 68500  lm_loss 0.7390  acc 0.9088  exact 0.4844 (~62/128) [halt step 68496]
[LT] step 68750  lm_loss 0.4488  acc 0.8989  exact 0.4844 (~62/128) [halt step 68736]
[LT] step 69000  lm_loss 0.6167  acc 0.9079  exact 0.5312 (~68/128) [halt step 68992]
[LT] step 69250  lm_loss 0.7358  acc 0.9396  exact 0.6875 (~88/128) [halt step 69248]
[LT] step 69500  lm_loss 0.4492  acc 0.8900  exact 0.4375 (~56/128) [halt step 69488]
[LT] step 69750  lm_loss 0.6879  acc 0.8819  exact 0.3906 (~50/128) [halt step 69744]
[LT] step 70000  lm_loss 0.3291  acc 0.8853  exact 0.4219 (~54/128) [halt step 70000]
[LT] step 70250  lm_loss 0.5185  acc 0.9213  exact 0.5859 (~75/128) [halt step 70240]
[EVAL] step 70308  acc 0.7111  exact 400/2048
[LT] step 70500  lm_loss 0.7350  acc 0.8966  exact 0.4375 (~56/128) [halt step 70496]
[LT] step 70750  lm_loss 0.4268  acc 0.8874  exact 0.4297 (~55/128) [halt step 70736]
[LT] step 71000  lm_loss 0.6502  acc 0.8758  exact 0.3750 (~48/128) [halt step 70992]
[LT] step 71250  lm_loss 0.7593  acc 0.9018  exact 0.5078 (~65/128) [halt step 71248]
[LT] step 71500  lm_loss 0.4696  acc 0.8736  exact 0.3281 (~42/128) [halt step 71488]
[LT] step 71750  lm_loss 0.6665  acc 0.9143  exact 0.4688 (~60/128) [halt step 71744]
[LT] step 72000  lm_loss 0.4437  acc 0.8410  exact 0.2734 (~35/128) [halt step 72000]
[LT] step 72250  lm_loss 0.5593  acc 0.8600  exact 0.3984 (~51/128) [halt step 72240]
[EVAL] step 72261  acc 0.6886  exact 360/2048
[LT] step 72500  lm_loss 0.7457  acc 0.8956  exact 0.5000 (~64/128) [halt step 72496]
[LT] step 72750  lm_loss 0.4660  acc 0.8903  exact 0.4688 (~60/128) [halt step 72736]
[LT] step 73000  lm_loss 0.5977  acc 0.8945  exact 0.4688 (~60/128) [halt step 72992]
[LT] step 73250  lm_loss 0.7910  acc 0.9107  exact 0.5000 (~64/128) [halt step 73248]
[LT] step 73500  lm_loss 0.4909  acc 0.9235  exact 0.5859 (~75/128) [halt step 73488]
[LT] step 73750  lm_loss 0.6872  acc 0.9035  exact 0.5000 (~64/128) [halt step 73744]
[LT] step 74000  lm_loss 0.4406  acc 0.8628  exact 0.3438 (~44/128) [halt step 74000]
[EVAL] step 74214  acc 0.6607  exact 145/2048
[LT] step 74250  lm_loss 0.5547  acc 0.9130  exact 0.5078 (~65/128) [halt step 74240]
[LT] step 74500  lm_loss 0.7298  acc 0.8478  exact 0.3203 (~41/128) [halt step 74496]
[LT] step 74750  lm_loss 0.4659  acc 0.9047  exact 0.5078 (~65/128) [halt step 74736]
[LT] step 75000  lm_loss 0.5921  acc 0.8970  exact 0.4688 (~60/128) [halt step 74992]
[LT] step 75250  lm_loss 0.7268  acc 0.8753  exact 0.4297 (~55/128) [halt step 75248]
[LT] step 75500  lm_loss 0.5082  acc 0.8727  exact 0.4297 (~55/128) [halt step 75488]
[LT] step 75750  lm_loss 0.7044  acc 0.8884  exact 0.3984 (~51/128) [halt step 75744]
[LT] step 76000  lm_loss 0.2696  acc 0.9153  exact 0.5859 (~75/128) [halt step 76000]
[EVAL] step 76167  acc 0.7567  exact 665/2048
[LT] step 76250  lm_loss 0.6212  acc 0.8045  exact 0.2031 (~26/128) [halt step 76240]
[LT] step 76500  lm_loss 0.7206  acc 0.9316  exact 0.6406 (~82/128) [halt step 76496]
[LT] step 76750  lm_loss 0.4113  acc 0.9009  exact 0.5312 (~68/128) [halt step 76736]
[LT] step 77000  lm_loss 0.6452  acc 0.9023  exact 0.5469 (~70/128) [halt step 76992]
[LT] step 77250  lm_loss 0.7921  acc 0.9051  exact 0.5156 (~66/128) [halt step 77248]
[LT] step 77500  lm_loss 0.5160  acc 0.9056  exact 0.4922 (~63/128) [halt step 77488]
[LT] step 77750  lm_loss 0.7043  acc 0.8906  exact 0.4453 (~57/128) [halt step 77744]
[LT] step 78000  lm_loss 0.2726  acc 0.9107  exact 0.5625 (~72/128) [halt step 78000]
[EVAL] step 78120  acc 0.7503  exact 623/2048
[LT] step 78250  lm_loss 0.5481  acc 0.8842  exact 0.3828 (~49/128) [halt step 78240]
[LT] step 78500  lm_loss 0.7467  acc 0.9177  exact 0.5781 (~74/128) [halt step 78496]
[LT] step 78750  lm_loss 0.3375  acc 0.8839  exact 0.4766 (~61/128) [halt step 78736]
[LT] step 79000  lm_loss 0.6314  acc 0.9165  exact 0.5703 (~73/128) [halt step 78992]
[LT] step 79250  lm_loss 0.7452  acc 0.8667  exact 0.3906 (~50/128) [halt step 79248]
[LT] step 79500  lm_loss 0.4257  acc 0.8881  exact 0.3906 (~50/128) [halt step 79488]
[LT] step 79750  lm_loss 0.7070  acc 0.8951  exact 0.5312 (~68/128) [halt step 79744]
[LT] step 80000  lm_loss 0.5590  acc 0.7901  exact 0.0781 (~10/128) [halt step 80000]
[EVAL] step 80073  acc 0.7492  exact 583/2048
[LT] step 80250  lm_loss 0.5683  acc 0.8410  exact 0.3672 (~47/128) [halt step 80240]
[LT] step 80500  lm_loss 0.6971  acc 0.8920  exact 0.5156 (~66/128) [halt step 80496]
[LT] step 80750  lm_loss 0.4004  acc 0.9144  exact 0.5547 (~71/128) [halt step 80736]
[LT] step 81000  lm_loss 0.5757  acc 0.8895  exact 0.5234 (~67/128) [halt step 80992]
[LT] step 81250  lm_loss 0.7885  acc 0.8413  exact 0.3594 (~46/128) [halt step 81248]
[LT] step 81500  lm_loss 0.5501  acc 0.8848  exact 0.4375 (~56/128) [halt step 81488]
[LT] step 81750  lm_loss 0.6735  acc 0.9150  exact 0.5703 (~73/128) [halt step 81744]
[LT] step 82000  lm_loss 0.3414  acc 0.8756  exact 0.4766 (~61/128) [halt step 82000]
[EVAL] step 82026  acc 0.7551  exact 607/2048
[LT] step 82250  lm_loss 0.5026  acc 0.8680  exact 0.3906 (~50/128) [halt step 82240]
[LT] step 82500  lm_loss 0.7350  acc 0.8545  exact 0.3672 (~47/128) [halt step 82496]
[LT] step 82750  lm_loss 0.4561  acc 0.9063  exact 0.5312 (~68/128) [halt step 82736]
[LT] step 83000  lm_loss 0.6005  acc 0.8979  exact 0.4766 (~61/128) [halt step 82992]
[LT] step 83250  lm_loss 0.7869  acc 0.8911  exact 0.4688 (~60/128) [halt step 83248]
[LT] step 83500  lm_loss 0.5171  acc 0.8614  exact 0.3984 (~51/128) [halt step 83488]
[LT] step 83750  lm_loss 0.6523  acc 0.8890  exact 0.4219 (~54/128) [halt step 83744]
[EVAL] step 83979  acc 0.7448  exact 586/2048
[LT] step 84000  lm_loss 0.1962  acc 0.9321  exact 0.6484 (~83/128) [halt step 84000]
[LT] step 84250  lm_loss 0.5591  acc 0.8999  exact 0.5391 (~69/128) [halt step 84240]
[LT] step 84500  lm_loss 0.7422  acc 0.8775  exact 0.4609 (~59/128) [halt step 84496]
[LT] step 84750  lm_loss 0.4098  acc 0.8748  exact 0.4844 (~62/128) [halt step 84736]
[LT] step 85000  lm_loss 0.6361  acc 0.8610  exact 0.4453 (~57/128) [halt step 84992]
[LT] step 85250  lm_loss 0.7400  acc 0.9194  exact 0.5781 (~74/128) [halt step 85248]
[LT] step 85500  lm_loss 0.4618  acc 0.8968  exact 0.5312 (~68/128) [halt step 85488]
[LT] step 85750  lm_loss 0.6808  acc 0.9013  exact 0.5234 (~67/128) [halt step 85744]
[EVAL] step 85932  acc 0.6946  exact 453/2048
[LT] step 86000  lm_loss 0.3581  acc 0.8798  exact 0.3906 (~50/128) [halt step 86000]
[LT] step 86250  lm_loss 0.5079  acc 0.9046  exact 0.5703 (~73/128) [halt step 86240]
[LT] step 86500  lm_loss 0.7211  acc 0.9046  exact 0.5312 (~68/128) [halt step 86496]
[LT] step 86750  lm_loss 0.3377  acc 0.8981  exact 0.5000 (~64/128) [halt step 86736]
[LT] step 87000  lm_loss 0.6149  acc 0.8952  exact 0.4844 (~62/128) [halt step 86992]
[LT] step 87250  lm_loss 0.7548  acc 0.9085  exact 0.5391 (~69/128) [halt step 87248]
[LT] step 87500  lm_loss 0.4307  acc 0.9141  exact 0.5391 (~69/128) [halt step 87488]
[LT] step 87750  lm_loss 0.6709  acc 0.9086  exact 0.5703 (~73/128) [halt step 87744]
[EVAL] step 87885  acc 0.7636  exact 673/2048
[LT] step 88000  lm_loss 0.3628  acc 0.8804  exact 0.5156 (~66/128) [halt step 88000]
[LT] step 88250  lm_loss 0.5471  acc 0.8933  exact 0.5000 (~64/128) [halt step 88240]
[LT] step 88500  lm_loss 0.7522  acc 0.8595  exact 0.4219 (~54/128) [halt step 88496]
[LT] step 88750  lm_loss 0.2322  acc 0.9337  exact 0.6094 (~78/128) [halt step 88736]
[LT] step 89000  lm_loss 0.6352  acc 0.9167  exact 0.5469 (~70/128) [halt step 88992]
[LT] step 89250  lm_loss 0.7758  acc 0.9185  exact 0.5625 (~72/128) [halt step 89248]
[LT] step 89500  lm_loss 0.4288  acc 0.9414  exact 0.6328 (~81/128) [halt step 89488]
[LT] step 89750  lm_loss 0.6378  acc 0.9042  exact 0.5469 (~70/128) [halt step 89744]
[EVAL] step 89838  acc 0.7441  exact 493/2048
[LT] step 90000  lm_loss 0.2340  acc 0.9190  exact 0.5938 (~76/128) [halt step 90000]
[LT] step 90250  lm_loss 0.5532  acc 0.9132  exact 0.5078 (~65/128) [halt step 90240]
[LT] step 90500  lm_loss 0.7400  acc 0.9285  exact 0.5859 (~75/128) [halt step 90496]
[LT] step 90750  lm_loss 0.3326  acc 0.9174  exact 0.5781 (~74/128) [halt step 90736]
[LT] step 91000  lm_loss 0.6407  acc 0.8747  exact 0.4688 (~60/128) [halt step 90992]
[LT] step 91250  lm_loss 0.7196  acc 0.8428  exact 0.4141 (~53/128) [halt step 91248]
[LT] step 91500  lm_loss 0.5403  acc 0.9212  exact 0.5781 (~74/128) [halt step 91488]
[LT] step 91750  lm_loss 0.6679  acc 0.9143  exact 0.5625 (~72/128) [halt step 91744]
[EVAL] step 91791  acc 0.7599  exact 576/2048
[LT] step 92000  lm_loss 0.2796  acc 0.9038  exact 0.5391 (~69/128) [halt step 92000]
[LT] step 92250  lm_loss 0.4700  acc 0.9057  exact 0.5469 (~70/128) [halt step 92240]
[LT] step 92500  lm_loss 0.7498  acc 0.9027  exact 0.4922 (~63/128) [halt step 92496]
[LT] step 92750  lm_loss 0.3499  acc 0.9160  exact 0.6250 (~80/128) [halt step 92736]
[LT] step 93000  lm_loss 0.5890  acc 0.9280  exact 0.6094 (~78/128) [halt step 92992]
[LT] step 93250  lm_loss 0.7766  acc 0.8698  exact 0.4297 (~55/128) [halt step 93248]
[LT] step 93500  lm_loss 0.3996  acc 0.9002  exact 0.5078 (~65/128) [halt step 93488]
[EVAL] step 93744  acc 0.7677  exact 647/2048
[LT] step 93750  lm_loss 0.6396  acc 0.9296  exact 0.6797 (~87/128) [halt step 93744]
[LT] step 94000  lm_loss 0.2880  acc 0.9083  exact 0.5547 (~71/128) [halt step 94000]
[LT] step 94250  lm_loss 0.5388  acc 0.9217  exact 0.6328 (~81/128) [halt step 94240]
[LT] step 94500  lm_loss 0.7063  acc 0.8813  exact 0.5312 (~68/128) [halt step 94496]
[LT] step 94750  lm_loss 0.3784  acc 0.8948  exact 0.5312 (~68/128) [halt step 94736]
[LT] step 95000  lm_loss 0.5814  acc 0.9199  exact 0.5938 (~76/128) [halt step 94992]
[LT] step 95250  lm_loss 0.7210  acc 0.8970  exact 0.5547 (~71/128) [halt step 95248]
[LT] step 95500  lm_loss 0.3965  acc 0.9204  exact 0.6484 (~83/128) [halt step 95488]
[EVAL] step 95697  acc 0.7723  exact 716/2048
[LT] step 95750  lm_loss 0.5970  acc 0.8880  exact 0.4375 (~56/128) [halt step 95744]
[LT] step 96000  lm_loss 0.3160  acc 0.8909  exact 0.4609 (~59/128) [halt step 96000]
[LT] step 96250  lm_loss 0.4874  acc 0.9200  exact 0.5703 (~73/128) [halt step 96240]
[LT] step 96500  lm_loss 0.7220  acc 0.9255  exact 0.6406 (~82/128) [halt step 96496]
[LT] step 96750  lm_loss 0.4377  acc 0.9284  exact 0.6719 (~86/128) [halt step 96736]
[LT] step 97000  lm_loss 0.5622  acc 0.8743  exact 0.5000 (~64/128) [halt step 96992]
[LT] step 97250  lm_loss 0.7574  acc 0.8956  exact 0.5000 (~64/128) [halt step 97248]
[LT] step 97500  lm_loss 0.3949  acc 0.9242  exact 0.6562 (~84/128) [halt step 97488]
[EVAL] step 97650  acc 0.7643  exact 655/2048
[LT] step 97750  lm_loss 0.6318  acc 0.9392  exact 0.6953 (~89/128) [halt step 97744]
[LT] step 98000  lm_loss 0.2700  acc 0.9051  exact 0.5312 (~68/128) [halt step 98000]
[LT] step 98250  lm_loss 0.4414  acc 0.9169  exact 0.5781 (~74/128) [halt step 98240]
[LT] step 98500  lm_loss 0.7340  acc 0.9146  exact 0.6094 (~78/128) [halt step 98496]
[LT] step 98750  lm_loss 0.3393  acc 0.9047  exact 0.6016 (~77/128) [halt step 98736]
[LT] step 99000  lm_loss 0.5705  acc 0.8688  exact 0.4531 (~58/128) [halt step 98992]
[LT] step 99250  lm_loss 0.7483  acc 0.9270  exact 0.6172 (~79/128) [halt step 99248]
[LT] step 99500  lm_loss 0.3939  acc 0.8538  exact 0.3906 (~50/128) [halt step 99488]
[EVAL] step 99603  acc 0.7748  exact 751/2048
[LT] step 99750  lm_loss 0.6295  acc 0.9035  exact 0.5234 (~67/128) [halt step 99744]
[LT] step 100000  lm_loss 0.2226  acc 0.9256  exact 0.6094 (~78/128) [halt step 100000]
[LT] milestone 저장 step=100000 → /workspace/LinearTuring/2026-09-09/run_v17/milestones/step_100000.pt
[EXTRAP] step 100000  seg16 32.03%  best seg50 38.09%  (+6.05%p)  churn@128 0.10610  → /workspace/LinearTuring/2026-09-09/run_v17/milestones/extrap_step_100000.txt
[LT] step 100250  lm_loss 0.4461  acc 0.9105  exact 0.5547 (~71/128) [halt step 100240]
[LT] step 100500  lm_loss 0.7393  acc 0.9104  exact 0.5781 (~74/128) [halt step 100496]
[LT] step 100750  lm_loss 0.4002  acc 0.9060  exact 0.5469 (~70/128) [halt step 100736]
[LT] step 101000  lm_loss 0.6697  acc 0.9250  exact 0.6328 (~81/128) [halt step 100992]
[LT] step 101250  lm_loss 0.7326  acc 0.9193  exact 0.5703 (~73/128) [halt step 101248]
[LT] step 101500  lm_loss 0.4077  acc 0.8992  exact 0.4922 (~63/128) [halt step 101488]
[EVAL] step 101556  acc 0.7701  exact 693/2048
[LT] step 101750  lm_loss 0.6582  acc 0.8799  exact 0.4453 (~57/128) [halt step 101744]
[LT] step 102000  lm_loss 0.2614  acc 0.9070  exact 0.5547 (~71/128) [halt step 102000]
[LT] step 102250  lm_loss 0.4656  acc 0.9205  exact 0.5938 (~76/128) [halt step 102240]
[LT] step 102500  lm_loss 0.6936  acc 0.8889  exact 0.4922 (~63/128) [halt step 102496]
[LT] step 102750  lm_loss 0.3952  acc 0.9011  exact 0.5469 (~70/128) [halt step 102736]
[LT] step 103000  lm_loss 0.6201  acc 0.8906  exact 0.4922 (~63/128) [halt step 102992]
[LT] step 103250  lm_loss 0.7636  acc 0.8548  exact 0.4219 (~54/128) [halt step 103248]
[LT] step 103500  lm_loss 0.3958  acc 0.9103  exact 0.5703 (~73/128) [halt step 103488]
[EVAL] step 103509  acc 0.7653  exact 636/2048
[LT] step 103750  lm_loss 0.7008  acc 0.9324  exact 0.6484 (~83/128) [halt step 103744]
[LT] step 104000  lm_loss 0.2049  acc 0.9281  exact 0.6328 (~81/128) [halt step 104000]
[LT] step 104250  lm_loss 0.4875  acc 0.8690  exact 0.4453 (~57/128) [halt step 104240]
[LT] step 104500  lm_loss 0.7124  acc 0.8903  exact 0.4844 (~62/128) [halt step 104496]
[LT] step 104750  lm_loss 0.3232  acc 0.9037  exact 0.5703 (~73/128) [halt step 104736]
[LT] step 105000  lm_loss 0.5207  acc 0.9255  exact 0.5703 (~73/128) [halt step 104992]
[LT] step 105250  lm_loss 0.7318  acc 0.8921  exact 0.4688 (~60/128) [halt step 105248]
[EVAL] step 105462  acc 0.7701  exact 709/2048
[LT] step 105500  lm_loss 0.3898  acc 0.9100  exact 0.5312 (~68/128) [halt step 105488]
[LT] step 105750  lm_loss 0.6227  acc 0.9423  exact 0.6953 (~89/128) [halt step 105744]
[LT] step 106000  lm_loss 0.2893  acc 0.8983  exact 0.5156 (~66/128) [halt step 106000]
[LT] step 106250  lm_loss 0.5235  acc 0.8927  exact 0.5781 (~74/128) [halt step 106240]
[LT] step 106500  lm_loss 0.6589  acc 0.9135  exact 0.6172 (~79/128) [halt step 106496]
[LT] step 106750  lm_loss 0.4325  acc 0.9008  exact 0.5156 (~66/128) [halt step 106736]
[LT] step 107000  lm_loss 0.5468  acc 0.8745  exact 0.4531 (~58/128) [halt step 106992]
[LT] num_processes=1
[LT] accelerate 사용 불가 (ModuleNotFoundError: No module named 'accelerate') — torch.distributed 폴백
[LT] out_dir = /workspace/LinearTuring/2026-09-09/run_v17  (쓰기 가능)
[LT] 체크포인트 재개: /workspace/LinearTuring/2026-09-09/run_v17/step_106000.pt
[LT] EMA shadow 복원
[LT] inductor: persistent_reductions=False (소배치 축약 병리 회피)
[LT] world_size=1 local_bs=128 params=7,156,075 total_steps=390625 total_iters=200 out=/workspace/LinearTuring/2026-09-09/run_v17
[LT] 시작 step=106000 iter=54 batch_in_iter=538
[LT] step 106250  lm_loss 0.5526  acc 0.8954  exact 0.4609 (~59/128) [halt step 106240]
[LT] step 106500  lm_loss 0.6847  acc 0.9046  exact 0.4766 (~61/128) [halt step 106496]
[LT] step 106750  lm_loss 0.3957  acc 0.8624  exact 0.4375 (~56/128) [halt step 106736]
[LT] step 107000  lm_loss 0.6149  acc 0.9400  exact 0.6250 (~80/128) [halt step 106992]
[LT] step 107250  lm_loss 0.7628  acc 0.9130  exact 0.6562 (~84/128) [halt step 107248]
[EVAL] step 107415  acc 0.7740  exact 741/2048
[LT] step 107500  lm_loss 0.3619  acc 0.8961  exact 0.5078 (~65/128) [halt step 107488]
[LT] step 107750  lm_loss 0.6356  acc 0.9154  exact 0.5859 (~75/128) [halt step 107744]
[LT] step 108000  lm_loss 0.2215  acc 0.9240  exact 0.6016 (~77/128) [halt step 108000]
[LT] step 108250  lm_loss 0.5596  acc 0.9424  exact 0.6719 (~86/128) [halt step 108240]
[LT] step 108500  lm_loss 0.7611  acc 0.9212  exact 0.5781 (~74/128) [halt step 108496]
[LT] step 108750  lm_loss 0.3196  acc 0.8682  exact 0.3828 (~49/128) [halt step 108736]
[LT] step 109000  lm_loss 0.5683  acc 0.9014  exact 0.5312 (~68/128) [halt step 108992]
[LT] step 109250  lm_loss 0.7135  acc 0.9340  exact 0.6562 (~84/128) [halt step 109248]
[EVAL] step 109368  acc 0.7764  exact 725/2048
[LT] step 109500  lm_loss 0.5099  acc 0.9054  exact 0.5547 (~71/128) [halt step 109488]
[LT] step 109750  lm_loss 0.6419  acc 0.9060  exact 0.5938 (~76/128) [halt step 109744]
[LT] step 110000  lm_loss 0.2599  acc 0.9167  exact 0.5156 (~66/128) [halt step 110000]
[LT] step 110250  lm_loss 0.5755  acc 0.9029  exact 0.5625 (~72/128) [halt step 110240]
[LT] step 110500  lm_loss 0.7054  acc 0.9285  exact 0.6250 (~80/128) [halt step 110496]
[LT] step 110750  lm_loss 0.2905  acc 0.9151  exact 0.6406 (~82/128) [halt step 110736]
[LT] step 111000  lm_loss 0.5408  acc 0.8749  exact 0.3984 (~51/128) [halt step 110992]
[LT] step 111250  lm_loss 0.7065  acc 0.9213  exact 0.6406 (~82/128) [halt step 111248]
[EVAL] step 111321  acc 0.7788  exact 769/2048
[LT] step 111500  lm_loss 0.4585  acc 0.9035  exact 0.4844 (~62/128) [halt step 111488]
[LT] step 111750  lm_loss 0.6612  acc 0.9132  exact 0.5781 (~74/128) [halt step 111744]
[LT] step 112000  lm_loss 0.2575  acc 0.9231  exact 0.6016 (~77/128) [halt step 112000]
[LT] step 112250  lm_loss 0.4676  acc 0.8944  exact 0.5156 (~66/128) [halt step 112240]
[LT] step 112500  lm_loss 0.7719  acc 0.9141  exact 0.5781 (~74/128) [halt step 112496]
[LT] step 112750  lm_loss 0.3792  acc 0.8962  exact 0.4609 (~59/128) [halt step 112736]
[LT] step 113000  lm_loss 0.5624  acc 0.8780  exact 0.4219 (~54/128) [halt step 112992]
[LT] step 113250  lm_loss 0.7435  acc 0.8991  exact 0.5234 (~67/128) [halt step 113248]
[EVAL] step 113274  acc 0.7728  exact 701/2048
[LT] step 113500  lm_loss 0.4524  acc 0.8416  exact 0.2578 (~33/128) [halt step 113488]
[LT] step 113750  lm_loss 0.7820  acc 0.7023  exact 0.0312 (~4/128) [halt step 113744]
[LT] step 114000  lm_loss 0.2350  acc 0.9215  exact 0.6094 (~78/128) [halt step 114000]
[LT] step 114250  lm_loss 0.5198  acc 0.9193  exact 0.5703 (~73/128) [halt step 114240]
[LT] step 114500  lm_loss 0.7439  acc 0.9228  exact 0.6016 (~77/128) [halt step 114496]
[LT] step 114750  lm_loss 0.4810  acc 0.9171  exact 0.6172 (~79/128) [halt step 114736]
[LT] step 115000  lm_loss 0.5822  acc 0.9063  exact 0.5547 (~71/128) [halt step 114992]
[EVAL] step 115227  acc 0.7495  exact 504/2048
[LT] step 115250  lm_loss 0.7444  acc 0.9328  exact 0.6250 (~80/128) [halt step 115248]
[LT] step 115500  lm_loss 0.4868  acc 0.8395  exact 0.3359 (~43/128) [halt step 115488]
[LT] step 115750  lm_loss 0.6581  acc 0.8748  exact 0.4922 (~63/128) [halt step 115744]
[LT] step 116000  lm_loss 0.2046  acc 0.9330  exact 0.6484 (~83/128) [halt step 116000]
[LT] step 116250  lm_loss 0.4904  acc 0.9102  exact 0.4766 (~61/128) [halt step 116240]
[LT] step 116500  lm_loss 0.7102  acc 0.8891  exact 0.5000 (~64/128) [halt step 116496]
[LT] step 116750  lm_loss 0.3922  acc 0.9143  exact 0.5859 (~75/128) [halt step 116736]
[LT] step 117000  lm_loss 0.5886  acc 0.9297  exact 0.5469 (~70/128) [halt step 116992]
[EVAL] step 117180  acc 0.7654  exact 641/2048
[LT] step 117250  lm_loss 0.7682  acc 0.9115  exact 0.5547 (~71/128) [halt step 117248]
[LT] step 117500  lm_loss 0.3787  acc 0.8832  exact 0.4609 (~59/128) [halt step 117488]
[LT] step 117750  lm_loss 0.6757  acc 0.8822  exact 0.5000 (~64/128) [halt step 117744]
[LT] step 118000  lm_loss 0.2526  acc 0.9117  exact 0.5625 (~72/128) [halt step 118000]
[LT] step 118250  lm_loss 0.4900  acc 0.9095  exact 0.5703 (~73/128) [halt step 118240]
[LT] step 118500  lm_loss 0.6743  acc 0.8701  exact 0.3438 (~44/128) [halt step 118496]
[LT] step 118750  lm_loss 0.3720  acc 0.9294  exact 0.6797 (~87/128) [halt step 118736]
[LT] step 119000  lm_loss 0.5824  acc 0.9130  exact 0.5156 (~66/128) [halt step 118992]
[EVAL] step 119133  acc 0.7690  exact 695/2048
[LT] step 119250  lm_loss 0.7553  acc 0.9123  exact 0.5781 (~74/128) [halt step 119248]
[LT] step 119500  lm_loss 0.4020  acc 0.8952  exact 0.5781 (~74/128) [halt step 119488]
[LT] step 119750  lm_loss 0.6425  acc 0.8605  exact 0.4141 (~53/128) [halt step 119744]
[LT] step 120000  lm_loss 0.1447  acc 0.9538  exact 0.7422 (~95/128) [halt step 120000]
[LT] step 120250  lm_loss 0.4690  acc 0.9330  exact 0.6562 (~84/128) [halt step 120240]
[LT] step 120500  lm_loss 0.6893  acc 0.9207  exact 0.6328 (~81/128) [halt step 120496]
[LT] step 120750  lm_loss 0.3981  acc 0.9261  exact 0.6641 (~85/128) [halt step 120736]
[LT] step 121000  lm_loss 0.5263  acc 0.8959  exact 0.5625 (~72/128) [halt step 120992]
[EVAL] step 121086  acc 0.7905  exact 865/2048
[LT] step 121250  lm_loss 0.7291  acc 0.9144  exact 0.5703 (~73/128) [halt step 121248]
[LT] step 121500  lm_loss 0.4445  acc 0.8579  exact 0.3984 (~51/128) [halt step 121488]
[LT] step 121750  lm_loss 0.6767  acc 0.8872  exact 0.4688 (~60/128) [halt step 121744]
[LT] step 122000  lm_loss 0.2325  acc 0.9201  exact 0.5781 (~74/128) [halt step 122000]
[LT] step 122250  lm_loss 0.4556  acc 0.9178  exact 0.5781 (~74/128) [halt step 122240]
[LT] step 122500  lm_loss 0.7048  acc 0.9014  exact 0.5859 (~75/128) [halt step 122496]
[LT] step 122750  lm_loss 0.3553  acc 0.8856  exact 0.5312 (~68/128) [halt step 122736]
[LT] step 123000  lm_loss 0.5562  acc 0.9157  exact 0.5781 (~74/128) [halt step 122992]
[EVAL] step 123039  acc 0.7826  exact 785/2048
[LT] step 123250  lm_loss 0.7240  acc 0.9232  exact 0.6016 (~77/128) [halt step 123248]
[LT] step 123500  lm_loss 0.4213  acc 0.8961  exact 0.5234 (~67/128) [halt step 123488]
[LT] step 123750  lm_loss 0.6136  acc 0.9069  exact 0.6016 (~77/128) [halt step 123744]
[LT] step 124000  lm_loss 0.2997  acc 0.8946  exact 0.5234 (~67/128) [halt step 124000]
[LT] step 124250  lm_loss 0.4669  acc 0.9406  exact 0.6797 (~87/128) [halt step 124240]
[LT] step 124500  lm_loss 0.6964  acc 0.9224  exact 0.6094 (~78/128) [halt step 124496]
[LT] step 124750  lm_loss 0.3553  acc 0.8667  exact 0.4375 (~56/128) [halt step 124736]
[EVAL] step 124992  acc 0.7808  exact 745/2048
[LT] step 125000  lm_loss 0.4875  acc 0.9259  exact 0.6406 (~82/128) [halt step 124992]
[LT] step 125250  lm_loss 0.7569  acc 0.9340  exact 0.6641 (~85/128) [halt step 125248]
[LT] step 125500  lm_loss 0.3066  acc 0.8999  exact 0.6094 (~78/128) [halt step 125488]
[LT] step 125750  lm_loss 0.5701  acc 0.9093  exact 0.5000 (~64/128) [halt step 125744]
[LT] step 126000  lm_loss 0.1884  acc 0.9380  exact 0.5938 (~76/128) [halt step 126000]
[LT] step 126250  lm_loss 0.4367  acc 0.9385  exact 0.6719 (~86/128) [halt step 126240]
[LT] step 126500  lm_loss 0.6460  acc 0.9379  exact 0.6875 (~88/128) [halt step 126496]
[LT] step 126750  lm_loss 0.2831  acc 0.8832  exact 0.5078 (~65/128) [halt step 126736]
[EVAL] step 126945  acc 0.7915  exact 796/2048
[LT] step 127000  lm_loss 0.5667  acc 0.9169  exact 0.5859 (~75/128) [halt step 126992]
[LT] step 127250  lm_loss 0.7572  acc 0.9497  exact 0.7578 (~97/128) [halt step 127248]
[LT] step 127500  lm_loss 0.3380  acc 0.9214  exact 0.6094 (~78/128) [halt step 127488]
[LT] step 127750  lm_loss 0.5935  acc 0.9280  exact 0.5703 (~73/128) [halt step 127744]
[LT] step 128000  lm_loss 0.2727  acc 0.9188  exact 0.5859 (~75/128) [halt step 128000]
[LT] step 128250  lm_loss 0.4118  acc 0.9268  exact 0.6406 (~82/128) [halt step 128240]
[LT] step 128500  lm_loss 0.6741  acc 0.9365  exact 0.6172 (~79/128) [halt step 128496]
[LT] step 128750  lm_loss 0.2585  acc 0.9331  exact 0.6484 (~83/128) [halt step 128736]
[EVAL] step 128898  acc 0.7903  exact 841/2048
[LT] step 129000  lm_loss 0.5351  acc 0.9106  exact 0.5781 (~74/128) [halt step 128992]
[LT] step 129250  lm_loss 0.7997  acc 0.9218  exact 0.6172 (~79/128) [halt step 129248]
[LT] step 129500  lm_loss 0.3610  acc 0.9077  exact 0.5078 (~65/128) [halt step 129488]
[LT] step 129750  lm_loss 0.6151  acc 0.9481  exact 0.7266 (~93/128) [halt step 129744]
[LT] step 130000  lm_loss 0.1958  acc 0.9340  exact 0.6719 (~86/128) [halt step 130000]
[LT] step 130250  lm_loss 0.6060  acc 0.9005  exact 0.5312 (~68/128) [halt step 130240]
[LT] step 130500  lm_loss 0.6576  acc 0.9459  exact 0.7266 (~93/128) [halt step 130496]
[LT] step 130750  lm_loss 0.2468  acc 0.9288  exact 0.6328 (~81/128) [halt step 130736]
[EVAL] step 130851  acc 0.7831  exact 727/2048
[LT] step 131000  lm_loss 0.5178  acc 0.9376  exact 0.6953 (~89/128) [halt step 130992]
[LT] step 131250  lm_loss 0.7417  acc 0.9534  exact 0.7266 (~93/128) [halt step 131248]
[LT] step 131500  lm_loss 0.3488  acc 0.9253  exact 0.6328 (~81/128) [halt step 131488]
[LT] step 131750  lm_loss 0.6821  acc 0.7733  exact 0.2656 (~34/128) [halt step 131744]
[LT] step 132000  lm_loss 0.2202  acc 0.9277  exact 0.5859 (~75/128) [halt step 132000]
[LT] step 132250  lm_loss 0.4625  acc 0.9429  exact 0.7188 (~92/128) [halt step 132240]
[LT] step 132500  lm_loss 0.6752  acc 0.9251  exact 0.6406 (~82/128) [halt step 132496]
[LT] step 132750  lm_loss 0.2507  acc 0.9280  exact 0.6562 (~84/128) [halt step 132736]
[EVAL] step 132804  acc 0.7482  exact 490/2048
[LT] step 133000  lm_loss 0.4565  acc 0.9309  exact 0.6562 (~84/128) [halt step 132992]
[LT] step 133250  lm_loss 0.7148  acc 0.9436  exact 0.7266 (~93/128) [halt step 133248]
[LT] step 133500  lm_loss 0.3721  acc 0.9450  exact 0.7344 (~94/128) [halt step 133488]
[LT] step 133750  lm_loss 0.6398  acc 0.9090  exact 0.5859 (~75/128) [halt step 133744]
[LT] step 134000  lm_loss 0.3223  acc 0.8927  exact 0.4453 (~57/128) [halt step 134000]
[LT] step 134250  lm_loss 0.3857  acc 0.9171  exact 0.6641 (~85/128) [halt step 134240]
[LT] step 134500  lm_loss 0.6347  acc 0.9210  exact 0.6875 (~88/128) [halt step 134496]
[LT] step 134750  lm_loss 0.2535  acc 0.9354  exact 0.6562 (~84/128) [halt step 134736]
[EVAL] step 134757  acc 0.7914  exact 839/2048
[LT] step 135000  lm_loss 0.5870  acc 0.9497  exact 0.7031 (~90/128) [halt step 134992]
[LT] step 135250  lm_loss 0.6884  acc 0.9140  exact 0.5547 (~71/128) [halt step 135248]
[LT] step 135500  lm_loss 0.3474  acc 0.9367  exact 0.7188 (~92/128) [halt step 135488]
[LT] step 135750  lm_loss 0.5543  acc 0.9226  exact 0.6094 (~78/128) [halt step 135744]
[LT] step 136000  lm_loss 0.1596  acc 0.9468  exact 0.7266 (~93/128) [halt step 136000]
[LT] step 136250  lm_loss 0.3745  acc 0.9316  exact 0.6562 (~84/128) [halt step 136240]
[LT] step 136500  lm_loss 0.7067  acc 0.8928  exact 0.5234 (~67/128) [halt step 136496]
[EVAL] step 136710  acc 0.7941  exact 830/2048
[LT] step 136750  lm_loss 0.2518  acc 0.9457  exact 0.7500 (~96/128) [halt step 136736]
[LT] step 137000  lm_loss 0.5400  acc 0.9367  exact 0.6172 (~79/128) [halt step 136992]
[LT] step 137250  lm_loss 0.7279  acc 0.9331  exact 0.6953 (~89/128) [halt step 137248]
[LT] step 137500  lm_loss 0.3161  acc 0.9456  exact 0.7344 (~94/128) [halt step 137488]
[LT] step 137750  lm_loss 0.6363  acc 0.9430  exact 0.6797 (~87/128) [halt step 137744]
[LT] step 138000  lm_loss 0.1976  acc 0.9463  exact 0.7031 (~90/128) [halt step 138000]
[LT] step 138250  lm_loss 0.4465  acc 0.9474  exact 0.7031 (~90/128) [halt step 138240]
[LT] step 138500  lm_loss 0.7106  acc 0.9570  exact 0.7500 (~96/128) [halt step 138496]
[EVAL] step 138663  acc 0.7877  exact 764/2048
[LT] step 138750  lm_loss 0.2712  acc 0.9337  exact 0.6719 (~86/128) [halt step 138736]
[LT] step 139000  lm_loss 0.5498  acc 0.8838  exact 0.5469 (~70/128) [halt step 138992]
[LT] step 139250  lm_loss 0.7113  acc 0.9378  exact 0.7188 (~92/128) [halt step 139248]
[LT] step 139500  lm_loss 0.3140  acc 0.9413  exact 0.6562 (~84/128) [halt step 139488]
[LT] step 139750  lm_loss 0.6211  acc 0.9030  exact 0.5234 (~67/128) [halt step 139744]
[LT] step 140000  lm_loss 0.1832  acc 0.9384  exact 0.6328 (~81/128) [halt step 140000]
[LT] step 140250  lm_loss 0.4614  acc 0.9528  exact 0.7656 (~98/128) [halt step 140240]
[LT] step 140500  lm_loss 0.6524  acc 0.9322  exact 0.6875 (~88/128) [halt step 140496]
[EVAL] step 140616  acc 0.7978  exact 860/2048
[LT] step 140750  lm_loss 0.3099  acc 0.8968  exact 0.5859 (~75/128) [halt step 140736]
[LT] step 141000  lm_loss 0.5580  acc 0.9160  exact 0.6406 (~82/128) [halt step 140992]
[LT] step 141250  lm_loss 0.6860  acc 0.9260  exact 0.6562 (~84/128) [halt step 141248]
[LT] step 141500  lm_loss 0.3209  acc 0.9097  exact 0.5547 (~71/128) [halt step 141488]
[LT] step 141750  lm_loss 0.5909  acc 0.8822  exact 0.4141 (~53/128) [halt step 141744]
[LT] step 142000  lm_loss 0.1700  acc 0.9461  exact 0.6875 (~88/128) [halt step 142000]
[LT] step 142250  lm_loss 0.4697  acc 0.9198  exact 0.6484 (~83/128) [halt step 142240]
[LT] step 142500  lm_loss 0.6694  acc 0.9390  exact 0.7266 (~93/128) [halt step 142496]
[EVAL] step 142569  acc 0.7898  exact 773/2048
[LT] step 142750  lm_loss 0.2587  acc 0.9355  exact 0.7109 (~91/128) [halt step 142736]
[LT] step 143000  lm_loss 0.5560  acc 0.9406  exact 0.7031 (~90/128) [halt step 142992]
[LT] step 143250  lm_loss 0.7495  acc 0.9281  exact 0.6562 (~84/128) [halt step 143248]
[LT] step 143500  lm_loss 0.3080  acc 0.9408  exact 0.6641 (~85/128) [halt step 143488]
[LT] step 143750  lm_loss 0.5647  acc 0.9227  exact 0.6250 (~80/128) [halt step 143744]
[LT] step 144000  lm_loss 0.1910  acc 0.9357  exact 0.7109 (~91/128) [halt step 144000]
[LT] step 144250  lm_loss 0.4192  acc 0.9471  exact 0.7109 (~91/128) [halt step 144240]
[LT] step 144500  lm_loss 0.6304  acc 0.9012  exact 0.6250 (~80/128) [halt step 144496]
[EVAL] step 144522  acc 0.7992  exact 827/2048
[LT] step 144750  lm_loss 0.2852  acc 0.9403  exact 0.6719 (~86/128) [halt step 144736]
[LT] step 145000  lm_loss 0.4956  acc 0.9155  exact 0.6484 (~83/128) [halt step 144992]
[LT] step 145250  lm_loss 0.7335  acc 0.9388  exact 0.7422 (~95/128) [halt step 145248]
[LT] step 145500  lm_loss 0.3548  acc 0.9287  exact 0.6406 (~82/128) [halt step 145488]
[LT] step 145750  lm_loss 0.5611  acc 0.9301  exact 0.6328 (~81/128) [halt step 145744]
[LT] step 146000  lm_loss 0.1444  acc 0.9525  exact 0.7734 (~99/128) [halt step 146000]
[LT] step 146250  lm_loss 0.3623  acc 0.9338  exact 0.6641 (~85/128) [halt step 146240]
[EVAL] step 146475  acc 0.7935  exact 802/2048
[LT] step 146500  lm_loss 0.6805  acc 0.9336  exact 0.6797 (~87/128) [halt step 146496]
[LT] step 146750  lm_loss 0.2006  acc 0.9327  exact 0.6641 (~85/128) [halt step 146736]
[LT] step 147000  lm_loss 0.5048  acc 0.9487  exact 0.7812 (~100/128) [halt step 146992]
[LT] step 147250  lm_loss 0.7157  acc 0.9027  exact 0.6250 (~80/128) [halt step 147248]
[LT] step 147500  lm_loss 0.2601  acc 0.9394  exact 0.7031 (~90/128) [halt step 147488]
[LT] step 147750  lm_loss 0.5760  acc 0.9515  exact 0.7344 (~94/128) [halt step 147744]
[LT] step 148000  lm_loss 0.2150  acc 0.9283  exact 0.6406 (~82/128) [halt step 148000]
[LT] step 148250  lm_loss 0.4200  acc 0.9389  exact 0.6484 (~83/128) [halt step 148240]
[EVAL] step 148428  acc 0.7908  exact 779/2048
[LT] step 148500  lm_loss 0.6560  acc 0.9222  exact 0.6719 (~86/128) [halt step 148496]
[LT] step 148750  lm_loss 0.2428  acc 0.9305  exact 0.7188 (~92/128) [halt step 148736]
[LT] step 149000  lm_loss 0.4774  acc 0.9529  exact 0.7578 (~97/128) [halt step 148992]
[LT] step 149250  lm_loss 0.7078  acc 0.9247  exact 0.6172 (~79/128) [halt step 149248]
[LT] step 149500  lm_loss 0.3136  acc 0.9246  exact 0.5547 (~71/128) [halt step 149488]
[LT] step 149750  lm_loss 0.5708  acc 0.9583  exact 0.7734 (~99/128) [halt step 149744]
[LT] step 150000  lm_loss 0.2877  acc 0.9009  exact 0.5234 (~67/128) [halt step 150000]
[LT] step 150250  lm_loss 0.4165  acc 0.9429  exact 0.6875 (~88/128) [halt step 150240]
[EVAL] step 150381  acc 0.7976  exact 859/2048
[LT] step 150500  lm_loss 0.6762  acc 0.9485  exact 0.7109 (~91/128) [halt step 150496]
[LT] step 150750  lm_loss 0.3415  acc 0.9471  exact 0.7578 (~97/128) [halt step 150736]
[LT] step 151000  lm_loss 0.4824  acc 0.9401  exact 0.6875 (~88/128) [halt step 150992]
[LT] step 151250  lm_loss 0.6376  acc 0.9381  exact 0.7188 (~92/128) [halt step 151248]
[LT] step 151500  lm_loss 0.3205  acc 0.9490  exact 0.7578 (~97/128) [halt step 151488]
[LT] step 151750  lm_loss 0.6206  acc 0.9214  exact 0.6797 (~87/128) [halt step 151744]
[LT] step 152000  lm_loss 0.1520  acc 0.9510  exact 0.7344 (~94/128) [halt step 152000]
[LT] step 152250  lm_loss 0.3962  acc 0.9440  exact 0.7734 (~99/128) [halt step 152240]
[EVAL] step 152334  acc 0.7904  exact 774/2048
[LT] step 152500  lm_loss 0.6619  acc 0.9328  exact 0.7109 (~91/128) [halt step 152496]
[LT] step 152750  lm_loss 0.2791  acc 0.8438  exact 0.2969 (~38/128) [halt step 152736]
[LT] step 153000  lm_loss 0.4833  acc 0.9345  exact 0.6250 (~80/128) [halt step 152992]
[LT] step 153250  lm_loss 0.7307  acc 0.9429  exact 0.7031 (~90/128) [halt step 153248]
[LT] step 153500  lm_loss 0.3945  acc 0.9008  exact 0.5625 (~72/128) [halt step 153488]
[LT] step 153750  lm_loss 0.6755  acc 0.9334  exact 0.6719 (~86/128) [halt step 153744]
[LT] step 154000  lm_loss 0.1532  acc 0.9498  exact 0.7500 (~96/128) [halt step 154000]
[LT] step 154250  lm_loss 0.4281  acc 0.9438  exact 0.6953 (~89/128) [halt step 154240]
[EVAL] step 154287  acc 0.7897  exact 773/2048
[LT] step 154500  lm_loss 0.6056  acc 0.9579  exact 0.7734 (~99/128) [halt step 154496]
[LT] step 154750  lm_loss 0.2100  acc 0.9170  exact 0.6953 (~89/128) [halt step 154736]
[LT] step 155000  lm_loss 0.4582  acc 0.9413  exact 0.6953 (~89/128) [halt step 154992]
[LT] step 155250  lm_loss 0.7219  acc 0.9110  exact 0.6328 (~81/128) [halt step 155248]
[LT] step 155500  lm_loss 0.3239  acc 0.9482  exact 0.6875 (~88/128) [halt step 155488]
[LT] step 155750  lm_loss 0.5735  acc 0.9462  exact 0.7500 (~96/128) [halt step 155744]
[LT] step 156000  lm_loss 0.1150  acc 0.9651  exact 0.8125 (~104/128) [halt step 156000]
[EVAL] step 156240  acc 0.7969  exact 846/2048
[LT] step 156250  lm_loss 0.3834  acc 0.9072  exact 0.6172 (~79/128) [halt step 156240]
[LT] step 156500  lm_loss 0.6462  acc 0.9444  exact 0.7344 (~94/128) [halt step 156496]
[LT] step 156750  lm_loss 0.2501  acc 0.9013  exact 0.6328 (~81/128) [halt step 156736]
[LT] step 157000  lm_loss 0.4363  acc 0.9351  exact 0.6875 (~88/128) [halt step 156992]
[LT] step 157250  lm_loss 0.6962  acc 0.9310  exact 0.7344 (~94/128) [halt step 157248]
[LT] step 157500  lm_loss 0.2963  acc 0.9493  exact 0.7578 (~97/128) [halt step 157488]
[LT] step 157750  lm_loss 0.5818  acc 0.9687  exact 0.8516 (~109/128) [halt step 157744]
[LT] step 158000  lm_loss 0.1549  acc 0.9515  exact 0.6953 (~89/128) [halt step 158000]
[EVAL] step 158193  acc 0.7935  exact 764/2048
[LT] step 158250  lm_loss 0.4650  acc 0.9502  exact 0.7656 (~98/128) [halt step 158240]
[LT] step 158500  lm_loss 0.6500  acc 0.9301  exact 0.7031 (~90/128) [halt step 158496]
[LT] step 158750  lm_loss 0.2246  acc 0.9354  exact 0.7266 (~93/128) [halt step 158736]
[LT] step 159000  lm_loss 0.4928  acc 0.9401  exact 0.6641 (~85/128) [halt step 158992]
[LT] step 159250  lm_loss 0.6954  acc 0.9046  exact 0.6016 (~77/128) [halt step 159248]
[LT] step 159500  lm_loss 0.2169  acc 0.9415  exact 0.7109 (~91/128) [halt step 159488]
[LT] step 159750  lm_loss 0.6028  acc 0.9449  exact 0.7500 (~96/128) [halt step 159744]
[LT] step 160000  lm_loss 0.1494  acc 0.9506  exact 0.7578 (~97/128) [halt step 160000]
[EVAL] step 160146  acc 0.7454  exact 446/2048
[LT] step 160250  lm_loss 0.4096  acc 0.9560  exact 0.8125 (~104/128) [halt step 160240]
[LT] step 160500  lm_loss 0.6649  acc 0.9455  exact 0.6719 (~86/128) [halt step 160496]
[LT] step 160750  lm_loss 0.2633  acc 0.9612  exact 0.8438 (~108/128) [halt step 160736]
[LT] step 161000  lm_loss 0.4897  acc 0.9456  exact 0.7031 (~90/128) [halt step 160992]
[LT] step 161250  lm_loss 0.7168  acc 0.9565  exact 0.7734 (~99/128) [halt step 161248]
[LT] step 161500  lm_loss 0.3494  acc 0.9456  exact 0.7656 (~98/128) [halt step 161488]
[LT] step 161750  lm_loss 0.5569  acc 0.9502  exact 0.6953 (~89/128) [halt step 161744]
[LT] step 162000  lm_loss 0.1315  acc 0.9562  exact 0.7734 (~99/128) [halt step 162000]
[EVAL] step 162099  acc 0.7961  exact 773/2048
[LT] step 162250  lm_loss 0.3955  acc 0.9630  exact 0.8281 (~106/128) [halt step 162240]
[LT] step 162500  lm_loss 0.6506  acc 0.9529  exact 0.7344 (~94/128) [halt step 162496]
[LT] step 162750  lm_loss 0.2177  acc 0.9336  exact 0.6953 (~89/128) [halt step 162736]
[LT] step 163000  lm_loss 0.4996  acc 0.9594  exact 0.7344 (~94/128) [halt step 162992]
[LT] step 163250  lm_loss 0.7158  acc 0.9176  exact 0.6406 (~82/128) [halt step 163248]
[LT] step 163500  lm_loss 0.2900  acc 0.9552  exact 0.7891 (~101/128) [halt step 163488]
[LT] step 163750  lm_loss 0.5095  acc 0.9457  exact 0.6953 (~89/128) [halt step 163744]
[LT] step 164000  lm_loss 0.3106  acc 0.8922  exact 0.5469 (~70/128) [halt step 164000]
[EVAL] step 164052  acc 0.7935  exact 742/2048
[LT] step 164250  lm_loss 0.3940  acc 0.9370  exact 0.7266 (~93/128) [halt step 164240]
[LT] step 164500  lm_loss 0.6274  acc 0.9544  exact 0.7578 (~97/128) [halt step 164496]
[LT] step 164750  lm_loss 0.2275  acc 0.9446  exact 0.6953 (~89/128) [halt step 164736]
[LT] step 165000  lm_loss 0.4729  acc 0.9557  exact 0.7422 (~95/128) [halt step 164992]
[LT] step 165250  lm_loss 0.6693  acc 0.9545  exact 0.7578 (~97/128) [halt step 165248]
[LT] step 165500  lm_loss 0.2591  acc 0.9471  exact 0.7266 (~93/128) [halt step 165488]
[LT] step 165750  lm_loss 0.5879  acc 0.9643  exact 0.8203 (~105/128) [halt step 165744]
[LT] step 166000  lm_loss 0.1988  acc 0.9358  exact 0.7109 (~91/128) [halt step 166000]
[EVAL] step 166005  acc 0.8019  exact 833/2048
[LT] step 166250  lm_loss 0.3414  acc 0.9471  exact 0.7422 (~95/128) [halt step 166240]
[LT] step 166500  lm_loss 0.6181  acc 0.9329  exact 0.7188 (~92/128) [halt step 166496]
[LT] step 166750  lm_loss 0.2244  acc 0.9586  exact 0.7891 (~101/128) [halt step 166736]
[LT] step 167000  lm_loss 0.3886  acc 0.9437  exact 0.7266 (~93/128) [halt step 166992]
[LT] step 167250  lm_loss 0.7171  acc 0.9287  exact 0.6719 (~86/128) [halt step 167248]
[LT] step 167500  lm_loss 0.2743  acc 0.9593  exact 0.7734 (~99/128) [halt step 167488]
[LT] step 167750  lm_loss 0.5349  acc 0.9444  exact 0.7422 (~95/128) [halt step 167744]
[EVAL] step 167958  acc 0.7987  exact 823/2048
[LT] step 168000  lm_loss 0.1267  acc 0.9594  exact 0.7812 (~100/128) [halt step 168000]
[LT] step 168250  lm_loss 0.4473  acc 0.9414  exact 0.7109 (~91/128) [halt step 168240]
[LT] step 168500  lm_loss 0.6335  acc 0.9633  exact 0.8359 (~107/128) [halt step 168496]
[LT] step 168750  lm_loss 0.2202  acc 0.9295  exact 0.6953 (~89/128) [halt step 168736]
[LT] step 169000  lm_loss 0.5222  acc 0.9346  exact 0.6797 (~87/128) [halt step 168992]
[LT] step 169250  lm_loss 0.6878  acc 0.9633  exact 0.8047 (~103/128) [halt step 169248]
[LT] step 169500  lm_loss 0.2608  acc 0.9215  exact 0.7109 (~91/128) [halt step 169488]
[LT] step 169750  lm_loss 0.5998  acc 0.9306  exact 0.6641 (~85/128) [halt step 169744]
[EVAL] step 169911  acc 0.7972  exact 792/2048
[LT] step 170000  lm_loss 0.1664  acc 0.9408  exact 0.7422 (~95/128) [halt step 170000]
[LT] step 170250  lm_loss 0.4670  acc 0.9545  exact 0.7578 (~97/128) [halt step 170240]
[LT] step 170500  lm_loss 0.6146  acc 0.9569  exact 0.8359 (~107/128) [halt step 170496]
[LT] step 170750  lm_loss 0.3045  acc 0.9602  exact 0.7969 (~102/128) [halt step 170736]
[LT] step 171000  lm_loss 0.4504  acc 0.9588  exact 0.7109 (~91/128) [halt step 170992]
[LT] step 171250  lm_loss 0.6507  acc 0.9453  exact 0.7188 (~92/128) [halt step 171248]
[LT] step 171500  lm_loss 0.2850  acc 0.9555  exact 0.7266 (~93/128) [halt step 171488]
[LT] step 171750  lm_loss 0.5251  acc 0.9390  exact 0.7344 (~94/128) [halt step 171744]
[EVAL] step 171864  acc 0.7923  exact 746/2048
[LT] step 172000  lm_loss 0.1971  acc 0.9288  exact 0.6406 (~82/128) [halt step 172000]
[LT] step 172250  lm_loss 0.4021  acc 0.9379  exact 0.6875 (~88/128) [halt step 172240]
[LT] step 172500  lm_loss 0.6104  acc 0.9682  exact 0.8594 (~110/128) [halt step 172496]
[LT] step 172750  lm_loss 0.2255  acc 0.9699  exact 0.8359 (~107/128) [halt step 172736]
[LT] step 173000  lm_loss 0.4167  acc 0.9507  exact 0.7656 (~98/128) [halt step 172992]
[LT] step 173250  lm_loss 0.6694  acc 0.9595  exact 0.7734 (~99/128) [halt step 173248]
[LT] step 173500  lm_loss 0.2448  acc 0.9646  exact 0.7734 (~99/128) [halt step 173488]
[LT] step 173750  lm_loss 0.5528  acc 0.9428  exact 0.7266 (~93/128) [halt step 173744]
[EVAL] step 173817  acc 0.8027  exact 820/2048
[LT] step 174000  lm_loss 0.1494  acc 0.9555  exact 0.7500 (~96/128) [halt step 174000]
[LT] step 174250  lm_loss 0.3941  acc 0.9510  exact 0.7266 (~93/128) [halt step 174240]
[LT] step 174500  lm_loss 0.6474  acc 0.9603  exact 0.7891 (~101/128) [halt step 174496]
[LT] step 174750  lm_loss 0.2316  acc 0.9617  exact 0.7734 (~99/128) [halt step 174736]
[LT] step 175000  lm_loss 0.4905  acc 0.9510  exact 0.7656 (~98/128) [halt step 174992]
[LT] step 175250  lm_loss 0.6753  acc 0.9597  exact 0.7969 (~102/128) [halt step 175248]
[LT] step 175500  lm_loss 0.2449  acc 0.9159  exact 0.5547 (~71/128) [halt step 175488]
[LT] step 175750  lm_loss 0.4435  acc 0.9361  exact 0.7578 (~97/128) [halt step 175744]
[EVAL] step 175770  acc 0.8059  exact 850/2048
[LT] step 176000  lm_loss 0.1040  acc 0.9646  exact 0.8203 (~105/128) [halt step 176000]
[LT] step 176250  lm_loss 0.4072  acc 0.9636  exact 0.8125 (~104/128) [halt step 176240]
[LT] step 176500  lm_loss 0.6170  acc 0.9506  exact 0.7812 (~100/128) [halt step 176496]
[LT] step 176750  lm_loss 0.1900  acc 0.9344  exact 0.6484 (~83/128) [halt step 176736]
[LT] step 177000  lm_loss 0.5234  acc 0.9506  exact 0.7578 (~97/128) [halt step 176992]
[LT] step 177250  lm_loss 0.6790  acc 0.9535  exact 0.7812 (~100/128) [halt step 177248]
[LT] step 177500  lm_loss 0.3520  acc 0.9558  exact 0.8281 (~106/128) [halt step 177488]
[EVAL] step 177723  acc 0.7207  exact 301/2048
[LT] step 177750  lm_loss 0.5249  acc 0.9612  exact 0.8359 (~107/128) [halt step 177744]
[LT] step 178000  lm_loss 0.0976  acc 0.9674  exact 0.8516 (~109/128) [halt step 178000]
[LT] step 178250  lm_loss 0.2843  acc 0.9658  exact 0.8438 (~108/128) [halt step 178240]
[LT] step 178500  lm_loss 0.6245  acc 0.9659  exact 0.7891 (~101/128) [halt step 178496]
[LT] step 178750  lm_loss 0.2041  acc 0.9250  exact 0.6875 (~88/128) [halt step 178736]
[LT] step 179000  lm_loss 0.4512  acc 0.9499  exact 0.8047 (~103/128) [halt step 178992]
[LT] step 179250  lm_loss 0.7189  acc 0.9642  exact 0.8594 (~110/128) [halt step 179248]
[LT] step 179500  lm_loss 0.2941  acc 0.9710  exact 0.8203 (~105/128) [halt step 179488]
[EVAL] step 179676  acc 0.7997  exact 826/2048
[LT] step 179750  lm_loss 0.6188  acc 0.9423  exact 0.6562 (~84/128) [halt step 179744]
[LT] step 180000  lm_loss 0.2392  acc 0.9124  exact 0.6641 (~85/128) [halt step 180000]
[LT] step 180250  lm_loss 0.3421  acc 0.9319  exact 0.7031 (~90/128) [halt step 180240]
[LT] step 180500  lm_loss 0.6374  acc 0.9553  exact 0.7734 (~99/128) [halt step 180496]
[LT] step 180750  lm_loss 0.2460  acc 0.9574  exact 0.7734 (~99/128) [halt step 180736]
[LT] step 181000  lm_loss 0.5170  acc 0.9264  exact 0.6797 (~87/128) [halt step 180992]
[LT] step 181250  lm_loss 0.6779  acc 0.9216  exact 0.6953 (~89/128) [halt step 181248]
[LT] step 181500  lm_loss 0.4660  acc 0.8870  exact 0.5938 (~76/128) [halt step 181488]
[EVAL] step 181629  acc 0.8061  exact 865/2048
[LT] step 181750  lm_loss 0.4761  acc 0.9598  exact 0.8281 (~106/128) [halt step 181744]
[LT] step 182000  lm_loss 0.2266  acc 0.9191  exact 0.6562 (~84/128) [halt step 182000]
[LT] step 182250  lm_loss 0.3036  acc 0.9451  exact 0.7656 (~98/128) [halt step 182240]
[LT] step 182500  lm_loss 0.5817  acc 0.9493  exact 0.7812 (~100/128) [halt step 182496]
[LT] step 182750  lm_loss 0.2390  acc 0.9388  exact 0.6953 (~89/128) [halt step 182736]
[LT] step 183000  lm_loss 0.3857  acc 0.9495  exact 0.7500 (~96/128) [halt step 182992]
[LT] step 183250  lm_loss 0.6856  acc 0.9390  exact 0.7031 (~90/128) [halt step 183248]
[LT] step 183500  lm_loss 0.2237  acc 0.9470  exact 0.7266 (~93/128) [halt step 183488]
[EVAL] step 183582  acc 0.7953  exact 771/2048
[LT] step 183750  lm_loss 0.5094  acc 0.9545  exact 0.7734 (~99/128) [halt step 183744]
[LT] step 184000  lm_loss 0.1121  acc 0.9633  exact 0.8281 (~106/128) [halt step 184000]
[LT] step 184250  lm_loss 0.3468  acc 0.9709  exact 0.8438 (~108/128) [halt step 184240]
[LT] step 184500  lm_loss 0.6157  acc 0.9521  exact 0.7734 (~99/128) [halt step 184496]
[LT] step 184750  lm_loss 0.1780  acc 0.9592  exact 0.7656 (~98/128) [halt step 184736]
[LT] step 185000  lm_loss 0.4157  acc 0.9529  exact 0.8203 (~105/128) [halt step 184992]
[LT] step 185250  lm_loss 0.7965  acc 0.9612  exact 0.8438 (~108/128) [halt step 185248]
[LT] step 185500  lm_loss 0.2678  acc 0.9555  exact 0.8125 (~104/128) [halt step 185488]
[EVAL] step 185535  acc 0.7951  exact 790/2048
[LT] step 185750  lm_loss 0.5286  acc 0.9635  exact 0.8359 (~107/128) [halt step 185744]
[LT] step 186000  lm_loss 0.1309  acc 0.9547  exact 0.7812 (~100/128) [halt step 186000]
[LT] step 186250  lm_loss 0.3730  acc 0.9560  exact 0.8281 (~106/128) [halt step 186240]
[LT] step 186500  lm_loss 0.6587  acc 0.9574  exact 0.7812 (~100/128) [halt step 186496]
[LT] step 186750  lm_loss 0.1940  acc 0.9490  exact 0.7891 (~101/128) [halt step 186736]
[LT] step 187000  lm_loss 0.4297  acc 0.9628  exact 0.7969 (~102/128) [halt step 186992]
[LT] step 187250  lm_loss 0.6779  acc 0.9617  exact 0.8281 (~106/128) [halt step 187248]
[EVAL] step 187488  acc 0.8119  exact 927/2048
[LT] step 187500  lm_loss 0.2833  acc 0.9851  exact 0.9297 (~119/128) [halt step 187488]
[LT] step 187750  lm_loss 0.5862  acc 0.9517  exact 0.7891 (~101/128) [halt step 187744]
[LT] step 188000  lm_loss 0.0744  acc 0.9771  exact 0.8438 (~108/128) [halt step 188000]
[LT] step 188250  lm_loss 0.3547  acc 0.9749  exact 0.8828 (~113/128) [halt step 188240]
[LT] step 188500  lm_loss 0.6216  acc 0.9226  exact 0.6328 (~81/128) [halt step 188496]
[LT] step 188750  lm_loss 0.1901  acc 0.9509  exact 0.7578 (~97/128) [halt step 188736]
[LT] step 189000  lm_loss 0.4830  acc 0.9369  exact 0.6953 (~89/128) [halt step 188992]
[LT] step 189250  lm_loss 0.6606  acc 0.9396  exact 0.7812 (~100/128) [halt step 189248]
[EVAL] step 189441  acc 0.8087  exact 866/2048
[LT] step 189500  lm_loss 0.2701  acc 0.9645  exact 0.8203 (~105/128) [halt step 189488]
[LT] step 189750  lm_loss 0.4957  acc 0.9712  exact 0.8438 (~108/128) [halt step 189744]
[LT] step 190000  lm_loss 0.1331  acc 0.9587  exact 0.7734 (~99/128) [halt step 190000]
[LT] step 190250  lm_loss 0.3882  acc 0.9495  exact 0.7812 (~100/128) [halt step 190240]
[LT] step 190500  lm_loss 0.6269  acc 0.9633  exact 0.7891 (~101/128) [halt step 190496]
[LT] step 190750  lm_loss 0.1482  acc 0.9412  exact 0.7344 (~94/128) [halt step 190736]
[LT] step 191000  lm_loss 0.4622  acc 0.9479  exact 0.7656 (~98/128) [halt step 190992]
[LT] step 191250  lm_loss 0.6922  acc 0.9635  exact 0.8281 (~106/128) [halt step 191248]
[EVAL] step 191394  acc 0.8155  exact 947/2048
[LT] step 191500  lm_loss 0.2511  acc 0.9504  exact 0.7578 (~97/128) [halt step 191488]
[LT] step 191750  lm_loss 0.5258  acc 0.9628  exact 0.7969 (~102/128) [halt step 191744]
[LT] step 192000  lm_loss 0.1070  acc 0.9640  exact 0.8359 (~107/128) [halt step 192000]
[LT] step 192250  lm_loss 0.2987  acc 0.9527  exact 0.7812 (~100/128) [halt step 192240]
[LT] step 192500  lm_loss 0.5937  acc 0.9544  exact 0.7734 (~99/128) [halt step 192496]
[LT] step 192750  lm_loss 0.2276  acc 0.9443  exact 0.7656 (~98/128) [halt step 192736]
[LT] step 193000  lm_loss 0.4315  acc 0.8919  exact 0.5391 (~69/128) [halt step 192992]
[LT] step 193250  lm_loss 0.6446  acc 0.9677  exact 0.8281 (~106/128) [halt step 193248]
[EVAL] step 193347  acc 0.7657  exact 589/2048
[LT] step 193500  lm_loss 0.2887  acc 0.9500  exact 0.8047 (~103/128) [halt step 193488]
[LT] step 193750  lm_loss 0.4977  acc 0.9020  exact 0.6172 (~79/128) [halt step 193744]
[LT] step 194000  lm_loss 0.1102  acc 0.9633  exact 0.8359 (~107/128) [halt step 194000]
[LT] step 194250  lm_loss 0.3788  acc 0.9416  exact 0.7109 (~91/128) [halt step 194240]
[LT] step 194500  lm_loss 0.5984  acc 0.9737  exact 0.8594 (~110/128) [halt step 194496]
[LT] step 194750  lm_loss 0.1667  acc 0.9718  exact 0.8672 (~111/128) [halt step 194736]
[LT] step 195000  lm_loss 0.4104  acc 0.9716  exact 0.8359 (~107/128) [halt step 194992]
[LT] step 195250  lm_loss 0.6757  acc 0.9427  exact 0.6562 (~84/128) [halt step 195248]
[EVAL] step 195300  acc 0.8162  exact 936/2048
[LT] step 195500  lm_loss 0.2763  acc 0.9390  exact 0.7656 (~98/128) [halt step 195488]
[LT] step 195750  lm_loss 0.5817  acc 0.9786  exact 0.8906 (~114/128) [halt step 195744]
[LT] step 196000  lm_loss 0.0859  acc 0.9705  exact 0.8828 (~113/128) [halt step 196000]
[LT] step 196250  lm_loss 0.3271  acc 0.9488  exact 0.7656 (~98/128) [halt step 196240]
[LT] step 196500  lm_loss 0.6028  acc 0.9561  exact 0.7969 (~102/128) [halt step 196496]
[LT] step 196750  lm_loss 0.1889  acc 0.9460  exact 0.7891 (~101/128) [halt step 196736]
[LT] step 197000  lm_loss 0.4462  acc 0.9796  exact 0.8750 (~112/128) [halt step 196992]
[LT] step 197250  lm_loss 0.7092  acc 0.9370  exact 0.7266 (~93/128) [halt step 197248]
[EVAL] step 197253  acc 0.8236  exact 986/2048
[LT] step 197500  lm_loss 0.2343  acc 0.9600  exact 0.8203 (~105/128) [halt step 197488]
[LT] step 197750  lm_loss 0.4953  acc 0.9512  exact 0.7422 (~95/128) [halt step 197744]
[LT] step 198000  lm_loss 0.1494  acc 0.9496  exact 0.7656 (~98/128) [halt step 198000]
[LT] step 198250  lm_loss 0.3286  acc 0.9474  exact 0.7500 (~96/128) [halt step 198240]
[LT] step 198500  lm_loss 0.5994  acc 0.9548  exact 0.7891 (~101/128) [halt step 198496]
[LT] step 198750  lm_loss 0.1941  acc 0.9388  exact 0.7266 (~93/128) [halt step 198736]
[LT] step 199000  lm_loss 0.4529  acc 0.9746  exact 0.8594 (~110/128) [halt step 198992]
[EVAL] step 199206  acc 0.8209  exact 998/2048
[LT] step 199250  lm_loss 0.7231  acc 0.9416  exact 0.7422 (~95/128) [halt step 199248]
[LT] step 199500  lm_loss 0.4149  acc 0.9576  exact 0.8125 (~104/128) [halt step 199488]
[LT] step 199750  lm_loss 0.5290  acc 0.9716  exact 0.8672 (~111/128) [halt step 199744]
[LT] step 200000  lm_loss 0.0889  acc 0.9718  exact 0.8438 (~108/128) [halt step 200000]
[LT] milestone 저장 step=200000 → /workspace/LinearTuring/2026-09-09/run_v17/milestones/step_200000.pt
[EXTRAP] step 200000  seg16 44.73%  best seg126 70.12%  (+25.39%p)  churn@128 0.04642  → /workspace/LinearTuring/2026-09-09/run_v17/milestones/extrap_step_200000.txt
[LT] step 200250  lm_loss 0.3413  acc 0.9625  exact 0.8359 (~107/128) [halt step 200240]
[LT] step 200500  lm_loss 0.5346  acc 0.9579  exact 0.7812 (~100/128) [halt step 200496]
[LT] step 200750  lm_loss 0.2108  acc 0.9825  exact 0.8984 (~115/128) [halt step 200736]
[LT] step 201000  lm_loss 0.4064  acc 0.9609  exact 0.8125 (~104/128) [halt step 200992]
[EVAL] step 201159  acc 0.8341  exact 1103/2048
[LT] step 201250  lm_loss 0.6693  acc 0.9389  exact 0.7812 (~100/128) [halt step 201248]
[LT] step 201500  lm_loss 0.3204  acc 0.9742  exact 0.8672 (~111/128) [halt step 201488]
[LT] step 201750  lm_loss 0.4860  acc 0.9650  exact 0.8438 (~108/128) [halt step 201744]
[LT] step 202000  lm_loss 0.1143  acc 0.9649  exact 0.8359 (~107/128) [halt step 202000]
[LT] step 202250  lm_loss 0.2825  acc 0.9623  exact 0.8438 (~108/128) [halt step 202240]
[LT] step 202500  lm_loss 0.6067  acc 0.9335  exact 0.7500 (~96/128) [halt step 202496]
[LT] step 202750  lm_loss 0.1389  acc 0.9737  exact 0.8750 (~112/128) [halt step 202736]
[LT] step 203000  lm_loss 0.4146  acc 0.9597  exact 0.8203 (~105/128) [halt step 202992]
[EVAL] step 203112  acc 0.8295  exact 1064/2048
[LT] step 203250  lm_loss 0.6541  acc 0.9425  exact 0.8047 (~103/128) [halt step 203248]
[LT] step 203500  lm_loss 0.2417  acc 0.9690  exact 0.8828 (~113/128) [halt step 203488]
[LT] step 203750  lm_loss 0.4764  acc 0.9776  exact 0.8750 (~112/128) [halt step 203744]
[LT] step 204000  lm_loss 0.1028  acc 0.9628  exact 0.8750 (~112/128) [halt step 204000]
[LT] step 204250  lm_loss 0.3332  acc 0.9698  exact 0.8438 (~108/128) [halt step 204240]
[LT] step 204500  lm_loss 0.5656  acc 0.9677  exact 0.8438 (~108/128) [halt step 204496]
[LT] step 204750  lm_loss 0.1504  acc 0.9492  exact 0.8125 (~104/128) [halt step 204736]
[LT] step 205000  lm_loss 0.4187  acc 0.9633  exact 0.8359 (~107/128) [halt step 204992]
[EVAL] step 205065  acc 0.8306  exact 1074/2048
[LT] step 205250  lm_loss 0.6840  acc 0.9663  exact 0.8438 (~108/128) [halt step 205248]
[LT] step 205500  lm_loss 0.2058  acc 0.9621  exact 0.8203 (~105/128) [halt step 205488]
[LT] step 205750  lm_loss 0.5002  acc 0.9686  exact 0.8516 (~109/128) [halt step 205744]
[LT] step 206000  lm_loss 0.0709  acc 0.9777  exact 0.8828 (~113/128) [halt step 206000]
[LT] step 206250  lm_loss 0.3158  acc 0.9681  exact 0.8359 (~107/128) [halt step 206240]
[LT] step 206500  lm_loss 0.5829  acc 0.9685  exact 0.8828 (~113/128) [halt step 206496]
[LT] step 206750  lm_loss 0.2242  acc 0.9654  exact 0.8516 (~109/128) [halt step 206736]
[LT] step 207000  lm_loss 0.4227  acc 0.9364  exact 0.7188 (~92/128) [halt step 206992]
[EVAL] step 207018  acc 0.8344  exact 1108/2048
[LT] step 207250  lm_loss 0.7062  acc 0.9364  exact 0.7656 (~98/128) [halt step 207248]
[LT] step 207500  lm_loss 0.3119  acc 0.9405  exact 0.7500 (~96/128) [halt step 207488]
[LT] step 207750  lm_loss 0.4459  acc 0.9572  exact 0.7969 (~102/128) [halt step 207744]
[LT] step 208000  lm_loss 0.1270  acc 0.9569  exact 0.8125 (~104/128) [halt step 208000]
[LT] step 208250  lm_loss 0.2925  acc 0.9576  exact 0.7812 (~100/128) [halt step 208240]
[LT] step 208500  lm_loss 0.5938  acc 0.9664  exact 0.8438 (~108/128) [halt step 208496]
[LT] step 208750  lm_loss 0.1365  acc 0.9805  exact 0.8906 (~114/128) [halt step 208736]
[EVAL] step 208971  acc 0.8296  exact 1059/2048
[LT] step 209000  lm_loss 0.4222  acc 0.9787  exact 0.8672 (~111/128) [halt step 208992]
[LT] step 209250  lm_loss 0.6612  acc 0.9496  exact 0.7734 (~99/128) [halt step 209248]
[LT] step 209500  lm_loss 0.2174  acc 0.9685  exact 0.8594 (~110/128) [halt step 209488]
[LT] step 209750  lm_loss 0.5240  acc 0.9731  exact 0.8438 (~108/128) [halt step 209744]
[LT] step 210000  lm_loss 0.1000  acc 0.9666  exact 0.8359 (~107/128) [halt step 210000]
[LT] step 210250  lm_loss 0.3844  acc 0.9712  exact 0.8203 (~105/128) [halt step 210240]
[LT] step 210500  lm_loss 0.6261  acc 0.9663  exact 0.8516 (~109/128) [halt step 210496]
[LT] step 210750  lm_loss 0.1518  acc 0.9465  exact 0.8359 (~107/128) [halt step 210736]
[EVAL] step 210924  acc 0.8305  exact 1038/2048
[LT] step 211000  lm_loss 0.3789  acc 0.9685  exact 0.8750 (~112/128) [halt step 210992]
[LT] step 211250  lm_loss 0.6909  acc 0.9540  exact 0.8047 (~103/128) [halt step 211248]
[LT] step 211500  lm_loss 0.2181  acc 0.9601  exact 0.7734 (~99/128) [halt step 211488]
[LT] step 211750  lm_loss 0.5480  acc 0.9658  exact 0.8359 (~107/128) [halt step 211744]
[LT] step 212000  lm_loss 0.0820  acc 0.9742  exact 0.8594 (~110/128) [halt step 212000]
[LT] step 212250  lm_loss 0.3027  acc 0.9658  exact 0.8359 (~107/128) [halt step 212240]
[LT] step 212500  lm_loss 0.5979  acc 0.9737  exact 0.8438 (~108/128) [halt step 212496]
[LT] step 212750  lm_loss 0.1513  acc 0.9644  exact 0.8281 (~106/128) [halt step 212736]
[EVAL] step 212877  acc 0.8303  exact 1082/2048
[LT] step 213000  lm_loss 0.4786  acc 0.9479  exact 0.7422 (~95/128) [halt step 212992]
[LT] step 213250  lm_loss 0.6425  acc 0.9801  exact 0.8984 (~115/128) [halt step 213248]
[LT] step 213500  lm_loss 0.2195  acc 0.9754  exact 0.8906 (~114/128) [halt step 213488]
[LT] step 213750  lm_loss 0.5318  acc 0.9626  exact 0.8203 (~105/128) [halt step 213744]
[LT] step 214000  lm_loss 0.1181  acc 0.9617  exact 0.8359 (~107/128) [halt step 214000]
[LT] step 214250  lm_loss 0.3091  acc 0.9804  exact 0.8828 (~113/128) [halt step 214240]
[LT] step 214500  lm_loss 0.6413  acc 0.9742  exact 0.8438 (~108/128) [halt step 214496]
[LT] step 214750  lm_loss 0.1869  acc 0.9641  exact 0.8281 (~106/128) [halt step 214736]
[EVAL] step 214830  acc 0.8295  exact 1076/2048
[LT] step 215000  lm_loss 0.4170  acc 0.9520  exact 0.8047 (~103/128) [halt step 214992]
[LT] step 215250  lm_loss 0.6386  acc 0.9641  exact 0.8125 (~104/128) [halt step 215248]
[LT] step 215500  lm_loss 0.2727  acc 0.9533  exact 0.7734 (~99/128) [halt step 215488]
[LT] step 215750  lm_loss 0.4881  acc 0.9629  exact 0.7891 (~101/128) [halt step 215744]
[LT] step 216000  lm_loss 0.1169  acc 0.9635  exact 0.8359 (~107/128) [halt step 216000]
[LT] step 216250  lm_loss 0.3176  acc 0.9651  exact 0.8047 (~103/128) [halt step 216240]
[LT] step 216500  lm_loss 0.5710  acc 0.9555  exact 0.8125 (~104/128) [halt step 216496]
[LT] step 216750  lm_loss 0.0986  acc 0.9683  exact 0.8281 (~106/128) [halt step 216736]
[EVAL] step 216783  acc 0.8331  exact 1096/2048
[LT] step 217000  lm_loss 0.3707  acc 0.9656  exact 0.8828 (~113/128) [halt step 216992]
[LT] step 217250  lm_loss 0.6314  acc 0.9389  exact 0.7344 (~94/128) [halt step 217248]
[LT] step 217500  lm_loss 0.2420  acc 0.9700  exact 0.8750 (~112/128) [halt step 217488]
[LT] step 217750  lm_loss 0.5606  acc 0.9682  exact 0.8594 (~110/128) [halt step 217744]
[LT] step 218000  lm_loss 0.1100  acc 0.9666  exact 0.8359 (~107/128) [halt step 218000]
[LT] step 218250  lm_loss 0.2891  acc 0.9513  exact 0.7812 (~100/128) [halt step 218240]
[LT] step 218500  lm_loss 0.5717  acc 0.9479  exact 0.7812 (~100/128) [halt step 218496]
[EVAL] step 218736  acc 0.8272  exact 1038/2048
[LT] step 218750  lm_loss 0.0960  acc 0.9552  exact 0.8047 (~103/128) [halt step 218736]
[LT] step 219000  lm_loss 0.4083  acc 0.9825  exact 0.8750 (~112/128) [halt step 218992]
[LT] step 219250  lm_loss 0.6091  acc 0.9661  exact 0.8672 (~111/128) [halt step 219248]
[LT] step 219500  lm_loss 0.2281  acc 0.9674  exact 0.8438 (~108/128) [halt step 219488]
[LT] step 219750  lm_loss 0.5780  acc 0.9412  exact 0.7422 (~95/128) [halt step 219744]
[LT] step 220000  lm_loss 0.0881  acc 0.9720  exact 0.8672 (~111/128) [halt step 220000]
[LT] step 220250  lm_loss 0.2216  acc 0.9767  exact 0.8828 (~113/128) [halt step 220240]
[LT] step 220500  lm_loss 0.5464  acc 0.9422  exact 0.7969 (~102/128) [halt step 220496]
[EVAL] step 220689  acc 0.8360  exact 1096/2048
[LT] step 220750  lm_loss 0.1130  acc 0.9618  exact 0.8281 (~106/128) [halt step 220736]
[LT] step 221000  lm_loss 0.4273  acc 0.9628  exact 0.8438 (~108/128) [halt step 220992]
[LT] step 221250  lm_loss 0.6670  acc 0.9638  exact 0.8672 (~111/128) [halt step 221248]
[LT] step 221500  lm_loss 0.2316  acc 0.9598  exact 0.8281 (~106/128) [halt step 221488]
[LT] step 221750  lm_loss 0.4779  acc 0.9728  exact 0.8516 (~109/128) [halt step 221744]
[LT] step 222000  lm_loss 0.1116  acc 0.9603  exact 0.8438 (~108/128) [halt step 222000]
[LT] step 222250  lm_loss 0.2903  acc 0.9594  exact 0.8047 (~103/128) [halt step 222240]
[LT] step 222500  lm_loss 0.6035  acc 0.9776  exact 0.8906 (~114/128) [halt step 222496]
[EVAL] step 222642  acc 0.8289  exact 1050/2048
[LT] step 222750  lm_loss 0.2035  acc 0.9713  exact 0.8828 (~113/128) [halt step 222736]
[LT] step 223000  lm_loss 0.3880  acc 0.9396  exact 0.7266 (~93/128) [halt step 222992]
[LT] step 223250  lm_loss 0.6929  acc 0.9740  exact 0.8672 (~111/128) [halt step 223248]
[LT] step 223500  lm_loss 0.2612  acc 0.9529  exact 0.8359 (~107/128) [halt step 223488]
[LT] step 223750  lm_loss 0.5469  acc 0.9584  exact 0.8047 (~103/128) [halt step 223744]
[LT] step 224000  lm_loss 0.0973  acc 0.9676  exact 0.8828 (~113/128) [halt step 224000]
[LT] step 224250  lm_loss 0.2996  acc 0.9720  exact 0.8750 (~112/128) [halt step 224240]
[LT] step 224500  lm_loss 0.5404  acc 0.9655  exact 0.8359 (~107/128) [halt step 224496]
[EVAL] step 224595  acc 0.8162  exact 979/2048
[LT] step 224750  lm_loss 0.1329  acc 0.9692  exact 0.8672 (~111/128) [halt step 224736]
[LT] step 225000  lm_loss 0.3877  acc 0.9594  exact 0.8047 (~103/128) [halt step 224992]
[LT] step 225250  lm_loss 0.6784  acc 0.9477  exact 0.7656 (~98/128) [halt step 225248]
[LT] step 225500  lm_loss 0.2467  acc 0.9581  exact 0.7812 (~100/128) [halt step 225488]
[LT] step 225750  lm_loss 0.4573  acc 0.9784  exact 0.8984 (~115/128) [halt step 225744]
[LT] step 226000  lm_loss 0.1075  acc 0.9637  exact 0.8516 (~109/128) [halt step 226000]
[LT] step 226250  lm_loss 0.2563  acc 0.9871  exact 0.9531 (~122/128) [halt step 226240]
[LT] step 226500  lm_loss 0.6006  acc 0.9714  exact 0.8594 (~110/128) [halt step 226496]
[EVAL] step 226548  acc 0.8341  exact 1082/2048
[LT] step 226750  lm_loss 0.1837  acc 0.9737  exact 0.8750 (~112/128) [halt step 226736]
[LT] step 227000  lm_loss 0.4420  acc 0.9701  exact 0.8438 (~108/128) [halt step 226992]
[LT] step 227250  lm_loss 0.6289  acc 0.9758  exact 0.8438 (~108/128) [halt step 227248]
[LT] step 227500  lm_loss 0.2330  acc 0.9667  exact 0.8125 (~104/128) [halt step 227488]
[LT] step 227750  lm_loss 0.5425  acc 0.9754  exact 0.8750 (~112/128) [halt step 227744]
[LT] step 228000  lm_loss 0.1140  acc 0.9617  exact 0.8359 (~107/128) [halt step 228000]
[LT] step 228250  lm_loss 0.3230  acc 0.9798  exact 0.8906 (~114/128) [halt step 228240]
[LT] step 228500  lm_loss 0.5836  acc 0.9796  exact 0.8984 (~115/128) [halt step 228496]
[EVAL] step 228501  acc 0.8354  exact 1090/2048
[LT] step 228750  lm_loss 0.2038  acc 0.9688  exact 0.8750 (~112/128) [halt step 228736]
[LT] step 229000  lm_loss 0.3810  acc 0.9742  exact 0.8906 (~114/128) [halt step 228992]
[LT] step 229250  lm_loss 0.6599  acc 0.9683  exact 0.8672 (~111/128) [halt step 229248]
[LT] step 229500  lm_loss 0.2064  acc 0.9772  exact 0.9141 (~117/128) [halt step 229488]
[LT] step 229750  lm_loss 0.4613  acc 0.9715  exact 0.8594 (~110/128) [halt step 229744]
[LT] step 230000  lm_loss 0.1044  acc 0.9636  exact 0.8594 (~110/128) [halt step 230000]
[LT] step 230250  lm_loss 0.3563  acc 0.9490  exact 0.7891 (~101/128) [halt step 230240]
[EVAL] step 230454  acc 0.8430  exact 1162/2048
[LT] step 230500  lm_loss 0.6152  acc 0.9537  exact 0.8281 (~106/128) [halt step 230496]
[LT] step 230750  lm_loss 0.1709  acc 0.9638  exact 0.8438 (~108/128) [halt step 230736]
[LT] step 231000  lm_loss 0.3794  acc 0.9660  exact 0.8672 (~111/128) [halt step 230992]
[LT] step 231250  lm_loss 0.6862  acc 0.9870  exact 0.9219 (~118/128) [halt step 231248]
[LT] step 231500  lm_loss 0.1626  acc 0.9639  exact 0.8125 (~104/128) [halt step 231488]
[LT] step 231750  lm_loss 0.4961  acc 0.9356  exact 0.7500 (~96/128) [halt step 231744]
[LT] step 232000  lm_loss 0.0857  acc 0.9736  exact 0.8672 (~111/128) [halt step 232000]
[LT] step 232250  lm_loss 0.5270  acc 0.9711  exact 0.8359 (~107/128) [halt step 232240]
[EVAL] step 232407  acc 0.8355  exact 1107/2048
[LT] step 232500  lm_loss 0.6516  acc 0.9660  exact 0.8047 (~103/128) [halt step 232496]
[LT] step 232750  lm_loss 0.2890  acc 0.9775  exact 0.8828 (~113/128) [halt step 232736]
[LT] step 233000  lm_loss 0.4528  acc 0.9769  exact 0.8750 (~112/128) [halt step 232992]
[LT] step 233250  lm_loss 0.6856  acc 0.9791  exact 0.8906 (~114/128) [halt step 233248]
[LT] step 233500  lm_loss 0.2095  acc 0.9554  exact 0.7969 (~102/128) [halt step 233488]
[LT] step 233750  lm_loss 0.5024  acc 0.9869  exact 0.9062 (~116/128) [halt step 233744]
[LT] step 234000  lm_loss 0.1023  acc 0.9660  exact 0.8438 (~108/128) [halt step 234000]
[LT] step 234250  lm_loss 0.3315  acc 0.9769  exact 0.8750 (~112/128) [halt step 234240]
[EVAL] step 234360  acc 0.8296  exact 1045/2048
[LT] step 234500  lm_loss 0.5900  acc 0.9619  exact 0.8203 (~105/128) [halt step 234496]
[LT] step 234750  lm_loss 0.0843  acc 0.9703  exact 0.8281 (~106/128) [halt step 234736]
[LT] step 235000  lm_loss 0.3501  acc 0.9663  exact 0.8281 (~106/128) [halt step 234992]
[LT] step 235250  lm_loss 0.6385  acc 0.9693  exact 0.8906 (~114/128) [halt step 235248]
[LT] step 235500  lm_loss 0.1863  acc 0.9869  exact 0.9297 (~119/128) [halt step 235488]
[LT] step 235750  lm_loss 0.5144  acc 0.9704  exact 0.8594 (~110/128) [halt step 235744]
[LT] step 236000  lm_loss 0.0738  acc 0.9771  exact 0.8828 (~113/128) [halt step 236000]
[LT] step 236250  lm_loss 0.3054  acc 0.9694  exact 0.8359 (~107/128) [halt step 236240]
[EVAL] step 236313  acc 0.8388  exact 1118/2048
[LT] step 236500  lm_loss 0.5975  acc 0.9533  exact 0.8281 (~106/128) [halt step 236496]
[LT] step 236750  lm_loss 0.1212  acc 0.9645  exact 0.8516 (~109/128) [halt step 236736]
[LT] step 237000  lm_loss 0.4101  acc 0.9679  exact 0.8672 (~111/128) [halt step 236992]
[LT] step 237250  lm_loss 0.6715  acc 0.9747  exact 0.8672 (~111/128) [halt step 237248]
[LT] step 237500  lm_loss 0.1753  acc 0.9661  exact 0.8438 (~108/128) [halt step 237488]
[LT] step 237750  lm_loss 0.3625  acc 0.9825  exact 0.9375 (~120/128) [halt step 237744]
[LT] step 238000  lm_loss 0.0595  acc 0.9819  exact 0.9062 (~116/128) [halt step 238000]
[LT] step 238250  lm_loss 0.2958  acc 0.9342  exact 0.7109 (~91/128) [halt step 238240]
[EVAL] step 238266  acc 0.8405  exact 1117/2048
[LT] step 238500  lm_loss 0.5705  acc 0.9588  exact 0.7812 (~100/128) [halt step 238496]
[LT] step 238750  lm_loss 0.1363  acc 0.9676  exact 0.8594 (~110/128) [halt step 238736]
[LT] step 239000  lm_loss 0.3441  acc 0.9660  exact 0.8750 (~112/128) [halt step 238992]
[LT] step 239250  lm_loss 0.6839  acc 0.9388  exact 0.7656 (~98/128) [halt step 239248]
[LT] step 239500  lm_loss 0.2236  acc 0.9752  exact 0.8750 (~112/128) [halt step 239488]
[LT] step 239750  lm_loss 0.4724  acc 0.9617  exact 0.8203 (~105/128) [halt step 239744]
[LT] step 240000  lm_loss 0.1038  acc 0.9655  exact 0.8672 (~111/128) [halt step 240000]
[EVAL] step 240219  acc 0.8379  exact 1091/2048
[LT] step 240250  lm_loss 0.2368  acc 0.9680  exact 0.8203 (~105/128) [halt step 240240]
[LT] step 240500  lm_loss 0.5791  acc 0.9659  exact 0.8203 (~105/128) [halt step 240496]
[LT] step 240750  lm_loss 0.1577  acc 0.9754  exact 0.8984 (~115/128) [halt step 240736]
[LT] step 241000  lm_loss 0.4554  acc 0.9481  exact 0.7969 (~102/128) [halt step 240992]
[LT] step 241250  lm_loss 0.6902  acc 0.9873  exact 0.9062 (~116/128) [halt step 241248]
[LT] step 241500  lm_loss 0.2276  acc 0.9676  exact 0.8516 (~109/128) [halt step 241488]
[LT] step 241750  lm_loss 0.4683  acc 0.9503  exact 0.8125 (~104/128) [halt step 241744]
[LT] step 242000  lm_loss 0.1746  acc 0.9398  exact 0.7812 (~100/128) [halt step 242000]
[EVAL] step 242172  acc 0.8386  exact 1140/2048
[LT] step 242250  lm_loss 0.2598  acc 0.9702  exact 0.8516 (~109/128) [halt step 242240]
[LT] step 242500  lm_loss 0.5575  acc 0.9616  exact 0.8516 (~109/128) [halt step 242496]
[LT] step 242750  lm_loss 0.1154  acc 0.9512  exact 0.7812 (~100/128) [halt step 242736]
[LT] step 243000  lm_loss 0.4265  acc 0.9604  exact 0.8281 (~106/128) [halt step 242992]
[LT] step 243250  lm_loss 0.6764  acc 0.9622  exact 0.8281 (~106/128) [halt step 243248]
[LT] step 243500  lm_loss 0.1684  acc 0.9733  exact 0.8906 (~114/128) [halt step 243488]
[LT] step 243750  lm_loss 0.4409  acc 0.9605  exact 0.8438 (~108/128) [halt step 243744]
[LT] step 244000  lm_loss 0.1052  acc 0.9614  exact 0.8672 (~111/128) [halt step 244000]
[EVAL] step 244125  acc 0.8372  exact 1153/2048
[LT] step 244250  lm_loss 0.2254  acc 0.9621  exact 0.8047 (~103/128) [halt step 244240]
[LT] step 244500  lm_loss 0.5679  acc 0.9704  exact 0.8359 (~107/128) [halt step 244496]
[LT] step 244750  lm_loss 0.1634  acc 0.9433  exact 0.7734 (~99/128) [halt step 244736]
[LT] step 245000  lm_loss 0.3807  acc 0.9712  exact 0.8906 (~114/128) [halt step 244992]
[LT] step 245250  lm_loss 0.6677  acc 0.9654  exact 0.8203 (~105/128) [halt step 245248]
[LT] step 245500  lm_loss 0.1985  acc 0.9615  exact 0.8594 (~110/128) [halt step 245488]
[LT] step 245750  lm_loss 0.4661  acc 0.9784  exact 0.8906 (~114/128) [halt step 245744]
[LT] step 246000  lm_loss 0.0251  acc 0.9937  exact 0.9609 (~123/128) [halt step 246000]
[EVAL] step 246078  acc 0.8410  exact 1155/2048
[LT] step 246250  lm_loss 0.2967  acc 0.9630  exact 0.8594 (~110/128) [halt step 246240]
[LT] step 246500  lm_loss 0.5687  acc 0.9509  exact 0.8047 (~103/128) [halt step 246496]
[LT] step 246750  lm_loss 0.1461  acc 0.9681  exact 0.8359 (~107/128) [halt step 246736]
[LT] step 247000  lm_loss 0.4142  acc 0.9688  exact 0.8672 (~111/128) [halt step 246992]
[LT] step 247250  lm_loss 0.6469  acc 0.9821  exact 0.9141 (~117/128) [halt step 247248]
[LT] step 247500  lm_loss 0.2470  acc 0.9542  exact 0.8047 (~103/128) [halt step 247488]
[LT] step 247750  lm_loss 0.4853  acc 0.9630  exact 0.8438 (~108/128) [halt step 247744]
[LT] step 248000  lm_loss 0.0837  acc 0.9723  exact 0.8750 (~112/128) [halt step 248000]
[EVAL] step 248031  acc 0.8385  exact 1150/2048
[LT] step 248250  lm_loss 0.3869  acc 0.9384  exact 0.7500 (~96/128) [halt step 248240]
[LT] step 248500  lm_loss 0.5617  acc 0.9686  exact 0.8672 (~111/128) [halt step 248496]
[LT] step 248750  lm_loss 0.1792  acc 0.9785  exact 0.9141 (~117/128) [halt step 248736]
[LT] step 249000  lm_loss 0.4608  acc 0.9782  exact 0.9062 (~116/128) [halt step 248992]
[LT] step 249250  lm_loss 0.6811  acc 0.9809  exact 0.9062 (~116/128) [halt step 249248]
[LT] step 249500  lm_loss 0.2507  acc 0.9665  exact 0.8672 (~111/128) [halt step 249488]
[LT] step 249750  lm_loss 0.5147  acc 0.9737  exact 0.8594 (~110/128) [halt step 249744]
[EVAL] step 249984  acc 0.8318  exact 1109/2048
[LT] step 250000  lm_loss 0.0722  acc 0.9778  exact 0.8750 (~112/128) [halt step 250000]
[LT] step 250250  lm_loss 0.5907  acc 0.9747  exact 0.8672 (~111/128) [halt step 250240]
[LT] step 250500  lm_loss 0.6319  acc 0.9796  exact 0.9062 (~116/128) [halt step 250496]
[LT] step 250750  lm_loss 0.1213  acc 0.9825  exact 0.9062 (~116/128) [halt step 250736]
[LT] step 251000  lm_loss 0.2999  acc 0.9745  exact 0.8906 (~114/128) [halt step 250992]
[LT] step 251250  lm_loss 0.6158  acc 0.9791  exact 0.9062 (~116/128) [halt step 251248]
[LT] step 251500  lm_loss 0.2265  acc 0.9761  exact 0.8906 (~114/128) [halt step 251488]
[LT] step 251750  lm_loss 0.5038  acc 0.9654  exact 0.8047 (~103/128) [halt step 251744]
[EVAL] step 251937  acc 0.8451  exact 1186/2048
[LT] step 252000  lm_loss 0.0872  acc 0.9730  exact 0.8594 (~110/128) [halt step 252000]
[LT] step 252250  lm_loss 0.3024  acc 0.9742  exact 0.8906 (~114/128) [halt step 252240]
[LT] step 252500  lm_loss 0.6189  acc 0.9600  exact 0.8125 (~104/128) [halt step 252496]
[LT] step 252750  lm_loss 0.1590  acc 0.9761  exact 0.8594 (~110/128) [halt step 252736]
[LT] step 253000  lm_loss 0.3968  acc 0.9668  exact 0.8203 (~105/128) [halt step 252992]
[LT] step 253250  lm_loss 0.6107  acc 0.9769  exact 0.9141 (~117/128) [halt step 253248]
[LT] step 253500  lm_loss 0.2586  acc 0.9680  exact 0.8516 (~109/128) [halt step 253488]
[LT] step 253750  lm_loss 0.4424  acc 0.9576  exact 0.8359 (~107/128) [halt step 253744]
[EVAL] step 253890  acc 0.8427  exact 1157/2048
[LT] step 254000  lm_loss 0.0721  acc 0.9764  exact 0.8906 (~114/128) [halt step 254000]
[LT] step 254250  lm_loss 0.3214  acc 0.9843  exact 0.9219 (~118/128) [halt step 254240]
[LT] step 254500  lm_loss 0.6057  acc 0.9566  exact 0.8047 (~103/128) [halt step 254496]
[LT] step 254750  lm_loss 0.1226  acc 0.9750  exact 0.8984 (~115/128) [halt step 254736]
[LT] step 255000  lm_loss 0.4208  acc 0.9464  exact 0.7812 (~100/128) [halt step 254992]
[LT] step 255250  lm_loss 0.6566  acc 0.9650  exact 0.8594 (~110/128) [halt step 255248]
[LT] step 255500  lm_loss 0.2101  acc 0.9607  exact 0.8125 (~104/128) [halt step 255488]
[LT] step 255750  lm_loss 0.5258  acc 0.9855  exact 0.9297 (~119/128) [halt step 255744]
[EVAL] step 255843  acc 0.8421  exact 1170/2048
[LT] step 256000  lm_loss 0.1192  acc 0.9581  exact 0.8438 (~108/128) [halt step 256000]
[LT] step 256250  lm_loss 0.3300  acc 0.9601  exact 0.8281 (~106/128) [halt step 256240]
[LT] step 256500  lm_loss 0.5346  acc 0.9704  exact 0.8438 (~108/128) [halt step 256496]
[LT] step 256750  lm_loss 0.1611  acc 0.9389  exact 0.7266 (~93/128) [halt step 256736]
[LT] step 257000  lm_loss 0.4619  acc 0.9583  exact 0.8359 (~107/128) [halt step 256992]
[LT] step 257250  lm_loss 0.6193  acc 0.9753  exact 0.8906 (~114/128) [halt step 257248]
[LT] step 257500  lm_loss 0.1526  acc 0.9540  exact 0.8125 (~104/128) [halt step 257488]
[LT] step 257750  lm_loss 0.4518  acc 0.9660  exact 0.8281 (~106/128) [halt step 257744]
[EVAL] step 257796  acc 0.8388  exact 1142/2048
[LT] step 258000  lm_loss 0.0882  acc 0.9732  exact 0.8359 (~107/128) [halt step 258000]
[LT] step 258250  lm_loss 0.2779  acc 0.9664  exact 0.8672 (~111/128) [halt step 258240]
[LT] step 258500  lm_loss 0.5862  acc 0.9646  exact 0.8203 (~105/128) [halt step 258496]
[LT] step 258750  lm_loss 0.0989  acc 0.9816  exact 0.9141 (~117/128) [halt step 258736]
[LT] step 259000  lm_loss 0.3539  acc 0.9720  exact 0.8125 (~104/128) [halt step 258992]
[LT] step 259250  lm_loss 0.7069  acc 0.9479  exact 0.7969 (~102/128) [halt step 259248]
[LT] step 259500  lm_loss 0.1840  acc 0.9698  exact 0.8438 (~108/128) [halt step 259488]
[EVAL] step 259749  acc 0.8383  exact 1135/2048
[LT] step 259750  lm_loss 0.6262  acc 0.9810  exact 0.9062 (~116/128) [halt step 259744]
[LT] step 260000  lm_loss 0.0890  acc 0.9715  exact 0.8516 (~109/128) [halt step 260000]
[LT] step 260250  lm_loss 0.4518  acc 0.9629  exact 0.8359 (~107/128) [halt step 260240]
[LT] step 260500  lm_loss 0.5590  acc 0.9742  exact 0.8438 (~108/128) [halt step 260496]
[LT] step 260750  lm_loss 0.2156  acc 0.9656  exact 0.8828 (~113/128) [halt step 260736]
[LT] step 261000  lm_loss 0.5576  acc 0.9174  exact 0.6094 (~78/128) [halt step 260992]
[LT] step 261250  lm_loss 0.6468  acc 0.9600  exact 0.8047 (~103/128) [halt step 261248]
[LT] step 261500  lm_loss 0.1932  acc 0.9523  exact 0.7969 (~102/128) [halt step 261488]
[EVAL] step 261702  acc 0.8397  exact 1142/2048
[LT] step 261750  lm_loss 0.4635  acc 0.9786  exact 0.8984 (~115/128) [halt step 261744]
[LT] step 262000  lm_loss 0.1085  acc 0.9629  exact 0.8594 (~110/128) [halt step 262000]
[LT] step 262250  lm_loss 0.3854  acc 0.9688  exact 0.8594 (~110/128) [halt step 262240]
[LT] step 262500  lm_loss 0.6138  acc 0.9736  exact 0.8594 (~110/128) [halt step 262496]
[LT] step 262750  lm_loss 0.1702  acc 0.9619  exact 0.8203 (~105/128) [halt step 262736]
[LT] step 263000  lm_loss 0.3774  acc 0.9532  exact 0.8359 (~107/128) [halt step 262992]
[LT] step 263250  lm_loss 0.6230  acc 0.9818  exact 0.9062 (~116/128) [halt step 263248]
[LT] step 263500  lm_loss 0.2457  acc 0.9596  exact 0.7656 (~98/128) [halt step 263488]
[EVAL] step 263655  acc 0.8416  exact 1129/2048
[LT] step 263750  lm_loss 0.4797  acc 0.9784  exact 0.8828 (~113/128) [halt step 263744]
[LT] step 264000  lm_loss 0.0519  acc 0.9831  exact 0.9219 (~118/128) [halt step 264000]
[LT] step 264250  lm_loss 0.2272  acc 0.9650  exact 0.8594 (~110/128) [halt step 264240]
[LT] step 264500  lm_loss 0.5347  acc 0.9683  exact 0.8438 (~108/128) [halt step 264496]
[LT] step 264750  lm_loss 0.1334  acc 0.9724  exact 0.8672 (~111/128) [halt step 264736]
[LT] step 265000  lm_loss 0.3237  acc 0.9811  exact 0.8984 (~115/128) [halt step 264992]
[LT] step 265250  lm_loss 0.6317  acc 0.9740  exact 0.8906 (~114/128) [halt step 265248]
[LT] step 265500  lm_loss 0.1614  acc 0.9671  exact 0.8750 (~112/128) [halt step 265488]
[EVAL] step 265608  acc 0.8310  exact 1061/2048
[LT] step 265750  lm_loss 0.4941  acc 0.9657  exact 0.8594 (~110/128) [halt step 265744]
[LT] step 266000  lm_loss 0.1197  acc 0.9598  exact 0.8672 (~111/128) [halt step 266000]
[LT] step 266250  lm_loss 0.2129  acc 0.9538  exact 0.8203 (~105/128) [halt step 266240]
[LT] step 266500  lm_loss 0.5871  acc 0.9747  exact 0.9062 (~116/128) [halt step 266496]
[LT] step 266750  lm_loss 0.1234  acc 0.9658  exact 0.8594 (~110/128) [halt step 266736]
[LT] step 267000  lm_loss 0.3901  acc 0.9763  exact 0.8672 (~111/128) [halt step 266992]
[LT] step 267250  lm_loss 0.6273  acc 0.9709  exact 0.8750 (~112/128) [halt step 267248]
[LT] step 267500  lm_loss 0.1369  acc 0.9870  exact 0.9375 (~120/128) [halt step 267488]
[EVAL] step 267561  acc 0.8375  exact 1086/2048
[LT] step 267750  lm_loss 0.4980  acc 0.9705  exact 0.8750 (~112/128) [halt step 267744]
[LT] step 268000  lm_loss 0.0654  acc 0.9822  exact 0.9141 (~117/128) [halt step 268000]
[LT] step 268250  lm_loss 0.4056  acc 0.9699  exact 0.8359 (~107/128) [halt step 268240]
[LT] step 268500  lm_loss 0.5933  acc 0.9631  exact 0.8594 (~110/128) [halt step 268496]
[LT] step 268750  lm_loss 0.0997  acc 0.9776  exact 0.8672 (~111/128) [halt step 268736]
[LT] step 269000  lm_loss 0.3744  acc 0.9673  exact 0.8438 (~108/128) [halt step 268992]
[LT] step 269250  lm_loss 0.6719  acc 0.9854  exact 0.8906 (~114/128) [halt step 269248]
[LT] step 269500  lm_loss 0.1687  acc 0.9710  exact 0.8438 (~108/128) [halt step 269488]
[EVAL] step 269514  acc 0.8457  exact 1197/2048
[LT] step 269750  lm_loss 0.4351  acc 0.9741  exact 0.8516 (~109/128) [halt step 269744]
[LT] step 270000  lm_loss 0.0761  acc 0.9760  exact 0.8828 (~113/128) [halt step 270000]
[LT] step 270250  lm_loss 0.2805  acc 0.9763  exact 0.8672 (~111/128) [halt step 270240]
[LT] step 270500  lm_loss 0.5490  acc 0.9823  exact 0.8984 (~115/128) [halt step 270496]
[LT] step 270750  lm_loss 0.2072  acc 0.9646  exact 0.8438 (~108/128) [halt step 270736]
[LT] step 271000  lm_loss 0.3579  acc 0.9397  exact 0.7422 (~95/128) [halt step 270992]
[LT] step 271250  lm_loss 0.6799  acc 0.9699  exact 0.8281 (~106/128) [halt step 271248]
[EVAL] step 271467  acc 0.8377  exact 1092/2048
[LT] step 271500  lm_loss 0.1630  acc 0.9831  exact 0.8984 (~115/128) [halt step 271488]
[LT] step 271750  lm_loss 0.4609  acc 0.9778  exact 0.9141 (~117/128) [halt step 271744]
[LT] step 272000  lm_loss 0.0858  acc 0.9736  exact 0.8750 (~112/128) [halt step 272000]
[LT] step 272250  lm_loss 0.3120  acc 0.9585  exact 0.7344 (~94/128) [halt step 272240]
[LT] step 272500  lm_loss 0.6313  acc 0.9642  exact 0.8438 (~108/128) [halt step 272496]
[LT] step 272750  lm_loss 0.1560  acc 0.9754  exact 0.8828 (~113/128) [halt step 272736]
[LT] step 273000  lm_loss 0.4411  acc 0.9621  exact 0.8125 (~104/128) [halt step 272992]
[LT] step 273250  lm_loss 0.6502  acc 0.9806  exact 0.8906 (~114/128) [halt step 273248]
[EVAL] step 273420  acc 0.8383  exact 1123/2048
[LT] step 273500  lm_loss 0.2646  acc 0.9642  exact 0.8203 (~105/128) [halt step 273488]
[LT] step 273750  lm_loss 0.5447  acc 0.9676  exact 0.8359 (~107/128) [halt step 273744]
[LT] step 274000  lm_loss 0.0902  acc 0.9692  exact 0.8672 (~111/128) [halt step 274000]
[LT] step 274250  lm_loss 0.2573  acc 0.9652  exact 0.8516 (~109/128) [halt step 274240]
[LT] step 274500  lm_loss 0.5619  acc 0.9629  exact 0.8828 (~113/128) [halt step 274496]
[LT] step 274750  lm_loss 0.2724  acc 0.9614  exact 0.8359 (~107/128) [halt step 274736]
[LT] step 275000  lm_loss 0.4367  acc 0.9663  exact 0.8203 (~105/128) [halt step 274992]
[LT] step 275250  lm_loss 0.6485  acc 0.9728  exact 0.8516 (~109/128) [halt step 275248]
[EVAL] step 275373  acc 0.8295  exact 1040/2048
[LT] step 275500  lm_loss 0.2016  acc 0.9877  exact 0.9609 (~123/128) [halt step 275488]
[LT] step 275750  lm_loss 0.4450  acc 0.9878  exact 0.9062 (~116/128) [halt step 275744]
[LT] step 276000  lm_loss 0.1067  acc 0.9624  exact 0.8359 (~107/128) [halt step 276000]
[LT] step 276250  lm_loss 0.3127  acc 0.9668  exact 0.8281 (~106/128) [halt step 276240]
[LT] step 276500  lm_loss 0.6154  acc 0.9758  exact 0.9062 (~116/128) [halt step 276496]
[LT] step 276750  lm_loss 0.1516  acc 0.9828  exact 0.9219 (~118/128) [halt step 276736]
[LT] step 277000  lm_loss 0.3795  acc 0.9821  exact 0.8984 (~115/128) [halt step 276992]
[LT] step 277250  lm_loss 0.6548  acc 0.9838  exact 0.9375 (~120/128) [halt step 277248]
[EVAL] step 277326  acc 0.8365  exact 1118/2048
[LT] step 277500  lm_loss 0.1008  acc 0.9784  exact 0.8906 (~114/128) [halt step 277488]
[LT] step 277750  lm_loss 0.4793  acc 0.9577  exact 0.7734 (~99/128) [halt step 277744]
[LT] step 278000  lm_loss 0.1147  acc 0.9646  exact 0.8203 (~105/128) [halt step 278000]
[LT] step 278250  lm_loss 0.3083  acc 0.9743  exact 0.8672 (~111/128) [halt step 278240]
[LT] step 278500  lm_loss 0.5751  acc 0.9891  exact 0.9375 (~120/128) [halt step 278496]
[LT] step 278750  lm_loss 0.1158  acc 0.9797  exact 0.9141 (~117/128) [halt step 278736]
[LT] step 279000  lm_loss 0.4108  acc 0.9765  exact 0.8672 (~111/128) [halt step 278992]
[LT] step 279250  lm_loss 0.6338  acc 0.9762  exact 0.8906 (~114/128) [halt step 279248]
[EVAL] step 279279  acc 0.8425  exact 1154/2048
[LT] step 279500  lm_loss 0.2097  acc 0.9451  exact 0.7656 (~98/128) [halt step 279488]
[LT] step 279750  lm_loss 0.4666  acc 0.9736  exact 0.8750 (~112/128) [halt step 279744]
[LT] step 280000  lm_loss 0.1203  acc 0.9604  exact 0.7891 (~101/128) [halt step 280000]
[LT] step 280250  lm_loss 0.3200  acc 0.9716  exact 0.8594 (~110/128) [halt step 280240]
[LT] step 280500  lm_loss 0.5928  acc 0.9615  exact 0.7656 (~98/128) [halt step 280496]
[LT] step 280750  lm_loss 0.1621  acc 0.9891  exact 0.9297 (~119/128) [halt step 280736]
[LT] step 281000  lm_loss 0.3647  acc 0.9694  exact 0.8438 (~108/128) [halt step 280992]
[EVAL] step 281232  acc 0.8235  exact 1023/2048
[LT] step 281250  lm_loss 0.6552  acc 0.9776  exact 0.8984 (~115/128) [halt step 281248]
[LT] step 281500  lm_loss 0.1502  acc 0.9513  exact 0.7891 (~101/128) [halt step 281488]
[LT] step 281750  lm_loss 0.4639  acc 0.9668  exact 0.8672 (~111/128) [halt step 281744]
[LT] step 282000  lm_loss 0.1012  acc 0.9663  exact 0.8281 (~106/128) [halt step 282000]
[LT] step 282250  lm_loss 0.2551  acc 0.9481  exact 0.7969 (~102/128) [halt step 282240]
[LT] step 282500  lm_loss 0.5329  acc 0.9706  exact 0.8594 (~110/128) [halt step 282496]
[LT] step 282750  lm_loss 0.1386  acc 0.9672  exact 0.8203 (~105/128) [halt step 282736]
[LT] step 283000  lm_loss 0.4162  acc 0.9738  exact 0.8906 (~114/128) [halt step 282992]
[EVAL] step 283185  acc 0.8430  exact 1156/2048
[LT] step 283250  lm_loss 0.6598  acc 0.9714  exact 0.8203 (~105/128) [halt step 283248]
[LT] step 283500  lm_loss 0.2193  acc 0.9747  exact 0.8828 (~113/128) [halt step 283488]
[LT] step 283750  lm_loss 0.4687  acc 0.9750  exact 0.8594 (~110/128) [halt step 283744]
[LT] step 284000  lm_loss 0.0616  acc 0.9823  exact 0.9141 (~117/128) [halt step 284000]
[LT] step 284250  lm_loss 0.3106  acc 0.9746  exact 0.8516 (~109/128) [halt step 284240]
[LT] step 284500  lm_loss 0.5646  acc 0.9710  exact 0.8281 (~106/128) [halt step 284496]
[LT] step 284750  lm_loss 0.2112  acc 0.9623  exact 0.8047 (~103/128) [halt step 284736]
[LT] step 285000  lm_loss 0.4814  acc 0.9659  exact 0.8906 (~114/128) [halt step 284992]
[EVAL] step 285138  acc 0.8420  exact 1143/2048
[LT] step 285250  lm_loss 0.6944  acc 0.9603  exact 0.7891 (~101/128) [halt step 285248]
[LT] step 285500  lm_loss 0.2950  acc 0.9797  exact 0.8984 (~115/128) [halt step 285488]
[LT] step 285750  lm_loss 0.5136  acc 0.9651  exact 0.8047 (~103/128) [halt step 285744]
[LT] step 286000  lm_loss 0.0971  acc 0.9706  exact 0.8359 (~107/128) [halt step 286000]
[LT] step 286250  lm_loss 0.2754  acc 0.9660  exact 0.8281 (~106/128) [halt step 286240]
[LT] step 286500  lm_loss 0.5478  acc 0.9708  exact 0.8750 (~112/128) [halt step 286496]
[LT] step 286750  lm_loss 0.1381  acc 0.9638  exact 0.8281 (~106/128) [halt step 286736]
[LT] step 287000  lm_loss 0.4444  acc 0.9819  exact 0.9219 (~118/128) [halt step 286992]
[EVAL] step 287091  acc 0.8420  exact 1168/2048
[LT] step 287250  lm_loss 0.6457  acc 0.9272  exact 0.6328 (~81/128) [halt step 287248]
[LT] step 287500  lm_loss 0.2032  acc 0.9805  exact 0.8438 (~108/128) [halt step 287488]
[LT] step 287750  lm_loss 0.4892  acc 0.9803  exact 0.8828 (~113/128) [halt step 287744]
[LT] step 288000  lm_loss 0.0697  acc 0.9795  exact 0.8906 (~114/128) [halt step 288000]
[LT] step 288250  lm_loss 0.3241  acc 0.9839  exact 0.9297 (~119/128) [halt step 288240]
[LT] step 288500  lm_loss 0.4877  acc 0.9706  exact 0.8516 (~109/128) [halt step 288496]
[LT] step 288750  lm_loss 0.1396  acc 0.9665  exact 0.8750 (~112/128) [halt step 288736]
[LT] step 289000  lm_loss 0.3887  acc 0.9618  exact 0.8516 (~109/128) [halt step 288992]
[EVAL] step 289044  acc 0.8415  exact 1131/2048
[LT] step 289250  lm_loss 0.6527  acc 0.9552  exact 0.7969 (~102/128) [halt step 289248]
[LT] step 289500  lm_loss 0.2183  acc 0.9732  exact 0.8516 (~109/128) [halt step 289488]
[LT] step 289750  lm_loss 0.4569  acc 0.9603  exact 0.7656 (~98/128) [halt step 289744]
[LT] step 290000  lm_loss 0.1545  acc 0.9431  exact 0.7578 (~97/128) [halt step 290000]
[LT] step 290250  lm_loss 0.2864  acc 0.9692  exact 0.8594 (~110/128) [halt step 290240]
[LT] step 290500  lm_loss 0.5777  acc 0.9754  exact 0.8516 (~109/128) [halt step 290496]
[LT] step 290750  lm_loss 0.1119  acc 0.9500  exact 0.8047 (~103/128) [halt step 290736]
[EVAL] step 290997  acc 0.8427  exact 1167/2048
[LT] step 291000  lm_loss 0.3903  acc 0.9646  exact 0.8125 (~104/128) [halt step 290992]
[LT] step 291250  lm_loss 0.6323  acc 0.9619  exact 0.8125 (~104/128) [halt step 291248]
[LT] step 291500  lm_loss 0.1668  acc 0.9755  exact 0.8750 (~112/128) [halt step 291488]
[LT] step 291750  lm_loss 0.4756  acc 0.9855  exact 0.9297 (~119/128) [halt step 291744]
[LT] step 292000  lm_loss 0.0799  acc 0.9743  exact 0.8672 (~111/128) [halt step 292000]
[LT] step 292250  lm_loss 0.3201  acc 0.9611  exact 0.8281 (~106/128) [halt step 292240]
[LT] step 292500  lm_loss 0.5683  acc 0.9590  exact 0.8203 (~105/128) [halt step 292496]
[LT] step 292750  lm_loss 0.1128  acc 0.9794  exact 0.8984 (~115/128) [halt step 292736]
[EVAL] step 292950  acc 0.8373  exact 1105/2048
[LT] step 293000  lm_loss 0.3649  acc 0.9727  exact 0.8594 (~110/128) [halt step 292992]
[LT] step 293250  lm_loss 0.6480  acc 0.9684  exact 0.8750 (~112/128) [halt step 293248]
[LT] step 293500  lm_loss 0.1695  acc 0.9653  exact 0.8359 (~107/128) [halt step 293488]
[LT] step 293750  lm_loss 0.4807  acc 0.9762  exact 0.8828 (~113/128) [halt step 293744]
[LT] step 294000  lm_loss 0.3213  acc 0.8751  exact 0.5938 (~76/128) [halt step 294000]
[LT] step 294250  lm_loss 0.2484  acc 0.9689  exact 0.8594 (~110/128) [halt step 294240]
[LT] step 294500  lm_loss 0.5339  acc 0.9671  exact 0.8594 (~110/128) [halt step 294496]
[LT] step 294750  lm_loss 0.1494  acc 0.9692  exact 0.8438 (~108/128) [halt step 294736]
[EVAL] step 294903  acc 0.8215  exact 1024/2048
[LT] step 295000  lm_loss 0.4268  acc 0.9752  exact 0.8750 (~112/128) [halt step 294992]
[LT] step 295250  lm_loss 0.6552  acc 0.9571  exact 0.8281 (~106/128) [halt step 295248]
[LT] step 295500  lm_loss 0.2088  acc 0.9562  exact 0.8125 (~104/128) [halt step 295488]
[LT] step 295750  lm_loss 0.4365  acc 0.9764  exact 0.8672 (~111/128) [halt step 295744]
[LT] step 296000  lm_loss 0.0605  acc 0.9803  exact 0.9141 (~117/128) [halt step 296000]
[LT] step 296250  lm_loss 0.3098  acc 0.9738  exact 0.8438 (~108/128) [halt step 296240]
[LT] step 296500  lm_loss 0.6272  acc 0.9648  exact 0.8672 (~111/128) [halt step 296496]
[LT] step 296750  lm_loss 0.1612  acc 0.9682  exact 0.8828 (~113/128) [halt step 296736]
[EVAL] step 296856  acc 0.8383  exact 1114/2048
[LT] step 297000  lm_loss 0.3586  acc 0.9712  exact 0.8828 (~113/128) [halt step 296992]
[LT] step 297250  lm_loss 0.6381  acc 0.9654  exact 0.8281 (~106/128) [halt step 297248]
[LT] step 297500  lm_loss 0.1753  acc 0.9710  exact 0.8672 (~111/128) [halt step 297488]
[LT] step 297750  lm_loss 0.5620  acc 0.9655  exact 0.8672 (~111/128) [halt step 297744]
[LT] step 298000  lm_loss 0.0608  acc 0.9865  exact 0.8828 (~113/128) [halt step 298000]
[LT] step 298250  lm_loss 0.2532  acc 0.9742  exact 0.8594 (~110/128) [halt step 298240]
[LT] step 298500  lm_loss 0.5559  acc 0.9864  exact 0.9062 (~116/128) [halt step 298496]
[LT] step 298750  lm_loss 0.1010  acc 0.9698  exact 0.8438 (~108/128) [halt step 298736]
[EVAL] step 298809  acc 0.8429  exact 1157/2048
[LT] step 299000  lm_loss 0.3174  acc 0.9741  exact 0.8906 (~114/128) [halt step 298992]
[LT] step 299250  lm_loss 0.6653  acc 0.9519  exact 0.7422 (~95/128) [halt step 299248]
[LT] step 299500  lm_loss 0.1887  acc 0.9610  exact 0.8516 (~109/128) [halt step 299488]
[LT] step 299750  lm_loss 0.4472  acc 0.9626  exact 0.8047 (~103/128) [halt step 299744]
[LT] step 300000  lm_loss 0.1002  acc 0.9657  exact 0.8750 (~112/128) [halt step 300000]
[LT] milestone 저장 step=300000 → /workspace/LinearTuring/2026-09-09/run_v17/milestones/step_300000.pt
[EXTRAP] step 300000  seg16 47.07%  best seg116 63.09%  (+16.02%p)  churn@128 0.04936  → /workspace/LinearTuring/2026-09-09/run_v17/milestones/extrap_step_300000.txt
[LT] step 300250  lm_loss 0.3080  acc 0.9715  exact 0.8594 (~110/128) [halt step 300240]
[LT] step 300500  lm_loss 0.6058  acc 0.9746  exact 0.8828 (~113/128) [halt step 300496]
[LT] step 300750  lm_loss 0.1392  acc 0.9716  exact 0.8516 (~109/128) [halt step 300736]
[EVAL] step 300762  acc 0.8387  exact 1109/2048
[LT] step 301000  lm_loss 0.3748  acc 0.9715  exact 0.7812 (~100/128) [halt step 300992]
[LT] step 301250  lm_loss 0.6365  acc 0.9881  exact 0.9219 (~118/128) [halt step 301248]
[LT] step 301500  lm_loss 0.2082  acc 0.9785  exact 0.8984 (~115/128) [halt step 301488]
[LT] step 301750  lm_loss 0.4980  acc 0.9563  exact 0.8281 (~106/128) [halt step 301744]
[LT] step 302000  lm_loss 0.0840  acc 0.9755  exact 0.8828 (~113/128) [halt step 302000]
[LT] step 302250  lm_loss 0.2583  acc 0.9664  exact 0.8516 (~109/128) [halt step 302240]
[LT] step 302500  lm_loss 0.5780  acc 0.9590  exact 0.7969 (~102/128) [halt step 302496]
[EVAL] step 302715  acc 0.8500  exact 1206/2048
[LT] step 302750  lm_loss 0.1389  acc 0.9804  exact 0.8984 (~115/128) [halt step 302736]
[LT] step 303000  lm_loss 0.3602  acc 0.9744  exact 0.8594 (~110/128) [halt step 302992]
[LT] step 303250  lm_loss 0.6393  acc 0.9815  exact 0.9062 (~116/128) [halt step 303248]
[LT] step 303500  lm_loss 0.1415  acc 0.9646  exact 0.8281 (~106/128) [halt step 303488]
[LT] step 303750  lm_loss 0.4518  acc 0.9676  exact 0.8516 (~109/128) [halt step 303744]
[LT] step 304000  lm_loss 0.0988  acc 0.9675  exact 0.8438 (~108/128) [halt step 304000]
[LT] step 304250  lm_loss 0.2540  acc 0.9669  exact 0.8594 (~110/128) [halt step 304240]
[LT] step 304500  lm_loss 0.5231  acc 0.9782  exact 0.8828 (~113/128) [halt step 304496]
[EVAL] step 304668  acc 0.8422  exact 1162/2048
[LT] step 304750  lm_loss 0.1370  acc 0.9793  exact 0.9141 (~117/128) [halt step 304736]
[LT] step 305000  lm_loss 0.3518  acc 0.9747  exact 0.8906 (~114/128) [halt step 304992]
[LT] step 305250  lm_loss 0.7042  acc 0.9716  exact 0.8828 (~113/128) [halt step 305248]
[LT] step 305500  lm_loss 0.2016  acc 0.9625  exact 0.7969 (~102/128) [halt step 305488]
[LT] step 305750  lm_loss 0.4524  acc 0.9657  exact 0.8359 (~107/128) [halt step 305744]
[LT] step 306000  lm_loss 0.0697  acc 0.9776  exact 0.9062 (~116/128) [halt step 306000]
[LT] step 306250  lm_loss 0.3880  acc 0.9719  exact 0.8750 (~112/128) [halt step 306240]
[LT] step 306500  lm_loss 0.5349  acc 0.9605  exact 0.7734 (~99/128) [halt step 306496]
[EVAL] step 306621  acc 0.8471  exact 1170/2048
[LT] step 306750  lm_loss 0.1382  acc 0.9592  exact 0.7891 (~101/128) [halt step 306736]
[LT] step 307000  lm_loss 0.4340  acc 0.9688  exact 0.8281 (~106/128) [halt step 306992]
[LT] step 307250  lm_loss 0.6651  acc 0.8985  exact 0.6953 (~89/128) [halt step 307248]
[LT] step 307500  lm_loss 0.1926  acc 0.9648  exact 0.8438 (~108/128) [halt step 307488]
[LT] step 307750  lm_loss 0.5337  acc 0.9638  exact 0.8125 (~104/128) [halt step 307744]
[LT] step 308000  lm_loss 0.0584  acc 0.9831  exact 0.9219 (~118/128) [halt step 308000]
[LT] step 308250  lm_loss 0.3011  acc 0.9584  exact 0.8125 (~104/128) [halt step 308240]
[LT] step 308500  lm_loss 0.6270  acc 0.9479  exact 0.7969 (~102/128) [halt step 308496]
[EVAL] step 308574  acc 0.8405  exact 1138/2048
[LT] step 308750  lm_loss 0.0995  acc 0.9639  exact 0.8125 (~104/128) [halt step 308736]
[LT] step 309000  lm_loss 0.3896  acc 0.9727  exact 0.8750 (~112/128) [halt step 308992]
[LT] step 309250  lm_loss 0.6720  acc 0.9531  exact 0.8125 (~104/128) [halt step 309248]
[LT] step 309500  lm_loss 0.1850  acc 0.9740  exact 0.8828 (~113/128) [halt step 309488]
[LT] step 309750  lm_loss 0.5344  acc 0.9706  exact 0.8672 (~111/128) [halt step 309744]
[LT] step 310000  lm_loss 0.0678  acc 0.9796  exact 0.8828 (~113/128) [halt step 310000]
[LT] step 310250  lm_loss 0.3642  acc 0.9841  exact 0.9062 (~116/128) [halt step 310240]
[LT] step 310500  lm_loss 0.5837  acc 0.9724  exact 0.8750 (~112/128) [halt step 310496]
[EVAL] step 310527  acc 0.8448  exact 1167/2048
[LT] step 310750  lm_loss 0.2185  acc 0.9808  exact 0.9219 (~118/128) [halt step 310736]
[LT] step 311000  lm_loss 0.3940  acc 0.9847  exact 0.9141 (~117/128) [halt step 310992]
[LT] step 311250  lm_loss 0.6414  acc 0.9742  exact 0.8594 (~110/128) [halt step 311248]
[LT] step 311500  lm_loss 0.2320  acc 0.9673  exact 0.8594 (~110/128) [halt step 311488]
[LT] step 311750  lm_loss 0.5028  acc 0.9693  exact 0.8594 (~110/128) [halt step 311744]
[LT] step 312000  lm_loss 0.0662  acc 0.9792  exact 0.8828 (~113/128) [halt step 312000]
[LT] step 312250  lm_loss 0.2687  acc 0.9747  exact 0.8359 (~107/128) [halt step 312240]
[EVAL] step 312480  acc 0.8462  exact 1197/2048
[LT] step 312500  lm_loss 0.5529  acc 0.9618  exact 0.8047 (~103/128) [halt step 312496]
[LT] step 312750  lm_loss 0.0991  acc 0.9858  exact 0.9141 (~117/128) [halt step 312736]
[LT] step 313000  lm_loss 0.4185  acc 0.9573  exact 0.8047 (~103/128) [halt step 312992]
[LT] step 313250  lm_loss 0.6862  acc 0.9250  exact 0.6562 (~84/128) [halt step 313248]
[LT] step 313500  lm_loss 0.1880  acc 0.9835  exact 0.9297 (~119/128) [halt step 313488]
[LT] step 313750  lm_loss 0.4926  acc 0.9507  exact 0.8047 (~103/128) [halt step 313744]
[LT] step 314000  lm_loss 0.0761  acc 0.9764  exact 0.8750 (~112/128) [halt step 314000]
[LT] step 314250  lm_loss 0.2664  acc 0.9667  exact 0.8750 (~112/128) [halt step 314240]
[EVAL] step 314433  acc 0.8530  exact 1234/2048
[LT] step 314500  lm_loss 0.5756  acc 0.9709  exact 0.8750 (~112/128) [halt step 314496]
[LT] step 314750  lm_loss 0.0754  acc 0.9837  exact 0.9219 (~118/128) [halt step 314736]
[LT] step 315000  lm_loss 0.3808  acc 0.9720  exact 0.8672 (~111/128) [halt step 314992]
[LT] step 315250  lm_loss 0.6653  acc 0.9677  exact 0.8047 (~103/128) [halt step 315248]
[LT] step 315500  lm_loss 0.2002  acc 0.9850  exact 0.9062 (~116/128) [halt step 315488]
[LT] step 315750  lm_loss 0.4652  acc 0.9733  exact 0.8906 (~114/128) [halt step 315744]
[LT] step 316000  lm_loss 0.1069  acc 0.9647  exact 0.8203 (~105/128) [halt step 316000]
[LT] step 316250  lm_loss 0.3335  acc 0.9625  exact 0.8125 (~104/128) [halt step 316240]
[EVAL] step 316386  acc 0.8488  exact 1192/2048
[LT] step 316500  lm_loss 0.5617  acc 0.9703  exact 0.8594 (~110/128) [halt step 316496]
[LT] step 316750  lm_loss 0.1317  acc 0.9648  exact 0.8359 (~107/128) [halt step 316736]
[LT] step 317000  lm_loss 0.3670  acc 0.9742  exact 0.8594 (~110/128) [halt step 316992]
[LT] step 317250  lm_loss 0.6191  acc 0.9770  exact 0.8906 (~114/128) [halt step 317248]
[LT] step 317500  lm_loss 0.1807  acc 0.9746  exact 0.8516 (~109/128) [halt step 317488]
[LT] step 317750  lm_loss 0.4922  acc 0.9754  exact 0.8594 (~110/128) [halt step 317744]
[LT] step 318000  lm_loss 0.0951  acc 0.9694  exact 0.8281 (~106/128) [halt step 318000]
[LT] step 318250  lm_loss 0.2783  acc 0.9439  exact 0.7578 (~97/128) [halt step 318240]
[EVAL] step 318339  acc 0.8415  exact 1141/2048
[LT] step 318500  lm_loss 0.6122  acc 0.9606  exact 0.8203 (~105/128) [halt step 318496]
[LT] step 318750  lm_loss 0.0913  acc 0.9611  exact 0.8203 (~105/128) [halt step 318736]
[LT] step 319000  lm_loss 0.3164  acc 0.9601  exact 0.8359 (~107/128) [halt step 318992]
[LT] step 319250  lm_loss 0.6329  acc 0.9511  exact 0.7578 (~97/128) [halt step 319248]
[LT] step 319500  lm_loss 0.1635  acc 0.9633  exact 0.8047 (~103/128) [halt step 319488]
[LT] step 319750  lm_loss 0.4884  acc 0.9813  exact 0.8984 (~115/128) [halt step 319744]
[LT] step 320000  lm_loss 0.0459  acc 0.9860  exact 0.9453 (~121/128) [halt step 320000]
[LT] step 320250  lm_loss 0.3973  acc 0.9614  exact 0.8516 (~109/128) [halt step 320240]
[EVAL] step 320292  acc 0.8501  exact 1220/2048
[LT] step 320500  lm_loss 0.5191  acc 0.9817  exact 0.8750 (~112/128) [halt step 320496]
[LT] step 320750  lm_loss 0.1764  acc 0.9631  exact 0.8203 (~105/128) [halt step 320736]
[LT] step 321000  lm_loss 0.3096  acc 0.9645  exact 0.8281 (~106/128) [halt step 320992]
[LT] step 321250  lm_loss 0.6929  acc 0.9765  exact 0.8750 (~112/128) [halt step 321248]
[LT] step 321500  lm_loss 0.1972  acc 0.9739  exact 0.8672 (~111/128) [halt step 321488]
[LT] step 321750  lm_loss 0.4647  acc 0.9809  exact 0.8750 (~112/128) [halt step 321744]
[LT] step 322000  lm_loss 0.0832  acc 0.9715  exact 0.8594 (~110/128) [halt step 322000]
[EVAL] step 322245  acc 0.8502  exact 1206/2048
[LT] step 322250  lm_loss 0.2734  acc 0.9793  exact 0.9062 (~116/128) [halt step 322240]
[LT] step 322500  lm_loss 0.5771  acc 0.9649  exact 0.8594 (~110/128) [halt step 322496]
[LT] step 322750  lm_loss 0.1214  acc 0.9694  exact 0.8516 (~109/128) [halt step 322736]
[LT] step 323000  lm_loss 0.3345  acc 0.9732  exact 0.8594 (~110/128) [halt step 322992]
[LT] step 323250  lm_loss 0.6387  acc 0.9667  exact 0.8125 (~104/128) [halt step 323248]
[LT] step 323500  lm_loss 0.2083  acc 0.9686  exact 0.8125 (~104/128) [halt step 323488]
[LT] step 323750  lm_loss 0.4558  acc 0.9837  exact 0.8906 (~114/128) [halt step 323744]
[LT] step 324000  lm_loss 0.0556  acc 0.9830  exact 0.8984 (~115/128) [halt step 324000]
[EVAL] step 324198  acc 0.8535  exact 1221/2048
[LT] step 324250  lm_loss 0.2857  acc 0.9788  exact 0.8906 (~114/128) [halt step 324240]
[LT] step 324500  lm_loss 0.5684  acc 0.9679  exact 0.8516 (~109/128) [halt step 324496]
[LT] step 324750  lm_loss 0.2028  acc 0.9684  exact 0.8594 (~110/128) [halt step 324736]
[LT] step 325000  lm_loss 0.3761  acc 0.9688  exact 0.8203 (~105/128) [halt step 324992]
[LT] step 325250  lm_loss 0.5983  acc 0.9741  exact 0.8828 (~113/128) [halt step 325248]
[LT] step 325500  lm_loss 0.1627  acc 0.9754  exact 0.8750 (~112/128) [halt step 325488]
[LT] step 325750  lm_loss 0.4728  acc 0.9764  exact 0.8906 (~114/128) [halt step 325744]
[LT] step 326000  lm_loss 0.0934  acc 0.9694  exact 0.8750 (~112/128) [halt step 326000]
[EVAL] step 326151  acc 0.8427  exact 1166/2048
[LT] step 326250  lm_loss 0.3379  acc 0.9518  exact 0.7812 (~100/128) [halt step 326240]
[LT] step 326500  lm_loss 0.6032  acc 0.9782  exact 0.8828 (~113/128) [halt step 326496]
[LT] step 326750  lm_loss 0.1332  acc 0.9682  exact 0.8359 (~107/128) [halt step 326736]
[LT] step 327000  lm_loss 0.3605  acc 0.9802  exact 0.8984 (~115/128) [halt step 326992]
[LT] step 327250  lm_loss 0.6921  acc 0.9356  exact 0.6953 (~89/128) [halt step 327248]
[LT] step 327500  lm_loss 0.1738  acc 0.9807  exact 0.9141 (~117/128) [halt step 327488]
[LT] step 327750  lm_loss 0.5601  acc 0.9524  exact 0.7734 (~99/128) [halt step 327744]
[LT] step 328000  lm_loss 0.0917  acc 0.9697  exact 0.8359 (~107/128) [halt step 328000]
[EVAL] step 328104  acc 0.6614  exact 118/2048
[LT] step 328250  lm_loss 0.2851  acc 0.9716  exact 0.8438 (~108/128) [halt step 328240]
[LT] step 328500  lm_loss 0.5588  acc 0.9766  exact 0.9062 (~116/128) [halt step 328496]
[LT] step 328750  lm_loss 0.2260  acc 0.9650  exact 0.8438 (~108/128) [halt step 328736]
[LT] step 329000  lm_loss 0.4077  acc 0.9663  exact 0.8281 (~106/128) [halt step 328992]
[LT] step 329250  lm_loss 0.6590  acc 0.9828  exact 0.9062 (~116/128) [halt step 329248]
[LT] step 329500  lm_loss 0.2120  acc 0.9744  exact 0.8672 (~111/128) [halt step 329488]
[LT] step 329750  lm_loss 0.4516  acc 0.9704  exact 0.8438 (~108/128) [halt step 329744]
[LT] step 330000  lm_loss 0.1121  acc 0.9636  exact 0.8203 (~105/128) [halt step 330000]
[EVAL] step 330057  acc 0.8349  exact 1093/2048
[LT] step 330250  lm_loss 0.2564  acc 0.9792  exact 0.9219 (~118/128) [halt step 330240]
[LT] step 330500  lm_loss 0.6277  acc 0.9465  exact 0.7656 (~98/128) [halt step 330496]
[LT] step 330750  lm_loss 0.1714  acc 0.9664  exact 0.8516 (~109/128) [halt step 330736]
[LT] step 331000  lm_loss 0.4522  acc 0.9820  exact 0.8828 (~113/128) [halt step 330992]
[LT] step 331250  lm_loss 0.6696  acc 0.9735  exact 0.8516 (~109/128) [halt step 331248]
[LT] step 331500  lm_loss 0.1799  acc 0.9512  exact 0.7891 (~101/128) [halt step 331488]
[LT] step 331750  lm_loss 0.4841  acc 0.9634  exact 0.8750 (~112/128) [halt step 331744]
[LT] step 332000  lm_loss 0.0868  acc 0.9718  exact 0.8906 (~114/128) [halt step 332000]
[EVAL] step 332010  acc 0.8482  exact 1184/2048
[LT] step 332250  lm_loss 0.3021  acc 0.9785  exact 0.8906 (~114/128) [halt step 332240]
[LT] step 332500  lm_loss 0.4946  acc 0.9764  exact 0.8984 (~115/128) [halt step 332496]
[LT] step 332750  lm_loss 0.2126  acc 0.9823  exact 0.8984 (~115/128) [halt step 332736]
[LT] step 333000  lm_loss 0.4248  acc 0.9613  exact 0.8125 (~104/128) [halt step 332992]
[LT] step 333250  lm_loss 0.6820  acc 0.9742  exact 0.8594 (~110/128) [halt step 333248]
[LT] step 333500  lm_loss 0.2099  acc 0.9701  exact 0.8125 (~104/128) [halt step 333488]
[LT] step 333750  lm_loss 0.4342  acc 0.9800  exact 0.9141 (~117/128) [halt step 333744]
[EVAL] step 333963  acc 0.8506  exact 1212/2048
[LT] step 334000  lm_loss 0.0618  acc 0.9803  exact 0.8984 (~115/128) [halt step 334000]
[LT] step 334250  lm_loss 0.2623  acc 0.9790  exact 0.8984 (~115/128) [halt step 334240]
[LT] step 334500  lm_loss 0.6125  acc 0.9803  exact 0.8984 (~115/128) [halt step 334496]
[LT] step 334750  lm_loss 0.1425  acc 0.9808  exact 0.8984 (~115/128) [halt step 334736]
[LT] step 335000  lm_loss 0.3768  acc 0.9726  exact 0.8672 (~111/128) [halt step 334992]
[LT] step 335250  lm_loss 0.6659  acc 0.9611  exact 0.8281 (~106/128) [halt step 335248]
[LT] step 335500  lm_loss 0.1512  acc 0.9820  exact 0.8984 (~115/128) [halt step 335488]
[LT] step 335750  lm_loss 0.4579  acc 0.9782  exact 0.8984 (~115/128) [halt step 335744]
[EVAL] step 335916  acc 0.8410  exact 1123/2048
[LT] step 336000  lm_loss 0.0581  acc 0.9814  exact 0.9141 (~117/128) [halt step 336000]
[LT] step 336250  lm_loss 0.3313  acc 0.9608  exact 0.8281 (~106/128) [halt step 336240]
[LT] step 336500  lm_loss 0.5399  acc 0.9760  exact 0.8750 (~112/128) [halt step 336496]
[LT] step 336750  lm_loss 0.1778  acc 0.9688  exact 0.8750 (~112/128) [halt step 336736]
[LT] step 337000  lm_loss 0.3130  acc 0.9733  exact 0.8438 (~108/128) [halt step 336992]
[LT] step 337250  lm_loss 0.6973  acc 0.9626  exact 0.8594 (~110/128) [halt step 337248]
[LT] step 337500  lm_loss 0.2969  acc 0.9626  exact 0.8438 (~108/128) [halt step 337488]
[LT] step 337750  lm_loss 0.4191  acc 0.9636  exact 0.8203 (~105/128) [halt step 337744]
[EVAL] step 337869  acc 0.8324  exact 1066/2048
[LT] step 338000  lm_loss 0.0870  acc 0.9726  exact 0.8516 (~109/128) [halt step 338000]
[LT] step 338250  lm_loss 0.3131  acc 0.9534  exact 0.7422 (~95/128) [halt step 338240]
[LT] step 338500  lm_loss 0.6156  acc 0.9620  exact 0.8516 (~109/128) [halt step 338496]
[LT] step 338750  lm_loss 0.1212  acc 0.9609  exact 0.8281 (~106/128) [halt step 338736]
[LT] step 339000  lm_loss 0.3772  acc 0.9660  exact 0.8516 (~109/128) [halt step 338992]
[LT] step 339250  lm_loss 0.6164  acc 0.9729  exact 0.8750 (~112/128) [halt step 339248]
[LT] step 339500  lm_loss 0.1625  acc 0.9733  exact 0.8672 (~111/128) [halt step 339488]
[LT] step 339750  lm_loss 0.4761  acc 0.9811  exact 0.8828 (~113/128) [halt step 339744]
[EVAL] step 339822  acc 0.8464  exact 1165/2048
[LT] step 340000  lm_loss 0.0862  acc 0.9722  exact 0.8906 (~114/128) [halt step 340000]
[LT] step 340250  lm_loss 0.2399  acc 0.9825  exact 0.8750 (~112/128) [halt step 340240]
[LT] step 340500  lm_loss 0.5595  acc 0.9780  exact 0.8984 (~115/128) [halt step 340496]
[LT] step 340750  lm_loss 0.1487  acc 0.9633  exact 0.8125 (~104/128) [halt step 340736]
[LT] step 341000  lm_loss 0.3780  acc 0.9566  exact 0.8281 (~106/128) [halt step 340992]
[LT] step 341250  lm_loss 0.6570  acc 0.9599  exact 0.8203 (~105/128) [halt step 341248]
[LT] step 341500  lm_loss 0.1807  acc 0.9417  exact 0.7812 (~100/128) [halt step 341488]
[LT] step 341750  lm_loss 0.4799  acc 0.9769  exact 0.8906 (~114/128) [halt step 341744]
[EVAL] step 341775  acc 0.8461  exact 1176/2048
[LT] step 342000  lm_loss 0.0790  acc 0.9761  exact 0.8672 (~111/128) [halt step 342000]
[LT] step 342250  lm_loss 0.2630  acc 0.9569  exact 0.7656 (~98/128) [halt step 342240]
[LT] step 342500  lm_loss 0.5987  acc 0.9745  exact 0.8984 (~115/128) [halt step 342496]
[LT] step 342750  lm_loss 0.2016  acc 0.9819  exact 0.8906 (~114/128) [halt step 342736]
[LT] step 343000  lm_loss 0.3587  acc 0.9782  exact 0.9219 (~118/128) [halt step 342992]
[LT] step 343250  lm_loss 0.6538  acc 0.9762  exact 0.8594 (~110/128) [halt step 343248]
[LT] step 343500  lm_loss 0.1297  acc 0.9847  exact 0.9297 (~119/128) [halt step 343488]
[EVAL] step 343728  acc 0.8404  exact 1135/2048
[LT] step 343750  lm_loss 0.4455  acc 0.9529  exact 0.7891 (~101/128) [halt step 343744]
[LT] step 344000  lm_loss 0.0656  acc 0.9800  exact 0.9141 (~117/128) [halt step 344000]
[LT] step 344250  lm_loss 0.3472  acc 0.9703  exact 0.8672 (~111/128) [halt step 344240]
[LT] step 344500  lm_loss 0.5627  acc 0.9681  exact 0.8281 (~106/128) [halt step 344496]
[LT] step 344750  lm_loss 0.1180  acc 0.9675  exact 0.8672 (~111/128) [halt step 344736]
[LT] step 345000  lm_loss 0.4239  acc 0.9714  exact 0.8516 (~109/128) [halt step 344992]
[LT] step 345250  lm_loss 0.6310  acc 0.9791  exact 0.9062 (~116/128) [halt step 345248]
[LT] step 345500  lm_loss 0.1916  acc 0.9718  exact 0.8750 (~112/128) [halt step 345488]
[EVAL] step 345681  acc 0.8436  exact 1138/2048
[LT] step 345750  lm_loss 0.4521  acc 0.9834  exact 0.9219 (~118/128) [halt step 345744]
[LT] step 346000  lm_loss 0.0542  acc 0.9826  exact 0.9062 (~116/128) [halt step 346000]
[LT] step 346250  lm_loss 0.3330  acc 0.9462  exact 0.7656 (~98/128) [halt step 346240]
[LT] step 346500  lm_loss 0.5852  acc 0.9808  exact 0.9219 (~118/128) [halt step 346496]
[LT] step 346750  lm_loss 0.1258  acc 0.9790  exact 0.9141 (~117/128) [halt step 346736]
[LT] step 347000  lm_loss 0.3378  acc 0.9778  exact 0.8672 (~111/128) [halt step 346992]
[LT] step 347250  lm_loss 0.6414  acc 0.9841  exact 0.8984 (~115/128) [halt step 347248]
[LT] step 347500  lm_loss 0.1604  acc 0.9567  exact 0.7969 (~102/128) [halt step 347488]
[EVAL] step 347634  acc 0.8428  exact 1151/2048
[LT] step 347750  lm_loss 0.4424  acc 0.9808  exact 0.9062 (~116/128) [halt step 347744]
[LT] step 348000  lm_loss 0.0848  acc 0.9721  exact 0.8750 (~112/128) [halt step 348000]
[LT] step 348250  lm_loss 0.3397  acc 0.9829  exact 0.9062 (~116/128) [halt step 348240]
[LT] step 348500  lm_loss 0.5577  acc 0.9639  exact 0.8828 (~113/128) [halt step 348496]
[LT] step 348750  lm_loss 0.1353  acc 0.9655  exact 0.8594 (~110/128) [halt step 348736]
[LT] step 349000  lm_loss 0.3769  acc 0.9868  exact 0.9219 (~118/128) [halt step 348992]
[LT] step 349250  lm_loss 0.6574  acc 0.9578  exact 0.8359 (~107/128) [halt step 349248]
[LT] step 349500  lm_loss 0.2142  acc 0.9499  exact 0.7969 (~102/128) [halt step 349488]
[EVAL] step 349587  acc 0.8480  exact 1182/2048
[LT] step 349750  lm_loss 0.4515  acc 0.9718  exact 0.8594 (~110/128) [halt step 349744]
[LT] step 350000  lm_loss 0.0756  acc 0.9754  exact 0.8750 (~112/128) [halt step 350000]
[LT] step 350250  lm_loss 0.2549  acc 0.9842  exact 0.8906 (~114/128) [halt step 350240]
[LT] step 350500  lm_loss 0.5409  acc 0.9453  exact 0.7422 (~95/128) [halt step 350496]
[LT] step 350750  lm_loss 0.1583  acc 0.9322  exact 0.6406 (~82/128) [halt step 350736]
[LT] step 351000  lm_loss 0.3623  acc 0.9847  exact 0.9062 (~116/128) [halt step 350992]
[LT] step 351250  lm_loss 0.6219  acc 0.9707  exact 0.8438 (~108/128) [halt step 351248]
[LT] step 351500  lm_loss 0.1804  acc 0.9814  exact 0.9141 (~117/128) [halt step 351488]
[EVAL] step 351540  acc 0.8428  exact 1148/2048
[LT] step 351750  lm_loss 0.4685  acc 0.9855  exact 0.9219 (~118/128) [halt step 351744]
[LT] step 352000  lm_loss 0.1322  acc 0.9538  exact 0.7969 (~102/128) [halt step 352000]
[LT] step 352250  lm_loss 0.2503  acc 0.9701  exact 0.8594 (~110/128) [halt step 352240]
[LT] step 352500  lm_loss 0.5999  acc 0.9523  exact 0.8125 (~104/128) [halt step 352496]
[LT] step 352750  lm_loss 0.1240  acc 0.9752  exact 0.8281 (~106/128) [halt step 352736]
[LT] step 353000  lm_loss 0.3606  acc 0.9856  exact 0.9062 (~116/128) [halt step 352992]
[LT] step 353250  lm_loss 0.6574  acc 0.9622  exact 0.7969 (~102/128) [halt step 353248]
[EVAL] step 353493  acc 0.8366  exact 1110/2048
[LT] step 353500  lm_loss 0.3006  acc 0.9716  exact 0.8516 (~109/128) [halt step 353488]
[LT] step 353750  lm_loss 0.4790  acc 0.9855  exact 0.9219 (~118/128) [halt step 353744]
[LT] step 354000  lm_loss 0.1369  acc 0.9504  exact 0.8281 (~106/128) [halt step 354000]
[LT] step 354250  lm_loss 0.2937  acc 0.9739  exact 0.8984 (~115/128) [halt step 354240]
[LT] step 354500  lm_loss 0.5103  acc 0.9691  exact 0.8516 (~109/128) [halt step 354496]
[LT] step 354750  lm_loss 0.1250  acc 0.9696  exact 0.8750 (~112/128) [halt step 354736]
[LT] step 355000  lm_loss 0.3706  acc 0.9813  exact 0.8750 (~112/128) [halt step 354992]
[LT] step 355250  lm_loss 0.6163  acc 0.9826  exact 0.8750 (~112/128) [halt step 355248]
[EVAL] step 355446  acc 0.8439  exact 1138/2048
[LT] step 355500  lm_loss 0.2287  acc 0.9722  exact 0.8281 (~106/128) [halt step 355488]
[LT] step 355750  lm_loss 0.5263  acc 0.9756  exact 0.8906 (~114/128) [halt step 355744]
[LT] step 356000  lm_loss 0.0724  acc 0.9787  exact 0.8750 (~112/128) [halt step 356000]
[LT] step 356250  lm_loss 0.2549  acc 0.9741  exact 0.8594 (~110/128) [halt step 356240]
[LT] step 356500  lm_loss 0.5865  acc 0.9688  exact 0.8047 (~103/128) [halt step 356496]
[LT] step 356750  lm_loss 0.1267  acc 0.9637  exact 0.8047 (~103/128) [halt step 356736]
[LT] step 357000  lm_loss 0.4358  acc 0.9738  exact 0.8750 (~112/128) [halt step 356992]
[LT] step 357250  lm_loss 0.6244  acc 0.9804  exact 0.8828 (~113/128) [halt step 357248]
[EVAL] step 357399  acc 0.8427  exact 1123/2048
[LT] step 357500  lm_loss 0.1896  acc 0.9644  exact 0.8516 (~109/128) [halt step 357488]
[LT] step 357750  lm_loss 0.4262  acc 0.9858  exact 0.9375 (~120/128) [halt step 357744]
[LT] step 358000  lm_loss 0.0997  acc 0.9668  exact 0.8359 (~107/128) [halt step 358000]
[LT] step 358250  lm_loss 0.2933  acc 0.9676  exact 0.8750 (~112/128) [halt step 358240]
[LT] step 358500  lm_loss 0.6016  acc 0.9779  exact 0.8906 (~114/128) [halt step 358496]
[LT] step 358750  lm_loss 0.1710  acc 0.9623  exact 0.7891 (~101/128) [halt step 358736]
[LT] step 359000  lm_loss 0.4405  acc 0.9283  exact 0.7109 (~91/128) [halt step 358992]
[LT] step 359250  lm_loss 0.6548  acc 0.9659  exact 0.8750 (~112/128) [halt step 359248]
[EVAL] step 359352  acc 0.8474  exact 1168/2048
[LT] step 359500  lm_loss 0.2629  acc 0.9025  exact 0.5703 (~73/128) [halt step 359488]
[LT] step 359750  lm_loss 0.4228  acc 0.9752  exact 0.8750 (~112/128) [halt step 359744]
[LT] step 360000  lm_loss 0.0858  acc 0.9699  exact 0.8672 (~111/128) [halt step 360000]
[LT] step 360250  lm_loss 0.2545  acc 0.9618  exact 0.8594 (~110/128) [halt step 360240]
[LT] step 360500  lm_loss 0.6102  acc 0.9521  exact 0.7969 (~102/128) [halt step 360496]
[LT] step 360750  lm_loss 0.2116  acc 0.9867  exact 0.9453 (~121/128) [halt step 360736]
[LT] step 361000  lm_loss 0.4534  acc 0.9745  exact 0.8594 (~110/128) [halt step 360992]
[LT] step 361250  lm_loss 0.6570  acc 0.9583  exact 0.7656 (~98/128) [halt step 361248]
[EVAL] step 361305  acc 0.8274  exact 1026/2048
[LT] step 361500  lm_loss 0.2501  acc 0.9623  exact 0.7891 (~101/128) [halt step 361488]
[LT] step 361750  lm_loss 0.4584  acc 0.9871  exact 0.9219 (~118/128) [halt step 361744]
[LT] step 362000  lm_loss 0.1180  acc 0.9601  exact 0.8203 (~105/128) [halt step 362000]
[LT] step 362250  lm_loss 0.3007  acc 0.9893  exact 0.9531 (~122/128) [halt step 362240]
[LT] step 362500  lm_loss 0.5817  acc 0.9741  exact 0.8516 (~109/128) [halt step 362496]
[LT] step 362750  lm_loss 0.0898  acc 0.9754  exact 0.8516 (~109/128) [halt step 362736]
[LT] step 363000  lm_loss 0.3989  acc 0.9753  exact 0.8828 (~113/128) [halt step 362992]
[LT] step 363250  lm_loss 0.5884  acc 0.9631  exact 0.8516 (~109/128) [halt step 363248]
[EVAL] step 363258  acc 0.8431  exact 1147/2048
[LT] step 363500  lm_loss 0.2030  acc 0.9886  exact 0.9219 (~118/128) [halt step 363488]
[LT] step 363750  lm_loss 0.4139  acc 0.9862  exact 0.8906 (~114/128) [halt step 363744]
[LT] step 364000  lm_loss 0.0926  acc 0.9693  exact 0.8438 (~108/128) [halt step 364000]
[LT] step 364250  lm_loss 0.3287  acc 0.9820  exact 0.9297 (~119/128) [halt step 364240]
[LT] step 364500  lm_loss 0.5654  acc 0.9769  exact 0.8828 (~113/128) [halt step 364496]
[LT] step 364750  lm_loss 0.2012  acc 0.9709  exact 0.8750 (~112/128) [halt step 364736]
[LT] step 365000  lm_loss 0.3717  acc 0.9658  exact 0.8438 (~108/128) [halt step 364992]
[EVAL] step 365211  acc 0.8296  exact 1044/2048
[LT] step 365250  lm_loss 0.6201  acc 0.9661  exact 0.8516 (~109/128) [halt step 365248]
[LT] step 365500  lm_loss 0.1605  acc 0.9475  exact 0.7422 (~95/128) [halt step 365488]
[LT] step 365750  lm_loss 0.5274  acc 0.9660  exact 0.8516 (~109/128) [halt step 365744]
[LT] step 366000  lm_loss 0.0660  acc 0.9800  exact 0.8750 (~112/128) [halt step 366000]
[LT] step 366250  lm_loss 0.2818  acc 0.9788  exact 0.8828 (~113/128) [halt step 366240]
[LT] step 366500  lm_loss 0.6001  acc 0.9708  exact 0.8281 (~106/128) [halt step 366496]
[LT] step 366750  lm_loss 0.1817  acc 0.9855  exact 0.9141 (~117/128) [halt step 366736]
[LT] step 367000  lm_loss 0.3458  acc 0.9677  exact 0.8594 (~110/128) [halt step 366992]
[EVAL] step 367164  acc 0.8390  exact 1125/2048
[LT] step 367250  lm_loss 0.6620  acc 0.9596  exact 0.8203 (~105/128) [halt step 367248]
[LT] step 367500  lm_loss 0.1634  acc 0.9765  exact 0.8125 (~104/128) [halt step 367488]
[LT] step 367750  lm_loss 0.4456  acc 0.9624  exact 0.8281 (~106/128) [halt step 367744]
[LT] step 368000  lm_loss 0.1774  acc 0.9333  exact 0.7344 (~94/128) [halt step 368000]
[LT] step 368250  lm_loss 0.2785  acc 0.9577  exact 0.8047 (~103/128) [halt step 368240]
[LT] step 368500  lm_loss 0.6149  acc 0.9720  exact 0.8750 (~112/128) [halt step 368496]
[LT] step 368750  lm_loss 0.1350  acc 0.9659  exact 0.8594 (~110/128) [halt step 368736]
[LT] step 369000  lm_loss 0.3810  acc 0.9445  exact 0.7422 (~95/128) [halt step 368992]
[EVAL] step 369117  acc 0.8472  exact 1202/2048
[LT] step 369250  lm_loss 0.6489  acc 0.9636  exact 0.8594 (~110/128) [halt step 369248]
[LT] step 369500  lm_loss 0.1407  acc 0.9717  exact 0.8750 (~112/128) [halt step 369488]
[LT] step 369750  lm_loss 0.5167  acc 0.9524  exact 0.8125 (~104/128) [halt step 369744]
[LT] step 370000  lm_loss 0.0687  acc 0.9799  exact 0.8750 (~112/128) [halt step 370000]
[LT] step 370250  lm_loss 0.2406  acc 0.9796  exact 0.8828 (~113/128) [halt step 370240]
[LT] step 370500  lm_loss 0.5404  acc 0.9722  exact 0.8750 (~112/128) [halt step 370496]
[LT] step 370750  lm_loss 0.1902  acc 0.9610  exact 0.8438 (~108/128) [halt step 370736]
[LT] step 371000  lm_loss 0.3529  acc 0.9675  exact 0.8281 (~106/128) [halt step 370992]
[EVAL] step 371070  acc 0.8400  exact 1120/2048
[LT] step 371250  lm_loss 0.6388  acc 0.9755  exact 0.8516 (~109/128) [halt step 371248]
[LT] step 371500  lm_loss 0.1963  acc 0.9492  exact 0.7734 (~99/128) [halt step 371488]
[LT] step 371750  lm_loss 0.4635  acc 0.9726  exact 0.8828 (~113/128) [halt step 371744]
[LT] step 372000  lm_loss 0.0900  acc 0.9719  exact 0.8438 (~108/128) [halt step 372000]
[LT] step 372250  lm_loss 0.2594  acc 0.9600  exact 0.8047 (~103/128) [halt step 372240]
[LT] step 372500  lm_loss 0.5911  acc 0.9779  exact 0.9062 (~116/128) [halt step 372496]
[LT] step 372750  lm_loss 0.1587  acc 0.9789  exact 0.8672 (~111/128) [halt step 372736]
[LT] step 373000  lm_loss 0.4075  acc 0.9774  exact 0.8828 (~113/128) [halt step 372992]
[EVAL] step 373023  acc 0.8404  exact 1118/2048
[LT] step 373250  lm_loss 0.6553  acc 0.9730  exact 0.8672 (~111/128) [halt step 373248]
[LT] step 373500  lm_loss 0.1826  acc 0.9633  exact 0.7969 (~102/128) [halt step 373488]
[LT] step 373750  lm_loss 0.4499  acc 0.9580  exact 0.8047 (~103/128) [halt step 373744]
[LT] step 374000  lm_loss 0.1403  acc 0.9527  exact 0.8047 (~103/128) [halt step 374000]
[LT] step 374250  lm_loss 0.3145  acc 0.9775  exact 0.8594 (~110/128) [halt step 374240]
[LT] step 374500  lm_loss 0.5638  acc 0.9646  exact 0.8438 (~108/128) [halt step 374496]
[LT] step 374750  lm_loss 0.1939  acc 0.9697  exact 0.8672 (~111/128) [halt step 374736]
[EVAL] step 374976  acc 0.8313  exact 1051/2048
[LT] step 375000  lm_loss 0.3841  acc 0.9692  exact 0.8516 (~109/128) [halt step 374992]
[LT] step 375250  lm_loss 0.6796  acc 0.9446  exact 0.7578 (~97/128) [halt step 375248]
[LT] step 375500  lm_loss 0.2143  acc 0.9671  exact 0.8438 (~108/128) [halt step 375488]
[LT] step 375750  lm_loss 0.5799  acc 0.9697  exact 0.8125 (~104/128) [halt step 375744]
[LT] step 376000  lm_loss 0.0882  acc 0.9741  exact 0.8672 (~111/128) [halt step 376000]
[LT] step 376250  lm_loss 0.2874  acc 0.9779  exact 0.8906 (~114/128) [halt step 376240]
[LT] step 376500  lm_loss 0.5949  acc 0.9842  exact 0.9219 (~118/128) [halt step 376496]
[LT] step 376750  lm_loss 0.1395  acc 0.9698  exact 0.8203 (~105/128) [halt step 376736]
[EVAL] step 376929  acc 0.8286  exact 1031/2048
[LT] step 377000  lm_loss 0.3999  acc 0.9253  exact 0.7422 (~95/128) [halt step 376992]
[LT] step 377250  lm_loss 0.6755  acc 0.9481  exact 0.7812 (~100/128) [halt step 377248]
[LT] step 377500  lm_loss 0.3327  acc 0.9832  exact 0.8906 (~114/128) [halt step 377488]
[LT] step 377750  lm_loss 0.5578  acc 0.9787  exact 0.8906 (~114/128) [halt step 377744]
[LT] step 378000  lm_loss 0.1323  acc 0.9579  exact 0.8203 (~105/128) [halt step 378000]
[LT] step 378250  lm_loss 0.3136  acc 0.9652  exact 0.8750 (~112/128) [halt step 378240]
[LT] step 378500  lm_loss 0.5519  acc 0.9732  exact 0.8750 (~112/128) [halt step 378496]
[LT] step 378750  lm_loss 0.1541  acc 0.9835  exact 0.9297 (~119/128) [halt step 378736]
[EVAL] step 378882  acc 0.8355  exact 1100/2048
[LT] step 379000  lm_loss 0.3667  acc 0.9704  exact 0.8359 (~107/128) [halt step 378992]
[LT] step 379250  lm_loss 0.6341  acc 0.9593  exact 0.8516 (~109/128) [halt step 379248]
[LT] step 379500  lm_loss 0.1908  acc 0.9750  exact 0.8984 (~115/128) [halt step 379488]
[LT] step 379750  lm_loss 0.4933  acc 0.9695  exact 0.8672 (~111/128) [halt step 379744]
[LT] step 380000  lm_loss 0.0622  acc 0.9818  exact 0.9062 (~116/128) [halt step 380000]
[LT] step 380250  lm_loss 0.3609  acc 0.9881  exact 0.9141 (~117/128) [halt step 380240]
[LT] step 380500  lm_loss 0.5966  acc 0.9789  exact 0.8750 (~112/128) [halt step 380496]
[LT] step 380750  lm_loss 0.1370  acc 0.9767  exact 0.9062 (~116/128) [halt step 380736]
